[
  {
    "value": "twitter",
    "synonyms": [
      "twitter"
    ]
  },
  {
    "value": "facebook",
    "synonyms": [
      "facebook",
      "fb"
    ]
  },
  {
    "value": "instagram",
    "synonyms": [
      "instagram"
    ]
  },
  {
    "value": "google",
    "synonyms": [
      "google"
    ]
  },
  {
    "value": "twitter",
    "synonyms": [
      "twitter"
    ]
  },
  {
    "value": "facebook",
    "synonyms": [
      "facebook",
      "fb"
    ]
  },
  {
    "value": "instagram",
    "synonyms": [
      "instagram"
    ]
  },
  {
    "value": "google",
    "synonyms": [
      "google"
    ]
  },
  {
    "value": "43 Things",
    "synonyms": [
      "43 Things"
    ]
  },
  {
    "value": "About dot me",
    "synonyms": [
      "About dot me"
    ]
  },
  {
    "value": "Academia dot edu",
    "synonyms": [
      "Academia dot edu"
    ]
  },
  {
    "value": "Advogato",
    "synonyms": [
      "Advogato"
    ]
  },
  {
    "value": "aNobii",
    "synonyms": [
      "aNobii"
    ]
  },
  {
    "value": "AsianAvenue",
    "synonyms": [
      "AsianAvenue"
    ]
  },
  {
    "value": "aSmallWorld",
    "synonyms": [
      "aSmallWorld"
    ]
  },
  {
    "value": "Athlinks",
    "synonyms": [
      "Athlinks"
    ]
  },
  {
    "value": "Audimated dot com",
    "synonyms": [
      "Audimated dot com"
    ]
  },
  {
    "value": "Bebo",
    "synonyms": [
      "Bebo"
    ]
  },
  {
    "value": "Biip dot no",
    "synonyms": [
      "Biip dot no"
    ]
  },
  {
    "value": "BlackPlanet",
    "synonyms": [
      "BlackPlanet"
    ]
  },
  {
    "value": "Bolt dot com",
    "synonyms": [
      "Bolt dot com"
    ]
  },
  {
    "value": "Busuu",
    "synonyms": [
      "Busuu"
    ]
  },
  {
    "value": "Buzznet",
    "synonyms": [
      "Buzznet"
    ]
  },
  {
    "value": "CafeMom",
    "synonyms": [
      "CafeMom"
    ]
  },
  {
    "value": "Care2",
    "synonyms": [
      "Care2"
    ]
  },
  {
    "value": "CaringBridge",
    "synonyms": [
      "CaringBridge"
    ]
  },
  {
    "value": "Classmates dot com",
    "synonyms": [
      "Classmates dot com"
    ]
  },
  {
    "value": "Cloob",
    "synonyms": [
      "Cloob"
    ]
  },
  {
    "value": "ClusterFlunk",
    "synonyms": [
      "ClusterFlunk"
    ]
  },
  {
    "value": "CouchSurfing",
    "synonyms": [
      "CouchSurfing"
    ]
  },
  {
    "value": "CozyCot",
    "synonyms": [
      "CozyCot"
    ]
  },
  {
    "value": "Cross dot tv",
    "synonyms": [
      "Cross dot tv"
    ]
  },
  {
    "value": "Crunchyroll",
    "synonyms": [
      "Crunchyroll"
    ]
  },
  {
    "value": "Cucumbertown",
    "synonyms": [
      "Cucumbertown"
    ]
  },
  {
    "value": "Cyworld",
    "synonyms": [
      "Cyworld"
    ]
  },
  {
    "value": "DailyBooth",
    "synonyms": [
      "DailyBooth"
    ]
  },
  {
    "value": "DailyStrength",
    "synonyms": [
      "DailyStrength"
    ]
  },
  {
    "value": "delicious",
    "synonyms": [
      "delicious"
    ]
  },
  {
    "value": "DeviantArt",
    "synonyms": [
      "DeviantArt"
    ]
  },
  {
    "value": "Diaspora*",
    "synonyms": [
      "Diaspora*"
    ]
  },
  {
    "value": "Disaboom",
    "synonyms": [
      "Disaboom"
    ]
  },
  {
    "value": "Dol2day",
    "synonyms": [
      "Dol2day"
    ]
  },
  {
    "value": "DontStayIn",
    "synonyms": [
      "DontStayIn"
    ]
  },
  {
    "value": "douban",
    "synonyms": [
      "douban"
    ]
  },
  {
    "value": "Doximity",
    "synonyms": [
      "Doximity"
    ]
  },
  {
    "value": "Draugiem dot lv",
    "synonyms": [
      "Draugiem dot lv"
    ]
  },
  {
    "value": "Dreamwidth",
    "synonyms": [
      "Dreamwidth"
    ]
  },
  {
    "value": "DXY dot cn",
    "synonyms": [
      "DXY dot cn"
    ]
  },
  {
    "value": "Elftown",
    "synonyms": [
      "Elftown"
    ]
  },
  {
    "value": "Elixio",
    "synonyms": [
      "Elixio"
    ]
  },
  {
    "value": "Ello",
    "synonyms": [
      "Ello"
    ]
  },
  {
    "value": "English, baby",
    "synonyms": [
      "English, baby"
    ]
  },
  {
    "value": "Eons dot com",
    "synonyms": [
      "Eons dot com"
    ]
  },
  {
    "value": "Epernicus",
    "synonyms": [
      "Epernicus"
    ]
  },
  {
    "value": "eToro",
    "synonyms": [
      "eToro"
    ]
  },
  {
    "value": "Experience Project",
    "synonyms": [
      "Experience Project"
    ]
  },
  {
    "value": "Exploroo",
    "synonyms": [
      "Exploroo"
    ]
  },
  {
    "value": "Facebook",
    "synonyms": [
      "Facebook"
    ]
  },
  {
    "value": "Faceparty",
    "synonyms": [
      "Faceparty"
    ]
  },
  {
    "value": "Fetlife",
    "synonyms": [
      "Fetlife"
    ]
  },
  {
    "value": "FilmAffinity",
    "synonyms": [
      "FilmAffinity"
    ]
  },
  {
    "value": "Filmow",
    "synonyms": [
      "Filmow"
    ]
  },
  {
    "value": "FledgeWing",
    "synonyms": [
      "FledgeWing"
    ]
  },
  {
    "value": "Flickr",
    "synonyms": [
      "Flickr"
    ]
  },
  {
    "value": "Flixster",
    "synonyms": [
      "Flixster"
    ]
  },
  {
    "value": "Focus dot com",
    "synonyms": [
      "Focus dot com"
    ]
  },
  {
    "value": "Fotki",
    "synonyms": [
      "Fotki"
    ]
  },
  {
    "value": "Fotolog",
    "synonyms": [
      "Fotolog"
    ]
  },
  {
    "value": "Foursquare",
    "synonyms": [
      "Foursquare"
    ]
  },
  {
    "value": "Friendica",
    "synonyms": [
      "Friendica"
    ]
  },
  {
    "value": "Friends Reunited",
    "synonyms": [
      "Friends Reunited"
    ]
  },
  {
    "value": "Friendster",
    "synonyms": [
      "Friendster"
    ]
  },
  {
    "value": "Fuelmyblog",
    "synonyms": [
      "Fuelmyblog"
    ]
  },
  {
    "value": "Gaia Online",
    "synonyms": [
      "Gaia Online"
    ]
  },
  {
    "value": "GamerDNA",
    "synonyms": [
      "GamerDNA"
    ]
  },
  {
    "value": "Gapyear dot com",
    "synonyms": [
      "Gapyear dot com"
    ]
  },
  {
    "value": "Gather dot com",
    "synonyms": [
      "Gather dot com"
    ]
  },
  {
    "value": "Gays dot com",
    "synonyms": [
      "Gays dot com"
    ]
  },
  {
    "value": "Geni dot com",
    "synonyms": [
      "Geni dot com"
    ]
  },
  {
    "value": "Gentlemint",
    "synonyms": [
      "Gentlemint"
    ]
  },
  {
    "value": "GetGlue",
    "synonyms": [
      "GetGlue"
    ]
  },
  {
    "value": "GirlsAskGuys",
    "synonyms": [
      "GirlsAskGuys"
    ]
  },
  {
    "value": "Gogoyoko",
    "synonyms": [
      "Gogoyoko"
    ]
  },
  {
    "value": "Goodreads",
    "synonyms": [
      "Goodreads"
    ]
  },
  {
    "value": "Goodwizz",
    "synonyms": [
      "Goodwizz"
    ]
  },
  {
    "value": "Google plus",
    "synonyms": [
      "Google plus"
    ]
  },
  {
    "value": "GovLoop",
    "synonyms": [
      "GovLoop"
    ]
  },
  {
    "value": "Grono dot net",
    "synonyms": [
      "Grono dot net"
    ]
  },
  {
    "value": "Habbo",
    "synonyms": [
      "Habbo"
    ]
  },
  {
    "value": "hi5",
    "synonyms": [
      "hi5"
    ]
  },
  {
    "value": "Hospitality Club",
    "synonyms": [
      "Hospitality Club"
    ]
  },
  {
    "value": "Hotlist",
    "synonyms": [
      "Hotlist"
    ]
  },
  {
    "value": "HR dot com",
    "synonyms": [
      "HR dot com"
    ]
  },
  {
    "value": "Hub Culture",
    "synonyms": [
      "Hub Culture"
    ]
  },
  {
    "value": "Ibibo",
    "synonyms": [
      "Ibibo"
    ]
  },
  {
    "value": "Identi dot ca",
    "synonyms": [
      "Identi dot ca"
    ]
  },
  {
    "value": "Indaba Music",
    "synonyms": [
      "Indaba Music"
    ]
  },
  {
    "value": "Influenster",
    "synonyms": [
      "Influenster"
    ]
  },
  {
    "value": "Instagram",
    "synonyms": [
      "Instagram"
    ]
  },
  {
    "value": "IRC Galleria",
    "synonyms": [
      "IRC Galleria"
    ]
  },
  {
    "value": "italki dot com",
    "synonyms": [
      "italki dot com"
    ]
  },
  {
    "value": "Itsmy",
    "synonyms": [
      "Itsmy"
    ]
  },
  {
    "value": "iWiW",
    "synonyms": [
      "iWiW"
    ]
  },
  {
    "value": "Jaiku",
    "synonyms": [
      "Jaiku"
    ]
  },
  {
    "value": "Jiepang",
    "synonyms": [
      "Jiepang"
    ]
  },
  {
    "value": "Kaixin001",
    "synonyms": [
      "Kaixin001"
    ]
  },
  {
    "value": "Kiwibox",
    "synonyms": [
      "Kiwibox"
    ]
  },
  {
    "value": "Lafango",
    "synonyms": [
      "Lafango"
    ]
  },
  {
    "value": "LaiBhaari",
    "synonyms": [
      "LaiBhaari"
    ]
  },
  {
    "value": "Last dot fm",
    "synonyms": [
      "Last dot fm"
    ]
  },
  {
    "value": "Late Night Shots",
    "synonyms": [
      "Late Night Shots"
    ]
  },
  {
    "value": "LibraryThing",
    "synonyms": [
      "LibraryThing"
    ]
  },
  {
    "value": "Lifeknot",
    "synonyms": [
      "Lifeknot"
    ]
  },
  {
    "value": "LinkedIn",
    "synonyms": [
      "LinkedIn"
    ]
  },
  {
    "value": "LinkExpats",
    "synonyms": [
      "LinkExpats"
    ]
  },
  {
    "value": "Listography",
    "synonyms": [
      "Listography"
    ]
  },
  {
    "value": "LiveJournal",
    "synonyms": [
      "LiveJournal"
    ]
  },
  {
    "value": "Livemocha",
    "synonyms": [
      "Livemocha"
    ]
  },
  {
    "value": "Makeoutclub",
    "synonyms": [
      "Makeoutclub"
    ]
  },
  {
    "value": "MEETin",
    "synonyms": [
      "MEETin"
    ]
  },
  {
    "value": "Meettheboss",
    "synonyms": [
      "Meettheboss"
    ]
  },
  {
    "value": "Meetup",
    "synonyms": [
      "Meetup"
    ]
  },
  {
    "value": "MillatFacebook",
    "synonyms": [
      "MillatFacebook"
    ]
  },
  {
    "value": "mixi",
    "synonyms": [
      "mixi"
    ]
  },
  {
    "value": "MocoSpace",
    "synonyms": [
      "MocoSpace"
    ]
  },
  {
    "value": "MOG",
    "synonyms": [
      "MOG"
    ]
  },
  {
    "value": "MouthShut dot com",
    "synonyms": [
      "MouthShut dot com"
    ]
  },
  {
    "value": "Mubi",
    "synonyms": [
      "Mubi"
    ]
  },
  {
    "value": "My Opera",
    "synonyms": [
      "My Opera"
    ]
  },
  {
    "value": "MyHeritage",
    "synonyms": [
      "MyHeritage"
    ]
  },
  {
    "value": "MyLife",
    "synonyms": [
      "MyLife"
    ]
  },
  {
    "value": "Myspace",
    "synonyms": [
      "Myspace"
    ]
  },
  {
    "value": "Nasza klasa dot pl",
    "synonyms": [
      "Nasza klasa dot pl"
    ]
  },
  {
    "value": "Netlog",
    "synonyms": [
      "Netlog"
    ]
  },
  {
    "value": "Nexopia",
    "synonyms": [
      "Nexopia"
    ]
  },
  {
    "value": "NGO Post",
    "synonyms": [
      "NGO Post"
    ]
  },
  {
    "value": "Ning",
    "synonyms": [
      "Ning"
    ]
  },
  {
    "value": "Odnoklassniki",
    "synonyms": [
      "Odnoklassniki"
    ]
  },
  {
    "value": "Open Diary",
    "synonyms": [
      "Open Diary"
    ]
  },
  {
    "value": "Orkut",
    "synonyms": [
      "Orkut"
    ]
  },
  {
    "value": "OUTeverywhere",
    "synonyms": [
      "OUTeverywhere"
    ]
  },
  {
    "value": "Partyflock",
    "synonyms": [
      "Partyflock"
    ]
  },
  {
    "value": "PatientsLikeMe",
    "synonyms": [
      "PatientsLikeMe"
    ]
  },
  {
    "value": "Pingsta",
    "synonyms": [
      "Pingsta"
    ]
  },
  {
    "value": "Pinterest",
    "synonyms": [
      "Pinterest"
    ]
  },
  {
    "value": "Plaxo",
    "synonyms": [
      "Plaxo"
    ]
  },
  {
    "value": "Playfire",
    "synonyms": [
      "Playfire"
    ]
  },
  {
    "value": "Playlist dot com",
    "synonyms": [
      "Playlist dot com"
    ]
  },
  {
    "value": "Plurk",
    "synonyms": [
      "Plurk"
    ]
  },
  {
    "value": "Poolwo",
    "synonyms": [
      "Poolwo"
    ]
  },
  {
    "value": "Qapacity",
    "synonyms": [
      "Qapacity"
    ]
  },
  {
    "value": "Quechup",
    "synonyms": [
      "Quechup"
    ]
  },
  {
    "value": "Qzone",
    "synonyms": [
      "Qzone"
    ]
  },
  {
    "value": "Raptr",
    "synonyms": [
      "Raptr"
    ]
  },
  {
    "value": "Ravelry",
    "synonyms": [
      "Ravelry"
    ]
  },
  {
    "value": "Renren",
    "synonyms": [
      "Renren"
    ]
  },
  {
    "value": "ReverbNation dot com",
    "synonyms": [
      "ReverbNation dot com"
    ]
  },
  {
    "value": "Ryze",
    "synonyms": [
      "Ryze"
    ]
  },
  {
    "value": "ScienceStage",
    "synonyms": [
      "ScienceStage"
    ]
  },
  {
    "value": "Sgrouples",
    "synonyms": [
      "Sgrouples"
    ]
  },
  {
    "value": "ShareTheMusic",
    "synonyms": [
      "ShareTheMusic"
    ]
  },
  {
    "value": "Shelfari",
    "synonyms": [
      "Shelfari"
    ]
  },
  {
    "value": "Sina Weibo",
    "synonyms": [
      "Sina Weibo"
    ]
  },
  {
    "value": "Skoob",
    "synonyms": [
      "Skoob"
    ]
  },
  {
    "value": "Skyrock",
    "synonyms": [
      "Skyrock"
    ]
  },
  {
    "value": "Smartican",
    "synonyms": [
      "Smartican"
    ]
  },
  {
    "value": "SocialVibe",
    "synonyms": [
      "SocialVibe"
    ]
  },
  {
    "value": "Sonico dot com",
    "synonyms": [
      "Sonico dot com"
    ]
  },
  {
    "value": "SoundCloud",
    "synonyms": [
      "SoundCloud"
    ]
  },
  {
    "value": "Spaces",
    "synonyms": [
      "Spaces"
    ]
  },
  {
    "value": "Spot dot IM",
    "synonyms": [
      "Spot dot IM"
    ]
  },
  {
    "value": "Spring dot me",
    "synonyms": [
      "Spring dot me"
    ]
  },
  {
    "value": "Stage 32",
    "synonyms": [
      "Stage 32"
    ]
  },
  {
    "value": "Stickam",
    "synonyms": [
      "Stickam"
    ]
  },
  {
    "value": "Streetlife",
    "synonyms": [
      "Streetlife"
    ]
  },
  {
    "value": "Students Circle Network",
    "synonyms": [
      "Students Circle Network"
    ]
  },
  {
    "value": "StudiVZ",
    "synonyms": [
      "StudiVZ"
    ]
  },
  {
    "value": "StumbleUpon",
    "synonyms": [
      "StumbleUpon"
    ]
  },
  {
    "value": "Tagged",
    "synonyms": [
      "Tagged"
    ]
  },
  {
    "value": "Talkbiznow",
    "synonyms": [
      "Talkbiznow"
    ]
  },
  {
    "value": "Taltopia",
    "synonyms": [
      "Taltopia"
    ]
  },
  {
    "value": "Taringa",
    "synonyms": [
      "Taringa"
    ]
  },
  {
    "value": "TeachStreet",
    "synonyms": [
      "TeachStreet"
    ]
  },
  {
    "value": "TermWiki",
    "synonyms": [
      "TermWiki"
    ]
  },
  {
    "value": "The Sphere",
    "synonyms": [
      "The Sphere"
    ]
  },
  {
    "value": "TravBuddy dot com",
    "synonyms": [
      "TravBuddy dot com"
    ]
  },
  {
    "value": "Travellerspoint",
    "synonyms": [
      "Travellerspoint"
    ]
  },
  {
    "value": "tribe dot net",
    "synonyms": [
      "tribe dot net"
    ]
  },
  {
    "value": "Trombi dot com",
    "synonyms": [
      "Trombi dot com"
    ]
  },
  {
    "value": "Tsu",
    "synonyms": [
      "Tsu"
    ]
  },
  {
    "value": "Tuenti",
    "synonyms": [
      "Tuenti"
    ]
  },
  {
    "value": "Tumblr",
    "synonyms": [
      "Tumblr"
    ]
  },
  {
    "value": "Twitter",
    "synonyms": [
      "Twitter"
    ]
  },
  {
    "value": "Tylted",
    "synonyms": [
      "Tylted"
    ]
  },
  {
    "value": "Uplike",
    "synonyms": [
      "Uplike"
    ]
  },
  {
    "value": "Vampirefreaks dot com",
    "synonyms": [
      "Vampirefreaks dot com"
    ]
  },
  {
    "value": "Viadeo",
    "synonyms": [
      "Viadeo"
    ]
  },
  {
    "value": "Virb",
    "synonyms": [
      "Virb"
    ]
  },
  {
    "value": "VK",
    "synonyms": [
      "VK"
    ]
  },
  {
    "value": "Vox",
    "synonyms": [
      "Vox"
    ]
  },
  {
    "value": "Wattpad",
    "synonyms": [
      "Wattpad"
    ]
  },
  {
    "value": "WAYN",
    "synonyms": [
      "WAYN"
    ]
  },
  {
    "value": "We Heart It",
    "synonyms": [
      "We Heart It"
    ]
  },
  {
    "value": "WeeWorld",
    "synonyms": [
      "WeeWorld"
    ]
  },
  {
    "value": "Wellwer",
    "synonyms": [
      "Wellwer"
    ]
  },
  {
    "value": "Wepolls dot com",
    "synonyms": [
      "Wepolls dot com"
    ]
  },
  {
    "value": "Wer kennt wen",
    "synonyms": [
      "Wer kennt wen"
    ]
  },
  {
    "value": "weRead",
    "synonyms": [
      "weRead"
    ]
  },
  {
    "value": "Wiser dot org",
    "synonyms": [
      "Wiser dot org"
    ]
  },
  {
    "value": "Wooxie",
    "synonyms": [
      "Wooxie"
    ]
  },
  {
    "value": "WriteAPrisoner dot com",
    "synonyms": [
      "WriteAPrisoner dot com"
    ]
  },
  {
    "value": "Xanga",
    "synonyms": [
      "Xanga"
    ]
  },
  {
    "value": "XING",
    "synonyms": [
      "XING"
    ]
  },
  {
    "value": "Xt3",
    "synonyms": [
      "Xt3"
    ]
  },
  {
    "value": "Yammer",
    "synonyms": [
      "Yammer"
    ]
  },
  {
    "value": "Yelp",
    "synonyms": [
      "Yelp"
    ]
  },
  {
    "value": "Yookos",
    "synonyms": [
      "Yookos"
    ]
  },
  {
    "value": "Zoo dot gr",
    "synonyms": [
      "Zoo dot gr"
    ]
  },
  {
    "value": "Zooppa",
    "synonyms": [
      "Zooppa"
    ]
  }
]