[
  {
    "id": "0700c385-8a1d-434e-b004-4fc43c4ade4b",
    "data": [
      {
        "text": "Avez-vous ",
        "userDefined": false
      },
      {
        "text": "une",
        "alias": "number",
        "meta": "@sys.number",
        "userDefined": false
      },
      {
        "text": " page ",
        "userDefined": false
      },
      {
        "text": "LinkedIn",
        "alias": "media",
        "meta": "@media",
        "userDefined": false
      }
    ],
    "isTemplate": false,
    "count": 0,
    "updated": 1520206743
  },
  {
    "id": "aed2466d-a054-4186-b854-748f0036dbfb",
    "data": [
      {
        "text": "Avez-vous ",
        "userDefined": false
      },
      {
        "text": "un",
        "alias": "number",
        "meta": "@sys.number",
        "userDefined": false
      },
      {
        "text": " compte ",
        "userDefined": false
      },
      {
        "text": "Twitter",
        "alias": "media",
        "meta": "@media",
        "userDefined": false
      }
    ],
    "isTemplate": false,
    "count": 0,
    "updated": 1520206743
  },
  {
    "id": "3c736924-ae53-47bd-b132-80de90fb42cb",
    "data": [
      {
        "text": "Avez-vous ",
        "userDefined": false
      },
      {
        "text": "une",
        "alias": "number",
        "meta": "@sys.number",
        "userDefined": false
      },
      {
        "text": " page ",
        "userDefined": false
      },
      {
        "text": "Facebook",
        "alias": "media",
        "meta": "@media",
        "userDefined": false
      }
    ],
    "isTemplate": false,
    "count": 0,
    "updated": 1520206743
  }
]