[
  {
    "id": "5500e628-4971-4c5f-9135-433d4d6cf4ad",
    "data": [
      {
        "text": "Comment pouvons nous ",
        "userDefined": false
      },
      {
        "text": "contacter",
        "alias": "email",
        "meta": "@sys.email",
        "userDefined": true
      },
      {
        "text": " l\u0027équipe de ",
        "userDefined": false
      },
      {
        "text": "Communiti",
        "alias": "communiti",
        "meta": "@communiti",
        "userDefined": false
      }
    ],
    "isTemplate": false,
    "count": 0,
    "updated": 1520205996
  },
  {
    "id": "79572932-62e0-4f2f-891e-e5555a666b89",
    "data": [
      {
        "text": "En tant que ",
        "userDefined": false
      },
      {
        "text": "membre",
        "alias": "membre",
        "meta": "@membre",
        "userDefined": true
      },
      {
        "text": " de la ",
        "userDefined": false
      },
      {
        "text": "Diaspora, que peut m\u0027apporter ce réseau",
        "alias": "media",
        "meta": "@media",
        "userDefined": false
      }
    ],
    "isTemplate": false,
    "count": 0,
    "updated": 1520209359
  }
]