[
  {
    "id": "92a90a83-0174-4a93-abc9-4cdec2cf4a1d",
    "data": [
      {
        "text": "Comment en savoir plus au sujet du réseau",
        "userDefined": false
      }
    ],
    "isTemplate": false,
    "count": 0,
    "updated": 0
  },
  {
    "id": "76e9bd98-9052-4728-bf3e-c69f44ee7234",
    "data": [
      {
        "text": "Comment en savoir plus au sujet du réseau",
        "userDefined": false
      }
    ],
    "isTemplate": false,
    "count": 0,
    "updated": 0
  },
  {
    "id": "93601077-1960-40be-b26a-b5f123f50050",
    "data": [
      {
        "text": "Comment en savoir plus au sujet du réseau",
        "userDefined": false
      }
    ],
    "isTemplate": false,
    "count": 0,
    "updated": 0
  },
  {
    "id": "48142c30-d832-4348-bb7d-c2a573017477",
    "data": [
      {
        "text": "Quelles sont les particularités de ce réseau",
        "userDefined": false
      }
    ],
    "isTemplate": false,
    "count": 0,
    "updated": 0
  },
  {
    "id": "a7e1291e-05f9-45a5-85e2-a51f59d72f1c",
    "data": [
      {
        "text": "particularités du réseau",
        "userDefined": false
      }
    ],
    "isTemplate": false,
    "count": 0,
    "updated": 0
  },
  {
    "id": "546f76c4-e2af-4812-b9d0-700b9fcc2af8",
    "data": [
      {
        "text": "Comment en savoir plus au sujet du réseau",
        "userDefined": false
      }
    ],
    "isTemplate": false,
    "count": 0,
    "updated": 0
  },
  {
    "id": "cc404a66-14ce-419a-a792-086af80295ab",
    "data": [
      {
        "text": "Comment en savoir plus au sujet du réseau",
        "userDefined": false
      }
    ],
    "isTemplate": false,
    "count": 0,
    "updated": 0
  },
  {
    "id": "d4d651bb-f27e-4f7e-91ab-9bbbddaee633",
    "data": [
      {
        "text": "Comment en savoir plus au sujet du réseau",
        "userDefined": false
      }
    ],
    "isTemplate": false,
    "count": 0,
    "updated": 0
  },
  {
    "id": "cd00792a-fadd-4830-935e-61c900d060cf",
    "data": [
      {
        "text": "Quelles sont les particularités de ce ",
        "userDefined": false
      },
      {
        "text": "réseau",
        "alias": "network",
        "meta": "@network",
        "userDefined": true
      }
    ],
    "isTemplate": false,
    "count": 0,
    "updated": 0
  },
  {
    "id": "a5f657ca-2d59-4c56-9356-708906ee3707",
    "data": [
      {
        "text": "particularités du ",
        "userDefined": false
      },
      {
        "text": "réseau",
        "alias": "network",
        "meta": "@network",
        "userDefined": false
      }
    ],
    "isTemplate": false,
    "count": 0,
    "updated": 0
  },
  {
    "id": "589b23a5-dd47-4f3c-8446-651fb0aaf5fc",
    "data": [
      {
        "text": "Comment en savoir plus au sujet du ",
        "userDefined": false
      },
      {
        "text": "réseau",
        "alias": "network",
        "meta": "@network",
        "userDefined": true
      }
    ],
    "isTemplate": false,
    "count": 0,
    "updated": 1520206884
  },
  {
    "id": "7cded749-c08c-4b68-b611-8152f0b7991e",
    "data": [
      {
        "text": "Quelles sont les particularités de ce ",
        "userDefined": false
      },
      {
        "text": "réseau",
        "alias": "network",
        "meta": "@network",
        "userDefined": true
      }
    ],
    "isTemplate": false,
    "count": 0,
    "updated": 1520206884
  }
]