[
  {
    "id": "82d42ad8-866d-48e4-a61a-a1fffe4f27a6",
    "data": [
      {
        "text": "Qui sont les ",
        "userDefined": false
      },
      {
        "text": "corses",
        "alias": "corsican",
        "meta": "@corsican",
        "userDefined": true
      },
      {
        "text": " de ",
        "userDefined": false
      },
      {
        "text": "Bretagne",
        "alias": "geo-city",
        "meta": "@sys.geo-city",
        "userDefined": false
      }
    ],
    "isTemplate": false,
    "count": 0,
    "updated": 1520271889
  },
  {
    "id": "d4178d2c-13b2-418a-9dd3-ee201f905e7c",
    "data": [
      {
        "text": "Qui sont les corses de ",
        "userDefined": false
      },
      {
        "text": "ma région",
        "alias": "any",
        "meta": "@sys.any",
        "userDefined": true
      }
    ],
    "isTemplate": false,
    "count": 0,
    "updated": 1520301357
  },
  {
    "id": "f805924e-f556-4081-bd42-5a455716ae10",
    "data": [
      {
        "text": "Où",
        "alias": "where",
        "meta": "@where",
        "userDefined": false
      },
      {
        "text": " y a-t-il le plus de ",
        "userDefined": false
      },
      {
        "text": "corse",
        "alias": "corsican",
        "meta": "@corsican",
        "userDefined": true
      }
    ],
    "isTemplate": false,
    "count": 0,
    "updated": 1520271889
  },
  {
    "id": "589dee3c-228e-4b76-8349-9d511da414eb",
    "data": [
      {
        "text": "Quelle est la ",
        "userDefined": false
      },
      {
        "text": "liste",
        "alias": "list",
        "meta": "@list",
        "userDefined": true
      },
      {
        "text": " de tous les ",
        "userDefined": false
      },
      {
        "text": "membres",
        "alias": "membres",
        "meta": "@membres",
        "userDefined": false
      },
      {
        "text": " ",
        "userDefined": false
      },
      {
        "text": "corse",
        "alias": "corsican",
        "meta": "@corsican",
        "userDefined": true
      }
    ],
    "isTemplate": false,
    "count": 0,
    "updated": 1520272145
  }
]