[
  {
    "id": "61cb2963-b19b-434c-9f57-c578fddd9d5d",
    "data": [
      {
        "text": "Comment rejoindre le réseau",
        "userDefined": false
      }
    ],
    "isTemplate": false,
    "count": 0,
    "updated": 0
  },
  {
    "id": "e538cb33-2914-4427-ba6f-e90e1e7224a1",
    "data": [
      {
        "text": "Comment rejoindre le réseau",
        "userDefined": false
      }
    ],
    "isTemplate": false,
    "count": 0,
    "updated": 0
  },
  {
    "id": "8c777d86-fe24-49eb-a850-6a0bfc287aaa",
    "data": [
      {
        "text": "rejoindre le réseau",
        "userDefined": false
      }
    ],
    "isTemplate": false,
    "count": 0,
    "updated": 0
  },
  {
    "id": "c391dae3-68fa-4d0b-9435-6297e4818532",
    "data": [
      {
        "text": "rejoindre communiti",
        "userDefined": false
      }
    ],
    "isTemplate": false,
    "count": 0,
    "updated": 0
  },
  {
    "id": "0096171d-689c-48b3-a83a-7bf7102209d1",
    "data": [
      {
        "text": "rejoindre",
        "alias": "join",
        "meta": "@join",
        "userDefined": false
      }
    ],
    "isTemplate": false,
    "count": 0,
    "updated": 0
  },
  {
    "id": "feabd85a-9bfc-46a6-8e7f-b432dec8270c",
    "data": [
      {
        "text": "rejoindre communiti",
        "userDefined": false
      }
    ],
    "isTemplate": false,
    "count": 0,
    "updated": 0
  },
  {
    "id": "7916d396-7725-45e1-88b1-0dcb9d9f7462",
    "data": [
      {
        "text": "Comment ",
        "userDefined": false
      },
      {
        "text": "rejoindre",
        "alias": "join",
        "meta": "@join",
        "userDefined": true
      },
      {
        "text": " le réseau",
        "userDefined": false
      }
    ],
    "isTemplate": false,
    "count": 0,
    "updated": 0
  },
  {
    "id": "34d99780-9573-445f-badb-7e5ca693f633",
    "data": [
      {
        "text": "Comment ",
        "userDefined": false
      },
      {
        "text": "rejoindre",
        "alias": "join",
        "meta": "@join",
        "userDefined": true
      },
      {
        "text": " le réseau",
        "userDefined": false
      }
    ],
    "isTemplate": false,
    "count": 0,
    "updated": 0
  },
  {
    "id": "f2f5e174-925b-4592-b454-60384ab520b4",
    "data": [
      {
        "text": "rejoindre",
        "alias": "join",
        "meta": "@join",
        "userDefined": false
      },
      {
        "text": " le réseau",
        "userDefined": false
      }
    ],
    "isTemplate": false,
    "count": 0,
    "updated": 0
  },
  {
    "id": "13a12a30-bec4-43ef-9680-704f93923c18",
    "data": [
      {
        "text": "rejoindre",
        "alias": "join",
        "meta": "@join",
        "userDefined": false
      },
      {
        "text": " ",
        "userDefined": false
      },
      {
        "text": "communiti",
        "alias": "communiti",
        "meta": "@communiti",
        "userDefined": false
      }
    ],
    "isTemplate": false,
    "count": 0,
    "updated": 0
  },
  {
    "id": "46065889-5058-4fdb-942d-e4b17f675a28",
    "data": [
      {
        "text": "Comment ",
        "userDefined": false
      },
      {
        "text": "rejoindre",
        "alias": "join",
        "meta": "@join",
        "userDefined": true
      },
      {
        "text": " le réseau",
        "userDefined": false
      }
    ],
    "isTemplate": false,
    "count": 0,
    "updated": 1520272221
  },
  {
    "id": "0ef1f398-9c7e-41b1-99a9-6db19e3fdaf5",
    "data": [
      {
        "text": "Qui peut s\u0027inscrire sur ",
        "userDefined": false
      },
      {
        "text": "communiti",
        "alias": "communiti",
        "meta": "@communiti",
        "userDefined": true
      }
    ],
    "isTemplate": false,
    "count": 0,
    "updated": 1520209376
  }
]