[
  {
    "id": "a1e359e0-e2ea-4dc0-a6aa-14ed151c79c4",
    "data": [
      {
        "text": "Quels sont les ",
        "userDefined": false
      },
      {
        "text": "projets",
        "alias": "projects",
        "meta": "@projects",
        "userDefined": false
      },
      {
        "text": " ",
        "userDefined": false
      },
      {
        "text": "ajoutés",
        "alias": "add",
        "meta": "@add",
        "userDefined": true
      },
      {
        "text": " depuis ",
        "userDefined": false
      },
      {
        "text": "date",
        "alias": "date",
        "meta": "@sys.date",
        "userDefined": true
      }
    ],
    "isTemplate": false,
    "count": 0,
    "updated": 1520302810
  },
  {
    "id": "f1422d07-ac4d-40e8-b5ee-c869e2856d21",
    "data": [
      {
        "text": "Où",
        "alias": "where",
        "meta": "@where",
        "userDefined": true
      },
      {
        "text": " y a-t-il le plus de ",
        "userDefined": false
      },
      {
        "text": "création",
        "alias": "create",
        "meta": "@create",
        "userDefined": true
      },
      {
        "text": " de ",
        "userDefined": false
      },
      {
        "text": "projet",
        "alias": "projects",
        "meta": "@projects",
        "userDefined": false
      }
    ],
    "isTemplate": false,
    "count": 0,
    "updated": 1520270943
  },
  {
    "id": "6be4dff1-c1d4-4f87-aee9-5cd8f5305188",
    "data": [
      {
        "text": "Où",
        "alias": "where",
        "meta": "@where",
        "userDefined": true
      },
      {
        "text": " en est ",
        "userDefined": false
      },
      {
        "text": "l\u0027avancement",
        "alias": "progression",
        "meta": "@progression",
        "userDefined": true
      },
      {
        "text": " du ",
        "userDefined": false
      },
      {
        "text": "projet",
        "alias": "projects",
        "meta": "@projects",
        "userDefined": false
      },
      {
        "text": " ",
        "userDefined": false
      },
      {
        "text": "nom",
        "alias": "any",
        "meta": "@sys.any",
        "userDefined": true
      }
    ],
    "isTemplate": false,
    "count": 0,
    "updated": 1520302810
  },
  {
    "id": "173c29a5-8b89-4f14-b7d0-9bd315cceea8",
    "data": [
      {
        "text": "Qu\u0027elles sont les ",
        "userDefined": false
      },
      {
        "text": "projets",
        "alias": "projects",
        "meta": "@projects",
        "userDefined": false
      },
      {
        "text": " qui a besoin de ",
        "userDefined": false
      },
      {
        "text": "financement",
        "alias": "finance",
        "meta": "@finance",
        "userDefined": true
      }
    ],
    "isTemplate": false,
    "count": 0,
    "updated": 1520270943
  },
  {
    "id": "06589b8f-298e-4af8-ab21-6daca6d6fd31",
    "data": [
      {
        "text": "Qu\u0027elles sont les ",
        "userDefined": false
      },
      {
        "text": "projets",
        "alias": "projects",
        "meta": "@projects",
        "userDefined": false
      },
      {
        "text": " qui sont dans ",
        "userDefined": false
      },
      {
        "text": "ma région",
        "alias": "location",
        "meta": "@sys.location",
        "userDefined": true
      }
    ],
    "isTemplate": false,
    "count": 0,
    "updated": 1520270943
  },
  {
    "id": "f9cec8ed-f1aa-422a-9195-71bc7a621432",
    "data": [
      {
        "text": "Qu\u0027elles sont les ",
        "userDefined": false
      },
      {
        "text": "projets",
        "alias": "projects",
        "meta": "@projects",
        "userDefined": false
      },
      {
        "text": " avec le ",
        "userDefined": false
      },
      {
        "text": "thème",
        "alias": "theme",
        "meta": "@theme",
        "userDefined": true
      },
      {
        "text": " ",
        "userDefined": false
      },
      {
        "text": "nom",
        "alias": "any",
        "meta": "@sys.any",
        "userDefined": true
      }
    ],
    "isTemplate": false,
    "count": 0,
    "updated": 1520302810
  },
  {
    "id": "d3f3bd73-b7a4-48cf-9934-c7d3f8365cc7",
    "data": [
      {
        "text": "Qu\u0027elle est ",
        "userDefined": false
      },
      {
        "text": "le premier",
        "alias": "first",
        "meta": "@first",
        "userDefined": true
      },
      {
        "text": " ",
        "userDefined": false
      },
      {
        "text": "projet",
        "alias": "projects",
        "meta": "@projects",
        "userDefined": false
      },
      {
        "text": " ",
        "userDefined": false
      },
      {
        "text": "fini",
        "alias": "finish",
        "meta": "@finish",
        "userDefined": true
      }
    ],
    "isTemplate": false,
    "count": 0,
    "updated": 1520270943
  },
  {
    "id": "2d0d7475-1145-4196-93f4-35a7a0983c60",
    "data": [
      {
        "text": "Qu\u0027elle est ",
        "userDefined": false
      },
      {
        "text": "le dernier",
        "alias": "last",
        "meta": "@last",
        "userDefined": true
      },
      {
        "text": " ",
        "userDefined": false
      },
      {
        "text": "projet",
        "alias": "projects",
        "meta": "@projects",
        "userDefined": false
      },
      {
        "text": " mener à bien",
        "userDefined": false
      }
    ],
    "isTemplate": false,
    "count": 0,
    "updated": 1520270943
  },
  {
    "id": "6758a150-6954-475e-b06a-6eb05cb70fd0",
    "data": [
      {
        "text": "Qu\u0027elle est le ",
        "userDefined": false
      },
      {
        "text": "projet",
        "alias": "projects",
        "meta": "@projects",
        "userDefined": false
      },
      {
        "text": " le plus ",
        "userDefined": false
      },
      {
        "text": "récent",
        "alias": "recent",
        "meta": "@recent",
        "userDefined": true
      }
    ],
    "isTemplate": false,
    "count": 0,
    "updated": 1520270943
  },
  {
    "id": "52a0f76d-fec2-4b8c-a1e0-04bb034a1d3e",
    "data": [
      {
        "text": "Quels sont vos ",
        "userDefined": false
      },
      {
        "text": "projets",
        "alias": "projects",
        "meta": "@projects",
        "userDefined": true
      },
      {
        "text": " pour ",
        "userDefined": false
      },
      {
        "text": "communiti",
        "alias": "communiti",
        "meta": "@communiti",
        "userDefined": true
      }
    ],
    "isTemplate": false,
    "count": 0,
    "updated": 1520270943
  }
]