[
  {
    "id": "15537b99-cdab-4f46-8b80-6584f8a22214",
    "data": [
      {
        "text": "Quelles ont été les récentes évolutions de communiti",
        "userDefined": false
      }
    ],
    "isTemplate": false,
    "count": 0,
    "updated": 0
  },
  {
    "id": "300c8ac0-c105-4722-9953-22ed8b42ef70",
    "data": [
      {
        "text": "Quelles ont été les récentes évolutions de communiti",
        "userDefined": false
      }
    ],
    "isTemplate": false,
    "count": 0,
    "updated": 0
  },
  {
    "id": "90dd3677-8e60-49a6-bd2d-6e0a1bd5446a",
    "data": [
      {
        "text": "Quelles ont été les récentes évolutions de communiti",
        "userDefined": false
      }
    ],
    "isTemplate": false,
    "count": 0,
    "updated": 0
  },
  {
    "id": "0d6ba1c5-9262-4020-8408-df16e3f7edb0",
    "data": [
      {
        "text": "Quelles ont été les récentes évolutions de communiti",
        "userDefined": false
      }
    ],
    "isTemplate": false,
    "count": 0,
    "updated": 0
  },
  {
    "id": "03b7a593-e7fe-4d17-bc7c-e4b6b51f148f",
    "data": [
      {
        "text": "Quelles ont été les récentes évolutions de communiti",
        "userDefined": false
      }
    ],
    "isTemplate": false,
    "count": 0,
    "updated": 0
  },
  {
    "id": "b2ff6e37-4ac6-4cbd-ad09-875e569ba30f",
    "data": [
      {
        "text": "Quelles ont été les récentes évolutions de communiti",
        "userDefined": false
      }
    ],
    "isTemplate": false,
    "count": 0,
    "updated": 0
  },
  {
    "id": "93a58610-643f-46aa-8636-798f0f756de6",
    "data": [
      {
        "text": "Quelles ont été les récentes évolutions de communiti",
        "userDefined": false
      }
    ],
    "isTemplate": false,
    "count": 0,
    "updated": 0
  },
  {
    "id": "b03c47d7-b272-4ace-a1cb-c3e84f2b9c81",
    "data": [
      {
        "text": "Quelles ont été les ",
        "userDefined": false
      },
      {
        "text": "récentes",
        "alias": "recent",
        "meta": "@recent",
        "userDefined": true
      },
      {
        "text": " ",
        "userDefined": false
      },
      {
        "text": "évolutions",
        "alias": "evolution",
        "meta": "@evolution",
        "userDefined": true
      },
      {
        "text": " de ",
        "userDefined": false
      },
      {
        "text": "communiti",
        "alias": "communiti",
        "meta": "@communiti",
        "userDefined": false
      }
    ],
    "isTemplate": false,
    "count": 0,
    "updated": 1520292454
  }
]