[
  {
    "id": "6bcfa4df-bec5-407e-9f85-4a63a27a7e9d",
    "data": [
      {
        "text": "Communiti",
        "alias": "communiti",
        "meta": "@communiti",
        "userDefined": false
      },
      {
        "text": " a t\u0027il l\u0027utilisateur ",
        "userDefined": false
      },
      {
        "text": "nom",
        "alias": "any",
        "meta": "@sys.any",
        "userDefined": true
      }
    ],
    "isTemplate": false,
    "count": 0,
    "updated": 1520295407
  },
  {
    "id": "8c7ae309-f110-4ad1-ae14-87e68967a3a3",
    "data": [
      {
        "text": "nom",
        "alias": "any",
        "meta": "@sys.any",
        "userDefined": true
      },
      {
        "text": " est sur ",
        "userDefined": false
      },
      {
        "text": "communiti",
        "alias": "communiti",
        "meta": "@communiti",
        "userDefined": false
      }
    ],
    "isTemplate": false,
    "count": 0,
    "updated": 1520301221
  },
  {
    "id": "8f1390ef-3a3e-4104-857f-ae8529743e3f",
    "data": [
      {
        "text": "Est-ce que ",
        "userDefined": false
      },
      {
        "text": "nom",
        "alias": "any",
        "meta": "@sys.any",
        "userDefined": true
      },
      {
        "text": " est sur ",
        "userDefined": false
      },
      {
        "text": "communiti",
        "alias": "communiti",
        "meta": "@communiti",
        "userDefined": false
      }
    ],
    "isTemplate": false,
    "count": 0,
    "updated": 1520301221
  },
  {
    "id": "ed5602e2-4d76-4638-9326-6cd39b69219c",
    "data": [
      {
        "text": "Est-ce que monsieur ",
        "userDefined": false
      },
      {
        "text": "nom",
        "alias": "any",
        "meta": "@sys.any",
        "userDefined": true
      },
      {
        "text": " est sur ",
        "userDefined": false
      },
      {
        "text": "communiti",
        "alias": "communiti",
        "meta": "@communiti",
        "userDefined": false
      }
    ],
    "isTemplate": false,
    "count": 0,
    "updated": 1520301221
  }
]