[
  {
    "id": "edf9eb08-811b-43d3-9e3f-1695c2104188",
    "data": [
      {
        "text": "je",
        "meta": "@sys.ignore",
        "userDefined": true
      },
      {
        "text": " suis déjà là",
        "userDefined": false
      }
    ],
    "isTemplate": false,
    "count": 0,
    "updated": 1508522629
  },
  {
    "id": "1e8a5053-c110-4e0f-b7c9-f5d02c3813e1",
    "data": [
      {
        "text": "je",
        "meta": "@sys.ignore",
        "userDefined": true
      },
      {
        "text": " suis là déjà",
        "userDefined": false
      }
    ],
    "isTemplate": false,
    "count": 0,
    "updated": 1508522629
  },
  {
    "id": "42d139c2-e427-4ca9-a6e2-5660c9f8c4ac",
    "data": [
      {
        "text": "c\u0027est bon je suis là",
        "userDefined": false
      }
    ],
    "isTemplate": false,
    "count": 0,
    "updated": 1508522629
  },
  {
    "id": "6b91c13d-da06-474d-86ec-ec8180311264",
    "data": [
      {
        "text": "je",
        "meta": "@sys.ignore",
        "userDefined": true
      },
      {
        "text": " suis presque là",
        "userDefined": false
      }
    ],
    "isTemplate": false,
    "count": 0,
    "updated": 1508522629
  },
  {
    "id": "774209e5-7509-4f3a-93d9-d6a1ad96f676",
    "data": [
      {
        "text": "maintenant je suis là",
        "userDefined": false
      }
    ],
    "isTemplate": false,
    "count": 0,
    "updated": 1508522629
  },
  {
    "id": "e80e62a1-64ef-4bf7-b880-d5d1888e51cc",
    "data": [
      {
        "text": "je suis ici",
        "userDefined": false
      }
    ],
    "isTemplate": false,
    "count": 0,
    "updated": 1508522629
  },
  {
    "id": "4353fccb-1886-40cd-b59e-daaca984376a",
    "data": [
      {
        "text": "je suis là",
        "userDefined": false
      }
    ],
    "isTemplate": false,
    "count": 0,
    "updated": 1508522629
  },
  {
    "id": "7ea577af-6bb6-464c-ac33-2dca9de52646",
    "data": [
      {
        "text": "presque là",
        "userDefined": false
      }
    ],
    "isTemplate": false,
    "count": 0,
    "updated": 1508522629
  },
  {
    "id": "f79e17f0-1bea-4ed2-abc1-254c00c3dbef",
    "data": [
      {
        "text": "je",
        "meta": "@sys.ignore",
        "userDefined": true
      },
      {
        "text": " suis déjà ",
        "userDefined": false
      },
      {
        "text": "ici",
        "meta": "@sys.ignore",
        "userDefined": true
      }
    ],
    "isTemplate": false,
    "count": 0,
    "updated": 1508522629
  },
  {
    "id": "d8f21d98-630b-4c1d-8fd5-2cd218a67260",
    "data": [
      {
        "text": "je",
        "meta": "@sys.ignore",
        "userDefined": true
      },
      {
        "text": " suis presqu\u0027",
        "userDefined": false
      },
      {
        "text": "ici",
        "meta": "@sys.ignore",
        "userDefined": true
      }
    ],
    "isTemplate": false,
    "count": 0,
    "updated": 1508522629
  }
]