[
  {
    "id": "27261c1a-a115-490a-b0e4-dd1942103711",
    "data": [
      {
        "text": "content de te parler",
        "userDefined": false
      }
    ],
    "isTemplate": false,
    "count": 0,
    "updated": 1508522628
  },
  {
    "id": "c196c263-b6a1-4fb6-8d4e-d98ed1e4a2ce",
    "data": [
      {
        "text": "enchanté de te parler",
        "userDefined": false
      }
    ],
    "isTemplate": false,
    "count": 0,
    "updated": 1508522628
  },
  {
    "id": "ba815444-21b2-408f-b9c8-e81b3dae4de5",
    "data": [
      {
        "text": "enchantée de parler",
        "userDefined": false
      }
    ],
    "isTemplate": false,
    "count": 0,
    "updated": 1508522628
  },
  {
    "id": "0d6ad27e-61a1-4007-b1a4-349961ded1d5",
    "data": [
      {
        "text": "ça me fait plaisir de te parler",
        "userDefined": false
      }
    ],
    "isTemplate": false,
    "count": 0,
    "updated": 1508522628
  },
  {
    "id": "d0db791a-a462-4e9e-8bd6-1a43d7c51a56",
    "data": [
      {
        "text": "je suis heureux de te parler",
        "userDefined": false
      }
    ],
    "isTemplate": false,
    "count": 0,
    "updated": 1508522628
  },
  {
    "id": "c5fc36ca-1358-4eab-b152-c3ba948c7452",
    "data": [
      {
        "text": "je suis contente de te parler",
        "userDefined": false
      }
    ],
    "isTemplate": false,
    "count": 0,
    "updated": 1508522628
  },
  {
    "id": "7d33875b-5ace-4852-8618-18f22e252dd1",
    "data": [
      {
        "text": "c\u0027est un plaisir de parler",
        "userDefined": false
      }
    ],
    "isTemplate": false,
    "count": 0,
    "updated": 1508522628
  },
  {
    "id": "14b4e388-dab5-45a5-8c43-8bf9c5cd142e",
    "data": [
      {
        "text": "enchanté de parler",
        "userDefined": false
      }
    ],
    "isTemplate": false,
    "count": 0,
    "updated": 1508522628
  },
  {
    "id": "5c1b22f2-3d1c-48f6-becb-b71de4347ae8",
    "data": [
      {
        "text": "je suis enchanté de te parler",
        "userDefined": false
      }
    ],
    "isTemplate": false,
    "count": 0,
    "updated": 1508522628
  },
  {
    "id": "bf523923-9045-43ed-868f-dbb1411fa597",
    "data": [
      {
        "text": "c\u0027est un plaisir de te parler",
        "userDefined": false
      }
    ],
    "isTemplate": false,
    "count": 0,
    "updated": 1508522628
  },
  {
    "id": "bcc3cda8-c146-4426-a949-d8b349c9859e",
    "data": [
      {
        "text": "super de te parler de nouveau",
        "userDefined": false
      }
    ],
    "isTemplate": false,
    "count": 0,
    "updated": 1508522628
  },
  {
    "id": "bb156017-bf75-4c67-987e-5dabd3e2c8a1",
    "data": [
      {
        "text": "je suis enchantée de te parler",
        "userDefined": false
      }
    ],
    "isTemplate": false,
    "count": 0,
    "updated": 1508522628
  },
  {
    "id": "e7a9bf0c-e4d9-4ab9-bb89-232a6e2aad7b",
    "data": [
      {
        "text": "je suis heureuse de te parler",
        "userDefined": false
      }
    ],
    "isTemplate": false,
    "count": 0,
    "updated": 1508522628
  },
  {
    "id": "1117817c-2444-41b6-913b-a3c1af7d1d05",
    "data": [
      {
        "text": "enchantée de te parler",
        "userDefined": false
      }
    ],
    "isTemplate": false,
    "count": 0,
    "updated": 1508522628
  },
  {
    "id": "f0221077-e113-46dd-b0e9-be8f974ba344",
    "data": [
      {
        "text": "ça fait plaisir de te parler",
        "userDefined": false
      }
    ],
    "isTemplate": false,
    "count": 0,
    "updated": 1508522628
  },
  {
    "id": "32fabcba-e7d0-4a18-b150-d4e917ed2526",
    "data": [
      {
        "text": "je suis enchantée de parler",
        "userDefined": false
      }
    ],
    "isTemplate": false,
    "count": 0,
    "updated": 1508522628
  },
  {
    "id": "39954841-b25c-4c60-b7e3-f55fdf05711e",
    "data": [
      {
        "text": "je suis content de te parler",
        "userDefined": false
      }
    ],
    "isTemplate": false,
    "count": 0,
    "updated": 1508522628
  },
  {
    "id": "52f17884-1a75-4776-bc6a-502e4499ecae",
    "data": [
      {
        "text": "c\u0027est un plaisir de te reparler",
        "userDefined": false
      }
    ],
    "isTemplate": false,
    "count": 0,
    "updated": 1508522628
  },
  {
    "id": "c89d3ff8-a8f8-4b40-96a7-0e914660adc7",
    "data": [
      {
        "text": "c\u0027est super de te parler",
        "userDefined": false
      }
    ],
    "isTemplate": false,
    "count": 0,
    "updated": 1508522628
  },
  {
    "id": "16ef2e55-77ec-472a-ad5e-25038ed342da",
    "data": [
      {
        "text": "je suis enchanté de parler",
        "userDefined": false
      }
    ],
    "isTemplate": false,
    "count": 0,
    "updated": 1508522628
  },
  {
    "id": "d432187d-8df5-4bc3-a487-98de67dec736",
    "data": [
      {
        "text": "c\u0027est bien de te parler",
        "userDefined": false
      }
    ],
    "isTemplate": false,
    "count": 0,
    "updated": 1508522628
  },
  {
    "id": "0a780bc4-cded-40eb-9031-f952fd283203",
    "data": [
      {
        "text": "ça me fait plaisir de te reparler",
        "userDefined": false
      }
    ],
    "isTemplate": false,
    "count": 0,
    "updated": 1508522628
  },
  {
    "id": "cf2f8ca5-c2e4-4ec9-9a1a-c160a6bef744",
    "data": [
      {
        "text": "je suis enchanté de reparler",
        "userDefined": false
      }
    ],
    "isTemplate": false,
    "count": 0,
    "updated": 1508522628
  },
  {
    "id": "f480cd18-f08e-4dce-a33b-7f9280d54b62",
    "data": [
      {
        "text": "content de te reparler",
        "userDefined": false
      }
    ],
    "isTemplate": false,
    "count": 0,
    "updated": 1508522628
  },
  {
    "id": "c4dbad76-34b5-43ff-98d4-e5bde98d397d",
    "data": [
      {
        "text": "je suis content de te reparler",
        "userDefined": false
      }
    ],
    "isTemplate": false,
    "count": 0,
    "updated": 1508522628
  },
  {
    "id": "ceeb54ca-8e0f-46a7-a4a7-3946ae7d05c7",
    "data": [
      {
        "text": "je suis contente de te reparler",
        "userDefined": false
      }
    ],
    "isTemplate": false,
    "count": 0,
    "updated": 1508522628
  },
  {
    "id": "ee6005a1-41c9-414b-b507-2b5072ee7e11",
    "data": [
      {
        "text": "je suis enchanté de te reparler",
        "userDefined": false
      }
    ],
    "isTemplate": false,
    "count": 0,
    "updated": 1508522628
  },
  {
    "id": "06d7a974-ceb4-452e-847a-b4e8788719ce",
    "data": [
      {
        "text": "c\u0027est super de te reparler",
        "userDefined": false
      }
    ],
    "isTemplate": false,
    "count": 0,
    "updated": 1508522628
  },
  {
    "id": "892ee41e-12da-4d34-ba4b-a0126c932970",
    "data": [
      {
        "text": "c\u0027est bien de te reparler",
        "userDefined": false
      }
    ],
    "isTemplate": false,
    "count": 0,
    "updated": 1508522628
  },
  {
    "id": "80ace479-f9ef-4723-98dc-878d9dcd5a88",
    "data": [
      {
        "text": "je suis enchantée de te reparler",
        "userDefined": false
      }
    ],
    "isTemplate": false,
    "count": 0,
    "updated": 1508522628
  },
  {
    "id": "f6f2c81c-a582-4652-b9e3-4a7fa505c6fa",
    "data": [
      {
        "text": "ça fait plaisir de te reparler",
        "userDefined": false
      }
    ],
    "isTemplate": false,
    "count": 0,
    "updated": 1508522628
  },
  {
    "id": "5577fe18-a8aa-48c3-9cf2-85100cea646c",
    "data": [
      {
        "text": "enchanté de reparler",
        "userDefined": false
      }
    ],
    "isTemplate": false,
    "count": 0,
    "updated": 1508522628
  },
  {
    "id": "ce13cf37-7147-45a9-a17d-acb171952fd6",
    "data": [
      {
        "text": "je suis enchantée de reparler",
        "userDefined": false
      }
    ],
    "isTemplate": false,
    "count": 0,
    "updated": 1508522628
  },
  {
    "id": "a9a7ccdd-153b-4bc4-971f-7662b5ef5153",
    "data": [
      {
        "text": "enchantée de te reparler",
        "userDefined": false
      }
    ],
    "isTemplate": false,
    "count": 0,
    "updated": 1508522628
  },
  {
    "id": "e379dbbf-de77-4472-93ec-17eb33248e16",
    "data": [
      {
        "text": "enchantée de reparler",
        "userDefined": false
      }
    ],
    "isTemplate": false,
    "count": 0,
    "updated": 1508522628
  },
  {
    "id": "0c4fd366-e5fb-4ca8-a65b-9252708c70ac",
    "data": [
      {
        "text": "je suis heureux de te reparler",
        "userDefined": false
      }
    ],
    "isTemplate": false,
    "count": 0,
    "updated": 1508522628
  },
  {
    "id": "542b7d9b-5339-49f2-b419-7babf9a6efe2",
    "data": [
      {
        "text": "je suis heureuse de te reparler",
        "userDefined": false
      }
    ],
    "isTemplate": false,
    "count": 0,
    "updated": 1508522628
  },
  {
    "id": "636457b9-1726-4963-9fda-e41e6f09a623",
    "data": [
      {
        "text": "c\u0027est un plaisir de reparler",
        "userDefined": false
      }
    ],
    "isTemplate": false,
    "count": 0,
    "updated": 1508522628
  },
  {
    "id": "2671a4ce-479e-4a02-9e30-cfba0be3bfcc",
    "data": [
      {
        "text": "enchanté de te reparler",
        "userDefined": false
      }
    ],
    "isTemplate": false,
    "count": 0,
    "updated": 1508522628
  }
]