[
  {
    "id": "53d926d9-6d77-428d-b30e-08a08e37bd59",
    "data": [
      {
        "text": "dors bien",
        "userDefined": false
      }
    ],
    "isTemplate": false,
    "count": 0,
    "updated": 0
  },
  {
    "id": "3196128b-321f-42fe-a247-8c884042cda8",
    "data": [
      {
        "text": "je te souhaite ",
        "userDefined": false
      },
      {
        "text": "une",
        "meta": "@sys.ignore",
        "userDefined": false
      },
      {
        "text": " ",
        "userDefined": false
      },
      {
        "text": "bonne",
        "meta": "@sys.ignore",
        "userDefined": false
      },
      {
        "text": " nuit",
        "userDefined": false
      }
    ],
    "isTemplate": false,
    "count": 0,
    "updated": 0
  },
  {
    "id": "a6c45ebc-ae1f-4789-af9c-c76cdd0824c9",
    "data": [
      {
        "text": "bonne",
        "meta": "@sys.ignore",
        "userDefined": true
      },
      {
        "text": " nuit",
        "userDefined": false
      }
    ],
    "isTemplate": false,
    "count": 1,
    "updated": 0
  },
  {
    "id": "87af5163-758d-4d25-9276-c5616ccf6793",
    "data": [
      {
        "text": "passe ",
        "userDefined": false
      },
      {
        "text": "une",
        "meta": "@sys.ignore",
        "userDefined": true
      },
      {
        "text": " ",
        "userDefined": false
      },
      {
        "text": "bonne",
        "meta": "@sys.ignore",
        "userDefined": true
      },
      {
        "text": " nuit",
        "userDefined": false
      }
    ],
    "isTemplate": false,
    "count": 0,
    "updated": 0
  },
  {
    "id": "21bd8e41-ac82-4a03-9862-f1f8ab4b646b",
    "data": [
      {
        "text": "bonne",
        "meta": "@sys.ignore",
        "userDefined": true
      },
      {
        "text": " nuit à toi",
        "userDefined": false
      }
    ],
    "isTemplate": false,
    "count": 0,
    "updated": 0
  },
  {
    "id": "3eeacc9e-b270-4d04-8506-a027596aa2dd",
    "data": [
      {
        "text": "fais des beaux rêves",
        "userDefined": false
      }
    ],
    "isTemplate": false,
    "count": 0,
    "updated": 0
  },
  {
    "id": "c0dca98c-66ad-415b-a2a1-bf0b345ff1d7",
    "data": [
      {
        "text": "je te souhaite de passer ",
        "userDefined": false
      },
      {
        "text": "une",
        "meta": "@sys.ignore",
        "userDefined": false
      },
      {
        "text": " ",
        "userDefined": false
      },
      {
        "text": "bonne",
        "meta": "@sys.ignore",
        "userDefined": false
      },
      {
        "text": " nuit",
        "userDefined": false
      }
    ],
    "isTemplate": false,
    "count": 0,
    "updated": 0
  },
  {
    "id": "c982711d-bfa7-4938-9c96-7423ce50e282",
    "data": [
      {
        "text": "beaux rêves à toi",
        "userDefined": false
      }
    ],
    "isTemplate": false,
    "count": 0,
    "updated": 0
  },
  {
    "id": "f11265f7-4e3b-4eb4-bf3f-bf866c906834",
    "data": [
      {
        "text": "bonne",
        "meta": "@sys.ignore",
        "userDefined": false
      },
      {
        "text": " nuit toi",
        "userDefined": false
      }
    ],
    "isTemplate": false,
    "count": 0,
    "updated": 0
  },
  {
    "id": "3cc1b4c4-f2bb-42a0-aef9-e5df97d53e8a",
    "data": [
      {
        "text": "fais de beaux rêves",
        "userDefined": false
      }
    ],
    "isTemplate": false,
    "count": 0,
    "updated": 0
  },
  {
    "id": "e07d95e9-b145-4a9e-b02d-6d7b097994c7",
    "data": [
      {
        "text": "beaux rêves",
        "userDefined": false
      }
    ],
    "isTemplate": false,
    "count": 0,
    "updated": 0
  }
]