[
  {
    "id": "71aee6c8-afd3-4abe-a1e6-4ead5cfa06cd",
    "data": [
      {
        "text": "je vais attendre encore ",
        "userDefined": false
      },
      {
        "text": "un",
        "meta": "@sys.ignore",
        "userDefined": false
      },
      {
        "text": " peu",
        "userDefined": false
      }
    ],
    "isTemplate": false,
    "count": 0,
    "updated": 0
  },
  {
    "id": "8133cafa-90b9-44a2-8735-05669e669268",
    "data": [
      {
        "text": "je",
        "meta": "@sys.ignore",
        "userDefined": true
      },
      {
        "text": " suis en ",
        "userDefined": false
      },
      {
        "text": "train",
        "meta": "@sys.ignore",
        "userDefined": true
      },
      {
        "text": " ",
        "userDefined": false
      },
      {
        "text": "d",
        "meta": "@sys.ignore",
        "userDefined": true
      },
      {
        "text": "\u0027attendre",
        "userDefined": false
      }
    ],
    "isTemplate": false,
    "count": 0,
    "updated": 0
  },
  {
    "id": "7ea50c11-cc10-4de8-b7f2-fb7b5518f3c1",
    "data": [
      {
        "text": "j\u0027attends",
        "meta": "@sys.ignore",
        "userDefined": true
      },
      {
        "text": " là",
        "userDefined": false
      }
    ],
    "isTemplate": false,
    "count": 0,
    "updated": 0
  },
  {
    "id": "235f26f5-5939-46d8-ad91-cef408d60324",
    "data": [
      {
        "text": "ne je veux plus attendre",
        "userDefined": false
      }
    ],
    "isTemplate": false,
    "count": 0,
    "updated": 0
  },
  {
    "id": "e38b55af-b807-4bbb-a25b-c75126cd2d1c",
    "data": [
      {
        "text": "je vais attendre",
        "userDefined": false
      }
    ],
    "isTemplate": false,
    "count": 0,
    "updated": 0
  },
  {
    "id": "9943ead3-dae3-4396-8af6-dff4230d88b7",
    "data": [
      {
        "text": "je ",
        "userDefined": false
      },
      {
        "text": "t",
        "meta": "@sys.ignore",
        "userDefined": false
      },
      {
        "text": "\u0027attends",
        "userDefined": false
      }
    ],
    "isTemplate": false,
    "count": 0,
    "updated": 0
  },
  {
    "id": "84798876-1ce8-4cc6-918f-c9c484d263e4",
    "data": [
      {
        "text": "j\u0027attends",
        "userDefined": false
      }
    ],
    "isTemplate": false,
    "count": 0,
    "updated": 0
  },
  {
    "id": "2f24e71c-9852-4d48-bd39-d6d98617e0d8",
    "data": [
      {
        "text": "je ",
        "userDefined": false
      },
      {
        "text": "t",
        "meta": "@sys.ignore",
        "userDefined": false
      },
      {
        "text": "\u0027attendrai",
        "userDefined": false
      }
    ],
    "isTemplate": false,
    "count": 0,
    "updated": 0
  },
  {
    "id": "a62d939b-4ea6-4738-aa2b-0ff51764ba16",
    "data": [
      {
        "text": "j\u0027ai assez attendu",
        "userDefined": false
      }
    ],
    "isTemplate": false,
    "count": 0,
    "updated": 0
  },
  {
    "id": "be6f0356-fa68-42ad-93ea-640f55958f29",
    "data": [
      {
        "text": "j\u0027attends toujours",
        "userDefined": false
      }
    ],
    "isTemplate": false,
    "count": 0,
    "updated": 0
  },
  {
    "id": "4bae82b2-b84a-4592-8ed0-710e5571efd3",
    "data": [
      {
        "text": "j",
        "meta": "@sys.ignore",
        "userDefined": true
      },
      {
        "text": "\u0027",
        "userDefined": false
      },
      {
        "text": "ai",
        "meta": "@sys.ignore",
        "userDefined": true
      },
      {
        "text": " ",
        "userDefined": false
      },
      {
        "text": "attendu",
        "meta": "@sys.ignore",
        "userDefined": true
      }
    ],
    "isTemplate": false,
    "count": 0,
    "updated": 0
  },
  {
    "id": "0e00f9e1-fbe7-43a4-a7f1-92eb4dc4696a",
    "data": [
      {
        "text": "j\u0027attends encore",
        "userDefined": false
      }
    ],
    "isTemplate": false,
    "count": 0,
    "updated": 0
  }
]