[
  {
    "id": "c8d3e2c5-4c14-4d69-9c10-cc6dd2985ec8",
    "data": [
      {
        "text": "je",
        "meta": "@sys.ignore",
        "userDefined": true
      },
      {
        "text": " suis déjà là",
        "userDefined": false
      }
    ],
    "isTemplate": false,
    "count": 0,
    "updated": 0
  },
  {
    "id": "3ce0da30-67bf-4017-9fd3-514a0c59994f",
    "data": [
      {
        "text": "je",
        "meta": "@sys.ignore",
        "userDefined": true
      },
      {
        "text": " suis presque là",
        "userDefined": false
      }
    ],
    "isTemplate": false,
    "count": 0,
    "updated": 0
  },
  {
    "id": "40e11da6-9a05-438f-87f7-1348f99f201c",
    "data": [
      {
        "text": "maintenant je suis là",
        "userDefined": false
      }
    ],
    "isTemplate": false,
    "count": 0,
    "updated": 0
  },
  {
    "id": "3a880fa5-b89e-48fa-80a1-b314c2e9974e",
    "data": [
      {
        "text": "je",
        "meta": "@sys.ignore",
        "userDefined": true
      },
      {
        "text": " suis presqu\u0027",
        "userDefined": false
      },
      {
        "text": "ici",
        "meta": "@sys.ignore",
        "userDefined": true
      }
    ],
    "isTemplate": false,
    "count": 0,
    "updated": 0
  },
  {
    "id": "10008009-fd0f-4b7c-881a-bcb0b0c0cd42",
    "data": [
      {
        "text": "c\u0027est bon je suis là",
        "userDefined": false
      }
    ],
    "isTemplate": false,
    "count": 0,
    "updated": 0
  },
  {
    "id": "0b3a2614-3780-48bc-a445-739334188a26",
    "data": [
      {
        "text": "je suis ici",
        "userDefined": false
      }
    ],
    "isTemplate": false,
    "count": 0,
    "updated": 0
  },
  {
    "id": "105f4c84-e9cd-4452-853c-7ce4668a2651",
    "data": [
      {
        "text": "je suis là",
        "userDefined": false
      }
    ],
    "isTemplate": false,
    "count": 0,
    "updated": 0
  },
  {
    "id": "11388ccf-6b87-4bbb-bd90-82ca4e2b2a6c",
    "data": [
      {
        "text": "presque là",
        "userDefined": false
      }
    ],
    "isTemplate": false,
    "count": 0,
    "updated": 0
  },
  {
    "id": "22ad8480-234d-469c-a84a-39efcd05aea2",
    "data": [
      {
        "text": "je",
        "meta": "@sys.ignore",
        "userDefined": true
      },
      {
        "text": " suis là déjà",
        "userDefined": false
      }
    ],
    "isTemplate": false,
    "count": 0,
    "updated": 0
  },
  {
    "id": "b62dc9cd-47e0-4e1f-9e32-2bd1e160a102",
    "data": [
      {
        "text": "je",
        "meta": "@sys.ignore",
        "userDefined": true
      },
      {
        "text": " suis déjà ",
        "userDefined": false
      },
      {
        "text": "ici",
        "meta": "@sys.ignore",
        "userDefined": true
      }
    ],
    "isTemplate": false,
    "count": 0,
    "updated": 0
  }
]