[
  {
    "id": "58bff93d-9d37-4b5c-bc2d-45bcc1c5c5b5",
    "data": [
      {
        "text": "c\u0027est horrible",
        "userDefined": false
      }
    ],
    "isTemplate": false,
    "count": 0,
    "updated": 1508522628
  },
  {
    "id": "691b7b21-8dbe-4f11-9a36-909fbf6ff5f8",
    "data": [
      {
        "text": "mauvais",
        "userDefined": false
      }
    ],
    "isTemplate": false,
    "count": 0,
    "updated": 1508522628
  },
  {
    "id": "f28e3d7a-a3a4-4402-91e4-3181488050c0",
    "data": [
      {
        "text": "dégoûtant",
        "userDefined": false
      }
    ],
    "isTemplate": false,
    "count": 0,
    "updated": 1508522628
  },
  {
    "id": "85bb9d63-961f-4aa6-9b95-dde42ad35027",
    "data": [
      {
        "text": "dégoûtante",
        "userDefined": false
      }
    ],
    "isTemplate": false,
    "count": 0,
    "updated": 1508522628
  },
  {
    "id": "d97a74d6-189f-4c3c-b313-0c6bab936e59",
    "data": [
      {
        "text": "atroce",
        "userDefined": false
      }
    ],
    "isTemplate": false,
    "count": 0,
    "updated": 1508522628
  },
  {
    "id": "b552f2dd-95f6-4afb-a7b6-3402397e44e8",
    "data": [
      {
        "text": "ce n\u0027est pas bien",
        "userDefined": false
      }
    ],
    "isTemplate": false,
    "count": 0,
    "updated": 1508522628
  },
  {
    "id": "48230f21-7d4f-4806-964f-3326cff334c4",
    "data": [
      {
        "text": "mal",
        "userDefined": false
      }
    ],
    "isTemplate": false,
    "count": 0,
    "updated": 1508522628
  },
  {
    "id": "726dc738-d34a-487c-840d-87a5bb20d1f3",
    "data": [
      {
        "text": "dégueulas",
        "userDefined": false
      }
    ],
    "isTemplate": false,
    "count": 0,
    "updated": 1508522628
  },
  {
    "id": "945bccc4-489d-46c1-8cbd-9640cd9db847",
    "data": [
      {
        "text": "abominable",
        "userDefined": false
      }
    ],
    "isTemplate": false,
    "count": 0,
    "updated": 1508522628
  },
  {
    "id": "42b6998a-a711-422e-b063-df92059ab89f",
    "data": [
      {
        "text": "c\u0027est mauvais",
        "userDefined": false
      }
    ],
    "isTemplate": false,
    "count": 0,
    "updated": 1508522628
  },
  {
    "id": "db87582d-13bd-4257-bbb3-0a774335b27d",
    "data": [
      {
        "text": "mauvaise",
        "userDefined": false
      }
    ],
    "isTemplate": false,
    "count": 0,
    "updated": 1508522628
  },
  {
    "id": "36814e37-9c1c-4bf3-8276-20fe4739efa6",
    "data": [
      {
        "text": "dégueulasse",
        "userDefined": false
      }
    ],
    "isTemplate": false,
    "count": 0,
    "updated": 1508522628
  },
  {
    "id": "68701a6b-9b3b-4836-b68a-e548288b26be",
    "data": [
      {
        "text": "c\u0027est très mauvais",
        "userDefined": false
      }
    ],
    "isTemplate": false,
    "count": 0,
    "updated": 1508522628
  },
  {
    "id": "a3e48f5f-9b28-4616-a4e1-5a83a68f6fd0",
    "data": [
      {
        "text": "ignoble",
        "userDefined": false
      }
    ],
    "isTemplate": false,
    "count": 0,
    "updated": 1508522628
  },
  {
    "id": "301b666b-d7fd-4e11-8349-3afb1a274a9b",
    "data": [
      {
        "text": "déplorable",
        "userDefined": false
      }
    ],
    "isTemplate": false,
    "count": 0,
    "updated": 1508522628
  },
  {
    "id": "d304c5dc-4825-4632-a5c8-39691b599e29",
    "data": [
      {
        "text": "affreux",
        "userDefined": false
      }
    ],
    "isTemplate": false,
    "count": 0,
    "updated": 1508522628
  },
  {
    "id": "17b81bc1-707a-496b-bcbf-d70c454a87f6",
    "data": [
      {
        "text": "pas ",
        "userDefined": false
      },
      {
        "text": "bon",
        "meta": "@sys.ignore",
        "userDefined": false
      }
    ],
    "isTemplate": false,
    "count": 0,
    "updated": 1508522628
  },
  {
    "id": "19491b0a-5e3a-4fca-a9ad-a6a70aaee818",
    "data": [
      {
        "text": "moche",
        "userDefined": false
      }
    ],
    "isTemplate": false,
    "count": 0,
    "updated": 1508522628
  },
  {
    "id": "eddff702-f6f0-48c6-bc93-6d788bced43f",
    "data": [
      {
        "text": "pas ",
        "userDefined": false
      },
      {
        "text": "bonne",
        "meta": "@sys.ignore",
        "userDefined": false
      }
    ],
    "isTemplate": false,
    "count": 0,
    "updated": 1508522628
  },
  {
    "id": "7cbb6210-8d50-4596-9449-8a52a1491dbb",
    "data": [
      {
        "text": "détestable",
        "userDefined": false
      }
    ],
    "isTemplate": false,
    "count": 0,
    "updated": 1508522628
  },
  {
    "id": "d6c808f5-cf98-43c1-b103-90ac3df1896c",
    "data": [
      {
        "text": "horrible",
        "userDefined": false
      }
    ],
    "isTemplate": false,
    "count": 0,
    "updated": 1508522628
  },
  {
    "id": "97e15c2d-a643-41bf-a631-7ba14137ed49",
    "data": [
      {
        "text": "minable",
        "userDefined": false
      }
    ],
    "isTemplate": false,
    "count": 0,
    "updated": 1508522628
  },
  {
    "id": "d24c7a8e-b725-4dd5-97a7-34d702b72707",
    "data": [
      {
        "text": "répugnant",
        "userDefined": false
      }
    ],
    "isTemplate": false,
    "count": 0,
    "updated": 1508522628
  },
  {
    "id": "b3d1d398-5503-4ac7-9a36-89dd0ab7e35a",
    "data": [
      {
        "text": "déplaisant",
        "userDefined": false
      }
    ],
    "isTemplate": false,
    "count": 0,
    "updated": 1508522628
  },
  {
    "id": "a2c160a6-828e-4d21-812a-d953baa7e178",
    "data": [
      {
        "text": "désagréable",
        "userDefined": false
      }
    ],
    "isTemplate": false,
    "count": 0,
    "updated": 1508522628
  },
  {
    "id": "44e368fc-ddba-48f6-af94-ec7bc7a66ce8",
    "data": [
      {
        "text": "raté",
        "userDefined": false
      }
    ],
    "isTemplate": false,
    "count": 0,
    "updated": 1508522628
  },
  {
    "id": "3befbf4c-e3b5-45eb-8505-500024e5930e",
    "data": [
      {
        "text": "foutu",
        "userDefined": false
      }
    ],
    "isTemplate": false,
    "count": 0,
    "updated": 1508522628
  },
  {
    "id": "9d41bf95-3b00-4227-ba15-3d58c3b2868d",
    "data": [
      {
        "text": "pitoyable",
        "userDefined": false
      }
    ],
    "isTemplate": false,
    "count": 0,
    "updated": 1508522628
  },
  {
    "id": "926fefa4-6c08-4c83-8c0a-a009a6fee276",
    "data": [
      {
        "text": "pas cools",
        "userDefined": false
      }
    ],
    "isTemplate": false,
    "count": 0,
    "updated": 1508522628
  },
  {
    "id": "b3e1f909-adc8-4797-af65-9985cb20fec7",
    "data": [
      {
        "text": "pas bien",
        "userDefined": false
      }
    ],
    "isTemplate": false,
    "count": 0,
    "updated": 1508522628
  },
  {
    "id": "c429eebc-36b0-4c63-b5a6-62f37370351d",
    "data": [
      {
        "text": "pas ",
        "userDefined": false
      },
      {
        "text": "bonnes",
        "meta": "@sys.ignore",
        "userDefined": false
      }
    ],
    "isTemplate": false,
    "count": 0,
    "updated": 1508522628
  },
  {
    "id": "9900b52c-6a6f-4fa3-b3df-e087e8093991",
    "data": [
      {
        "text": "terrible",
        "userDefined": false
      }
    ],
    "isTemplate": false,
    "count": 0,
    "updated": 1508522628
  },
  {
    "id": "be1ef97b-d49d-479e-b8b2-17c1826e9d56",
    "data": [
      {
        "text": "nul",
        "meta": "@sys.ignore",
        "userDefined": false
      }
    ],
    "isTemplate": false,
    "count": 0,
    "updated": 1508522628
  },
  {
    "id": "16ea6ee1-5274-4681-80d9-61e822816b61",
    "data": [
      {
        "text": "épouvantable",
        "userDefined": false
      }
    ],
    "isTemplate": false,
    "count": 0,
    "updated": 1508522628
  },
  {
    "id": "d02f1324-14f2-4a3d-a156-ca89d9054d01",
    "data": [
      {
        "text": "pas ",
        "userDefined": false
      },
      {
        "text": "cool",
        "meta": "@sys.ignore",
        "userDefined": false
      }
    ],
    "isTemplate": false,
    "count": 0,
    "updated": 1508522628
  },
  {
    "id": "832f4b65-82d8-4803-8c9f-83ea88aba623",
    "data": [
      {
        "text": "pas ",
        "userDefined": false
      },
      {
        "text": "bons",
        "meta": "@sys.ignore",
        "userDefined": false
      }
    ],
    "isTemplate": false,
    "count": 0,
    "updated": 1508522628
  },
  {
    "id": "4a721cb7-0648-4fdd-b21b-f7efcfd6f859",
    "data": [
      {
        "text": "répugnante",
        "userDefined": false
      }
    ],
    "isTemplate": false,
    "count": 0,
    "updated": 1508522628
  },
  {
    "id": "36d95c69-2263-4ee5-8658-ca003f905c2a",
    "data": [
      {
        "text": "mediocre",
        "userDefined": false
      }
    ],
    "isTemplate": false,
    "count": 0,
    "updated": 1508522628
  },
  {
    "id": "ee822495-c132-45db-a4b4-efef66ec54a6",
    "data": [
      {
        "text": "fichu",
        "userDefined": false
      }
    ],
    "isTemplate": false,
    "count": 0,
    "updated": 1508522628
  },
  {
    "id": "8d119370-6946-498c-b693-72922cd79c37",
    "data": [
      {
        "text": "dégoûtantes",
        "userDefined": false
      }
    ],
    "isTemplate": false,
    "count": 0,
    "updated": 1508522628
  },
  {
    "id": "14309859-2283-4835-af8b-bf7e0d8d76cd",
    "data": [
      {
        "text": "répugnants",
        "userDefined": false
      }
    ],
    "isTemplate": false,
    "count": 0,
    "updated": 1508522628
  },
  {
    "id": "bdc3ba9e-c189-4537-ba94-be47d7b4c394",
    "data": [
      {
        "text": "affreuses",
        "userDefined": false
      }
    ],
    "isTemplate": false,
    "count": 0,
    "updated": 1508522628
  },
  {
    "id": "58af0c5d-e633-4d9a-b4dd-fdff017bda99",
    "data": [
      {
        "text": "atroces",
        "userDefined": false
      }
    ],
    "isTemplate": false,
    "count": 0,
    "updated": 1508522628
  },
  {
    "id": "d9fb15ba-4308-4994-80f2-80abd4ebf59e",
    "data": [
      {
        "text": "ignobles",
        "userDefined": false
      }
    ],
    "isTemplate": false,
    "count": 0,
    "updated": 1508522628
  },
  {
    "id": "b187378c-e6b6-4393-8d75-6ee42a015466",
    "data": [
      {
        "text": "dégoûtants",
        "userDefined": false
      }
    ],
    "isTemplate": false,
    "count": 0,
    "updated": 1508522628
  },
  {
    "id": "63ca7b74-21cf-4d00-b075-4f363d5688e4",
    "data": [
      {
        "text": "abominables",
        "userDefined": false
      }
    ],
    "isTemplate": false,
    "count": 0,
    "updated": 1508522628
  },
  {
    "id": "349f4f29-5543-427f-9417-c888a9b8641e",
    "data": [
      {
        "text": "répugnantes",
        "userDefined": false
      }
    ],
    "isTemplate": false,
    "count": 0,
    "updated": 1508522628
  },
  {
    "id": "5917d08e-466e-4c4b-8f81-6f6ca78798a6",
    "data": [
      {
        "text": "nuls",
        "userDefined": false
      }
    ],
    "isTemplate": false,
    "count": 0,
    "updated": 1508522628
  },
  {
    "id": "100187d4-c025-4139-8680-cd6ac8de1e3a",
    "data": [
      {
        "text": "nulles",
        "userDefined": false
      }
    ],
    "isTemplate": false,
    "count": 0,
    "updated": 1508522628
  },
  {
    "id": "a5021f96-ad42-4941-9116-aae8db858f89",
    "data": [
      {
        "text": "ratée",
        "userDefined": false
      }
    ],
    "isTemplate": false,
    "count": 0,
    "updated": 1508522628
  },
  {
    "id": "5d650cb3-2d69-4d36-b2b5-4ec2e3ab74c8",
    "data": [
      {
        "text": "affreuse",
        "userDefined": false
      }
    ],
    "isTemplate": false,
    "count": 0,
    "updated": 1508522628
  },
  {
    "id": "a67e1fb7-7eed-4335-a37e-498eff9165e5",
    "data": [
      {
        "text": "dégueulasses",
        "userDefined": false
      }
    ],
    "isTemplate": false,
    "count": 0,
    "updated": 1508522628
  },
  {
    "id": "fec7e92b-1fef-42cc-8aef-62a449df268d",
    "data": [
      {
        "text": "déplorables",
        "userDefined": false
      }
    ],
    "isTemplate": false,
    "count": 0,
    "updated": 1508522628
  },
  {
    "id": "29349a53-1071-4339-8677-8d84c2d06136",
    "data": [
      {
        "text": "minables",
        "userDefined": false
      }
    ],
    "isTemplate": false,
    "count": 0,
    "updated": 1508522628
  },
  {
    "id": "390e5283-a18c-49e8-84eb-6fe2408f69cb",
    "data": [
      {
        "text": "mediocres",
        "userDefined": false
      }
    ],
    "isTemplate": false,
    "count": 0,
    "updated": 1508522628
  },
  {
    "id": "40051827-c4af-4a9a-ba3f-c6cd1c147aad",
    "data": [
      {
        "text": "terribles",
        "userDefined": false
      }
    ],
    "isTemplate": false,
    "count": 0,
    "updated": 1508522628
  },
  {
    "id": "1208abec-8871-4e7a-b906-c4e44f5dd2d3",
    "data": [
      {
        "text": "déplaisants",
        "userDefined": false
      }
    ],
    "isTemplate": false,
    "count": 0,
    "updated": 1508522628
  },
  {
    "id": "496887de-98a2-432f-a275-1e3ed14f50af",
    "data": [
      {
        "text": "détestables",
        "userDefined": false
      }
    ],
    "isTemplate": false,
    "count": 0,
    "updated": 1508522628
  },
  {
    "id": "e6cc8fe7-814c-4d9c-a066-51e8b46c8171",
    "data": [
      {
        "text": "horribles",
        "userDefined": false
      }
    ],
    "isTemplate": false,
    "count": 0,
    "updated": 1508522628
  },
  {
    "id": "f555b8d9-13a3-45be-88e8-c6de5ecdc134",
    "data": [
      {
        "text": "ratées",
        "userDefined": false
      }
    ],
    "isTemplate": false,
    "count": 0,
    "updated": 1508522628
  },
  {
    "id": "ecae9f16-8180-4e7a-81a2-defa5aa796d6",
    "data": [
      {
        "text": "ratés",
        "userDefined": false
      }
    ],
    "isTemplate": false,
    "count": 0,
    "updated": 1508522628
  },
  {
    "id": "e4b4c7c2-7ef9-45a1-9ab1-7b7e267445f7",
    "data": [
      {
        "text": "déplaisantes",
        "userDefined": false
      }
    ],
    "isTemplate": false,
    "count": 0,
    "updated": 1508522628
  },
  {
    "id": "629144b0-5ef4-4836-a5dd-6960421f8048",
    "data": [
      {
        "text": "épouvantables",
        "userDefined": false
      }
    ],
    "isTemplate": false,
    "count": 0,
    "updated": 1508522628
  },
  {
    "id": "4d72818d-d03c-4703-be6f-5d27cb590d12",
    "data": [
      {
        "text": "nulle",
        "userDefined": false
      }
    ],
    "isTemplate": false,
    "count": 0,
    "updated": 1508522628
  },
  {
    "id": "72ea7b8f-9aa0-4793-966c-8b707941d2c1",
    "data": [
      {
        "text": "désagréables",
        "userDefined": false
      }
    ],
    "isTemplate": false,
    "count": 0,
    "updated": 1508522628
  },
  {
    "id": "a68cea48-edc5-4310-bce0-58a1e303398c",
    "data": [
      {
        "text": "fichues",
        "userDefined": false
      }
    ],
    "isTemplate": false,
    "count": 0,
    "updated": 1508522628
  },
  {
    "id": "882e3df2-714c-4e86-8c89-68751a8064f2",
    "data": [
      {
        "text": "ceci est mal",
        "userDefined": false
      }
    ],
    "isTemplate": false,
    "count": 0,
    "updated": 1508522628
  },
  {
    "id": "5ba55c6e-b94a-49c5-a835-ec8e9e1f4ae8",
    "data": [
      {
        "text": "foutues",
        "userDefined": false
      }
    ],
    "isTemplate": false,
    "count": 0,
    "updated": 1508522628
  },
  {
    "id": "43784d6b-ec7e-447d-8633-4b7dc033a7a7",
    "data": [
      {
        "text": "c\u0027est mal",
        "userDefined": false
      }
    ],
    "isTemplate": false,
    "count": 1,
    "updated": 1508522628
  },
  {
    "id": "d4b472f9-dba2-4df2-8d6f-ebbfee45cb24",
    "data": [
      {
        "text": "c\u0027est très ",
        "userDefined": false
      },
      {
        "text": "nul",
        "meta": "@sys.ignore",
        "userDefined": false
      }
    ],
    "isTemplate": false,
    "count": 0,
    "updated": 1508522628
  },
  {
    "id": "5016fd30-f4ea-4d26-9b27-d9af222b05a6",
    "data": [
      {
        "text": "fichue",
        "userDefined": false
      }
    ],
    "isTemplate": false,
    "count": 0,
    "updated": 1508522628
  },
  {
    "id": "cc4a52c3-28b9-47ba-92c2-b96ac0e3a078",
    "data": [
      {
        "text": "c\u0027est pas bien",
        "userDefined": false
      }
    ],
    "isTemplate": false,
    "count": 1,
    "updated": 1508522628
  },
  {
    "id": "7351dcec-1f99-4fee-b959-184024c54723",
    "data": [
      {
        "text": "foutue",
        "userDefined": false
      }
    ],
    "isTemplate": false,
    "count": 0,
    "updated": 1508522628
  },
  {
    "id": "47c4943b-2b5e-4a24-970e-1383a2dd97c9",
    "data": [
      {
        "text": "foutus",
        "userDefined": false
      }
    ],
    "isTemplate": false,
    "count": 0,
    "updated": 1508522628
  },
  {
    "id": "074a1b60-81ec-4e4f-8522-de3232a48e5b",
    "data": [
      {
        "text": "cela est mauvais",
        "userDefined": false
      }
    ],
    "isTemplate": false,
    "count": 0,
    "updated": 1508522628
  },
  {
    "id": "486f4423-950f-41f5-95f5-17ed9a97299f",
    "data": [
      {
        "text": "cela est trop mauvais",
        "userDefined": false
      }
    ],
    "isTemplate": false,
    "count": 0,
    "updated": 1508522628
  },
  {
    "id": "4b2bc50d-5f6b-4f9e-bbb1-31c278a5c93e",
    "data": [
      {
        "text": "c\u0027est très mal",
        "userDefined": false
      }
    ],
    "isTemplate": false,
    "count": 1,
    "updated": 1508522628
  },
  {
    "id": "f49308c4-4999-4e14-9a14-ba7a2f256c01",
    "data": [
      {
        "text": "nuuul",
        "userDefined": false
      }
    ],
    "isTemplate": false,
    "count": 0,
    "updated": 1508522628
  },
  {
    "id": "15ffe89d-242f-4056-b399-78ffcf1a3f95",
    "data": [
      {
        "text": "cela est trop mal",
        "userDefined": false
      }
    ],
    "isTemplate": false,
    "count": 0,
    "updated": 1508522628
  },
  {
    "id": "ea6bcdc6-2f22-42a9-96d6-a64249b90934",
    "data": [
      {
        "text": "trop ",
        "userDefined": false
      },
      {
        "text": "nul",
        "meta": "@sys.ignore",
        "userDefined": false
      }
    ],
    "isTemplate": false,
    "count": 0,
    "updated": 1508522628
  },
  {
    "id": "b8993ec9-070d-40a1-b5a6-df4bae16fd12",
    "data": [
      {
        "text": "c\u0027est trop mal",
        "userDefined": false
      }
    ],
    "isTemplate": false,
    "count": 0,
    "updated": 1508522628
  },
  {
    "id": "defa559a-1d46-45b4-84c7-5dac0323f67f",
    "data": [
      {
        "text": "pitoyables",
        "userDefined": false
      }
    ],
    "isTemplate": false,
    "count": 0,
    "updated": 1508522628
  },
  {
    "id": "c09ff292-6361-4414-9e12-6289722897d3",
    "data": [
      {
        "text": "c\u0027est ",
        "userDefined": false
      },
      {
        "text": "nul",
        "meta": "@sys.ignore",
        "userDefined": false
      }
    ],
    "isTemplate": false,
    "count": 0,
    "updated": 1508522628
  },
  {
    "id": "a253473b-24c7-4abb-962e-a335a23b2f44",
    "data": [
      {
        "text": "moches",
        "userDefined": false
      }
    ],
    "isTemplate": false,
    "count": 0,
    "updated": 1508522628
  },
  {
    "id": "da11608c-2dc9-4761-a130-9d687313c412",
    "data": [
      {
        "text": "fichus",
        "userDefined": false
      }
    ],
    "isTemplate": false,
    "count": 0,
    "updated": 1508522628
  },
  {
    "id": "6373d3e3-00af-4486-91c8-820fec579fb2",
    "data": [
      {
        "text": "cela est mal",
        "userDefined": false
      }
    ],
    "isTemplate": false,
    "count": 0,
    "updated": 1508522628
  },
  {
    "id": "29735686-b92b-43ce-a288-b18e85ee4715",
    "data": [
      {
        "text": "ceci est trop mal",
        "userDefined": false
      }
    ],
    "isTemplate": false,
    "count": 0,
    "updated": 1508522628
  },
  {
    "id": "306f49ba-d39b-435d-96ff-6c4f0dc71197",
    "data": [
      {
        "text": "nuul",
        "userDefined": false
      }
    ],
    "isTemplate": false,
    "count": 0,
    "updated": 1508522628
  },
  {
    "id": "7c9f4d0b-7f3e-433e-9c95-17453e1883d9",
    "data": [
      {
        "text": "ceci est mauvais",
        "userDefined": false
      }
    ],
    "isTemplate": false,
    "count": 0,
    "updated": 1508522628
  },
  {
    "id": "3c2d7863-ded0-4071-9d21-f7130e9ccf43",
    "data": [
      {
        "text": "c\u0027est trop ",
        "userDefined": false
      },
      {
        "text": "nul",
        "meta": "@sys.ignore",
        "userDefined": false
      }
    ],
    "isTemplate": false,
    "count": 0,
    "updated": 1508522628
  },
  {
    "id": "0aa89f13-c99e-4ac7-b04f-808d0743e965",
    "data": [
      {
        "text": "c\u0027est trop trop ",
        "userDefined": false
      },
      {
        "text": "nul",
        "meta": "@sys.ignore",
        "userDefined": false
      }
    ],
    "isTemplate": false,
    "count": 0,
    "updated": 1508522628
  },
  {
    "id": "02051087-a6ff-48c8-9b14-1029c5681d25",
    "data": [
      {
        "text": "ceci est trop mauvais",
        "userDefined": false
      }
    ],
    "isTemplate": false,
    "count": 0,
    "updated": 1508522628
  }
]