[
  {
    "id": "42786fa4-d72e-4ade-aab1-c2b0cf4a5d0b",
    "data": [
      {
        "text": "je suis bien",
        "userDefined": false
      }
    ],
    "isTemplate": false,
    "count": 0,
    "updated": 0
  },
  {
    "id": "c32fa470-c7a3-4df9-aa82-b8b85197acae",
    "data": [
      {
        "text": "je suis chouette",
        "userDefined": false
      }
    ],
    "isTemplate": false,
    "count": 0,
    "updated": 0
  },
  {
    "id": "c8821824-911b-4a60-a0bf-3103f305345b",
    "data": [
      {
        "text": "je suis parfaite",
        "userDefined": false
      }
    ],
    "isTemplate": false,
    "count": 0,
    "updated": 0
  },
  {
    "id": "f58a9bb7-db32-45d5-a4b3-440b846977d5",
    "data": [
      {
        "text": "je suis tellement bien",
        "userDefined": false
      }
    ],
    "isTemplate": false,
    "count": 0,
    "updated": 0
  },
  {
    "id": "9ff2c005-b472-497c-a448-d28fe2759cfd",
    "data": [
      {
        "text": "je",
        "meta": "@sys.ignore",
        "userDefined": true
      },
      {
        "text": " suis cool",
        "userDefined": false
      }
    ],
    "isTemplate": false,
    "count": 0,
    "updated": 0
  },
  {
    "id": "6eeba03c-3296-40b5-8424-60a53aac970e",
    "data": [
      {
        "text": "je suis tellement cool",
        "userDefined": false
      }
    ],
    "isTemplate": false,
    "count": 0,
    "updated": 0
  },
  {
    "id": "3d2d44eb-4fe9-4794-a9e8-9fad2a8e7644",
    "data": [
      {
        "text": "je suis ",
        "userDefined": false
      },
      {
        "text": "une",
        "meta": "@sys.ignore",
        "userDefined": false
      },
      {
        "text": " bonne personne",
        "userDefined": false
      }
    ],
    "isTemplate": false,
    "count": 0,
    "updated": 0
  },
  {
    "id": "2eff1efb-a0f6-49f1-a3fc-4a9caab583fa",
    "data": [
      {
        "text": "je suis super cool",
        "userDefined": false
      }
    ],
    "isTemplate": false,
    "count": 0,
    "updated": 0
  },
  {
    "id": "c4dca6bf-00fd-47f3-9e9e-9bf9f26233f3",
    "data": [
      {
        "text": "je suis",
        "meta": "@sys.ignore",
        "userDefined": true
      },
      {
        "text": " super",
        "userDefined": false
      }
    ],
    "isTemplate": false,
    "count": 0,
    "updated": 0
  },
  {
    "id": "e542ec0e-8ae1-4d4e-ae9c-6f8cd80fb391",
    "data": [
      {
        "text": "je suis parfait",
        "userDefined": false
      }
    ],
    "isTemplate": false,
    "count": 0,
    "updated": 0
  },
  {
    "id": "309082e2-cb88-48a0-ae04-f99097bb3486",
    "data": [
      {
        "text": "je",
        "meta": "@sys.ignore",
        "userDefined": true
      },
      {
        "text": " suis trop ",
        "userDefined": false
      },
      {
        "text": "cool",
        "meta": "@sys.ignore",
        "userDefined": true
      }
    ],
    "isTemplate": false,
    "count": 0,
    "updated": 0
  }
]