[
  {
    "id": "c0e74547-8f39-4f77-a619-b47fbe9f97fd",
    "data": [
      {
        "text": "ça me met en colère",
        "userDefined": false
      }
    ],
    "isTemplate": false,
    "count": 0,
    "updated": 1508522628
  },
  {
    "id": "ad727d97-2ebc-4435-b7f8-42e071ea4416",
    "data": [
      {
        "text": "je suis en colère",
        "userDefined": false
      }
    ],
    "isTemplate": false,
    "count": 0,
    "updated": 1508522628
  },
  {
    "id": "69e1a2d6-42da-4402-b856-f87206c2ad95",
    "data": [
      {
        "text": "ça me rend furieux",
        "userDefined": false
      }
    ],
    "isTemplate": false,
    "count": 0,
    "updated": 1508522628
  },
  {
    "id": "cc7db5fe-d326-4e4f-9721-c291f9c428f6",
    "data": [
      {
        "text": "je",
        "meta": "@sys.ignore",
        "userDefined": true
      },
      {
        "text": " suis énervé",
        "userDefined": false
      }
    ],
    "isTemplate": false,
    "count": 0,
    "updated": 1508522628
  },
  {
    "id": "49ee78db-3aa6-42d9-a159-abd0a574a424",
    "data": [
      {
        "text": "fâchées",
        "userDefined": false
      }
    ],
    "isTemplate": false,
    "count": 0,
    "updated": 1508522628
  },
  {
    "id": "c03eb5db-b41d-46c7-84ee-7c8062d79d7f",
    "data": [
      {
        "text": "je",
        "meta": "@sys.ignore",
        "userDefined": true
      },
      {
        "text": " suis ",
        "userDefined": false
      },
      {
        "text": "super",
        "meta": "@sys.ignore",
        "userDefined": true
      },
      {
        "text": " fâché",
        "userDefined": false
      }
    ],
    "isTemplate": false,
    "count": 0,
    "updated": 1508522628
  },
  {
    "id": "21b2d09b-cf8c-4268-9999-ad5b9c720e9f",
    "data": [
      {
        "text": "je",
        "meta": "@sys.ignore",
        "userDefined": true
      },
      {
        "text": " suis trop fâchée",
        "userDefined": false
      }
    ],
    "isTemplate": false,
    "count": 0,
    "updated": 1508522628
  },
  {
    "id": "4a16335a-af11-464e-b911-f679b6694439",
    "data": [
      {
        "text": "je",
        "meta": "@sys.ignore",
        "userDefined": true
      },
      {
        "text": " suis ",
        "userDefined": false
      },
      {
        "text": "super",
        "meta": "@sys.ignore",
        "userDefined": true
      },
      {
        "text": " fâchée",
        "userDefined": false
      }
    ],
    "isTemplate": false,
    "count": 0,
    "updated": 1508522628
  },
  {
    "id": "68d909ca-4764-48f6-88e4-26a57e9d9f8c",
    "data": [
      {
        "text": "je",
        "meta": "@sys.ignore",
        "userDefined": true
      },
      {
        "text": " suis trop fâché",
        "userDefined": false
      }
    ],
    "isTemplate": false,
    "count": 0,
    "updated": 1508522628
  },
  {
    "id": "540fab63-0362-4e7e-941c-0c98d4771548",
    "data": [
      {
        "text": "ça",
        "meta": "@sys.ignore",
        "userDefined": true
      },
      {
        "text": " ",
        "userDefined": false
      },
      {
        "text": "m",
        "meta": "@sys.ignore",
        "userDefined": true
      },
      {
        "text": "\u0027énerve",
        "userDefined": false
      }
    ],
    "isTemplate": false,
    "count": 0,
    "updated": 1508522628
  },
  {
    "id": "b54ffb69-49a2-48d7-87c9-bce88a8ff425",
    "data": [
      {
        "text": "je",
        "meta": "@sys.ignore",
        "userDefined": true
      },
      {
        "text": " suis énervée",
        "userDefined": false
      }
    ],
    "isTemplate": false,
    "count": 0,
    "updated": 1508522628
  },
  {
    "id": "d53e10fc-5243-44ff-b93b-807b43cb72b4",
    "data": [
      {
        "text": "fâché",
        "userDefined": false
      }
    ],
    "isTemplate": false,
    "count": 0,
    "updated": 1508522628
  },
  {
    "id": "5dda2df3-9a1b-46cc-a79b-7c894bf3925f",
    "data": [
      {
        "text": "fâchée",
        "userDefined": false
      }
    ],
    "isTemplate": false,
    "count": 0,
    "updated": 1508522628
  },
  {
    "id": "7a8db189-c3ea-4eb9-aa04-e2fb972aa1c3",
    "data": [
      {
        "text": "fâchés",
        "userDefined": false
      }
    ],
    "isTemplate": false,
    "count": 0,
    "updated": 1508522628
  },
  {
    "id": "7b612ab7-50ae-4436-ae2d-e944bf32da71",
    "data": [
      {
        "text": "faché",
        "userDefined": false
      }
    ],
    "isTemplate": false,
    "count": 0,
    "updated": 1508522628
  },
  {
    "id": "556c8bc4-52db-450b-8015-1f88a80d8ac6",
    "data": [
      {
        "text": "je suis furieuse",
        "userDefined": false
      }
    ],
    "isTemplate": false,
    "count": 0,
    "updated": 1508522628
  },
  {
    "id": "9b4249c0-e5e3-471d-931c-da5f6d1e5718",
    "data": [
      {
        "text": "je",
        "meta": "@sys.ignore",
        "userDefined": true
      },
      {
        "text": " suis fâchée",
        "userDefined": false
      }
    ],
    "isTemplate": false,
    "count": 0,
    "updated": 1508522628
  },
  {
    "id": "3e2c559f-e14a-4475-9ea1-b808714c392d",
    "data": [
      {
        "text": "je suis furieux",
        "userDefined": false
      }
    ],
    "isTemplate": false,
    "count": 0,
    "updated": 1508522628
  },
  {
    "id": "2b1e1618-8241-4cbd-9a1c-3124d9d72b74",
    "data": [
      {
        "text": "fachée",
        "userDefined": false
      }
    ],
    "isTemplate": false,
    "count": 0,
    "updated": 1508522628
  },
  {
    "id": "29f08b41-54ec-4ac6-bacc-3698c0e84ba3",
    "data": [
      {
        "text": "je",
        "meta": "@sys.ignore",
        "userDefined": true
      },
      {
        "text": " suis fâché",
        "userDefined": false
      }
    ],
    "isTemplate": false,
    "count": 1,
    "updated": 1508522628
  }
]