[
  {
    "id": "0dd022fd-0d9f-4ba8-b6f1-adeba97e8884",
    "data": [
      {
        "text": "je suis tellement bien",
        "userDefined": false
      }
    ],
    "isTemplate": false,
    "count": 0,
    "updated": 1508522627
  },
  {
    "id": "ffe10f46-7513-493c-907a-1fc0f8067430",
    "data": [
      {
        "text": "je suis parfaite",
        "userDefined": false
      }
    ],
    "isTemplate": false,
    "count": 0,
    "updated": 1508522627
  },
  {
    "id": "eb4b6137-ee45-4fc8-a89e-79b4075acb05",
    "data": [
      {
        "text": "je suis parfait",
        "userDefined": false
      }
    ],
    "isTemplate": false,
    "count": 0,
    "updated": 1508522627
  },
  {
    "id": "4546edf3-3975-4b7e-92b3-63c04acf4288",
    "data": [
      {
        "text": "je",
        "meta": "@sys.ignore",
        "userDefined": true
      },
      {
        "text": " suis trop ",
        "userDefined": false
      },
      {
        "text": "cool",
        "meta": "@sys.ignore",
        "userDefined": true
      }
    ],
    "isTemplate": false,
    "count": 0,
    "updated": 1508522627
  },
  {
    "id": "51e018db-3ba3-4891-b44a-903b44337e13",
    "data": [
      {
        "text": "je suis bien",
        "userDefined": false
      }
    ],
    "isTemplate": false,
    "count": 0,
    "updated": 1508522627
  },
  {
    "id": "133e8bad-e3b3-41a1-9d81-27151677d270",
    "data": [
      {
        "text": "je suis tellement cool",
        "userDefined": false
      }
    ],
    "isTemplate": false,
    "count": 0,
    "updated": 1508522627
  },
  {
    "id": "0fb7cf8e-5ba5-4765-b5d7-baea12e4fb52",
    "data": [
      {
        "text": "je suis ",
        "userDefined": false
      },
      {
        "text": "une",
        "meta": "@sys.ignore",
        "userDefined": false
      },
      {
        "text": " bonne personne",
        "userDefined": false
      }
    ],
    "isTemplate": false,
    "count": 0,
    "updated": 1508522627
  },
  {
    "id": "06642335-57f9-425a-9f60-ec18750158bf",
    "data": [
      {
        "text": "je suis super cool",
        "userDefined": false
      }
    ],
    "isTemplate": false,
    "count": 0,
    "updated": 1508522627
  },
  {
    "id": "ceb2111c-04e5-40e3-a293-81fcb6324fa9",
    "data": [
      {
        "text": "je suis chouette",
        "userDefined": false
      }
    ],
    "isTemplate": false,
    "count": 0,
    "updated": 1508522627
  },
  {
    "id": "c3d6c70c-06d0-48a5-b866-a6371a336a99",
    "data": [
      {
        "text": "je suis",
        "meta": "@sys.ignore",
        "userDefined": true
      },
      {
        "text": " super",
        "userDefined": false
      }
    ],
    "isTemplate": false,
    "count": 0,
    "updated": 1508522627
  },
  {
    "id": "3049b9c9-4fa9-4034-b91c-732bcd2ae570",
    "data": [
      {
        "text": "je",
        "meta": "@sys.ignore",
        "userDefined": true
      },
      {
        "text": " suis cool",
        "userDefined": false
      }
    ],
    "isTemplate": false,
    "count": 0,
    "updated": 1508522627
  }
]