[
  {
    "id": "d3e546de-b5f3-4067-9502-6ddeb0e92702",
    "data": [
      {
        "text": "bonsoir à vous",
        "userDefined": false
      }
    ],
    "isTemplate": false,
    "count": 0,
    "updated": 1508522626
  },
  {
    "id": "f4c35d20-3c2c-4941-a5f1-9b5d9490b383",
    "data": [
      {
        "text": "j\u0027espère que tu passes ",
        "userDefined": false
      },
      {
        "text": "une",
        "meta": "@sys.ignore",
        "userDefined": false
      },
      {
        "text": " ",
        "userDefined": false
      },
      {
        "text": "bonne",
        "meta": "@sys.ignore",
        "userDefined": false
      },
      {
        "text": " soirée",
        "userDefined": false
      }
    ],
    "isTemplate": false,
    "count": 0,
    "updated": 1508522626
  },
  {
    "id": "a186b537-7605-4e42-9b63-a67231b66a91",
    "data": [
      {
        "text": "tu passes ",
        "userDefined": false
      },
      {
        "text": "une",
        "meta": "@sys.ignore",
        "userDefined": false
      },
      {
        "text": " ",
        "userDefined": false
      },
      {
        "text": "bonne",
        "meta": "@sys.ignore",
        "userDefined": false
      },
      {
        "text": " soirée",
        "userDefined": false
      }
    ],
    "isTemplate": false,
    "count": 0,
    "updated": 1508522626
  },
  {
    "id": "45eca530-4406-4935-967c-bd5b530d0a0d",
    "data": [
      {
        "text": "soir",
        "meta": "@sys.ignore",
        "userDefined": false
      },
      {
        "text": " à toi",
        "userDefined": false
      }
    ],
    "isTemplate": false,
    "count": 0,
    "updated": 1508522626
  },
  {
    "id": "d711d40d-001e-4444-94fc-c37707f40439",
    "data": [
      {
        "text": "bonsoir",
        "userDefined": false
      }
    ],
    "isTemplate": false,
    "count": 0,
    "updated": 1508522626
  },
  {
    "id": "a7f66e88-c558-40c1-8017-681bc69479c1",
    "data": [
      {
        "text": "salut bonsoir",
        "userDefined": false
      }
    ],
    "isTemplate": false,
    "count": 0,
    "updated": 1508522626
  },
  {
    "id": "2e3ed657-07c8-4f97-a5ae-c1cb7865a7b0",
    "data": [
      {
        "text": "soir",
        "meta": "@sys.ignore",
        "userDefined": false
      }
    ],
    "isTemplate": false,
    "count": 0,
    "updated": 1508522626
  },
  {
    "id": "4dc0e6f3-5236-446b-81ca-64a28a45283a",
    "data": [
      {
        "text": "bon",
        "meta": "@sys.ignore",
        "userDefined": false
      },
      {
        "text": " ",
        "userDefined": false
      },
      {
        "text": "soir",
        "meta": "@sys.ignore",
        "userDefined": false
      }
    ],
    "isTemplate": false,
    "count": 0,
    "updated": 1508522626
  },
  {
    "id": "46747e65-9958-4609-a4b0-41a849da828b",
    "data": [
      {
        "text": "bonsoir à toi",
        "userDefined": false
      }
    ],
    "isTemplate": false,
    "count": 0,
    "updated": 1508522626
  },
  {
    "id": "97765a34-c660-4421-bdd4-835ca0e09bc2",
    "data": [
      {
        "text": "est-ce que tu passes ",
        "userDefined": false
      },
      {
        "text": "une",
        "meta": "@sys.ignore",
        "userDefined": false
      },
      {
        "text": " ",
        "userDefined": false
      },
      {
        "text": "bonne",
        "meta": "@sys.ignore",
        "userDefined": false
      },
      {
        "text": " soirée",
        "userDefined": false
      }
    ],
    "isTemplate": false,
    "count": 0,
    "updated": 1508522626
  }
]