[
  {
    "id": "f355497a-df85-4d7d-a717-729554a521a7",
    "data": [
      {
        "text": "à plus",
        "userDefined": false
      }
    ],
    "isTemplate": false,
    "count": 0,
    "updated": 1508522627
  },
  {
    "id": "f572d034-d5ca-4004-b500-6ff5aafdf6cf",
    "data": [
      {
        "text": "à plus tard",
        "userDefined": false
      }
    ],
    "isTemplate": false,
    "count": 0,
    "updated": 1508522627
  },
  {
    "id": "f38685e8-abed-40d8-bb77-9155aecf1a3b",
    "data": [
      {
        "text": "bye bye",
        "userDefined": false
      }
    ],
    "isTemplate": false,
    "count": 0,
    "updated": 1508522627
  },
  {
    "id": "e4d52c8c-c658-46f0-be06-c59553c5404f",
    "data": [
      {
        "text": "bye",
        "userDefined": false
      }
    ],
    "isTemplate": false,
    "count": 0,
    "updated": 1508522627
  },
  {
    "id": "44a223ed-8f26-4a3c-854c-0079541df35b",
    "data": [
      {
        "text": "ciao",
        "userDefined": false
      }
    ],
    "isTemplate": false,
    "count": 0,
    "updated": 1508522627
  },
  {
    "id": "a286b8ec-e435-42bb-bacc-052f8b8dcc40",
    "data": [
      {
        "text": "à tout à l\u0027heure",
        "userDefined": false
      }
    ],
    "isTemplate": false,
    "count": 0,
    "updated": 1508522627
  },
  {
    "id": "09fdeaf2-31ad-47be-921f-31d03ea9862f",
    "data": [
      {
        "text": "a +",
        "userDefined": false
      }
    ],
    "isTemplate": false,
    "count": 0,
    "updated": 1508522627
  },
  {
    "id": "04db2edb-ce2a-4e42-b305-8bbe040769fb",
    "data": [
      {
        "text": "je",
        "meta": "@sys.ignore",
        "userDefined": true
      },
      {
        "text": " dois y ",
        "userDefined": false
      },
      {
        "text": "aller",
        "meta": "@sys.ignore",
        "userDefined": true
      }
    ],
    "isTemplate": false,
    "count": 0,
    "updated": 1508522627
  },
  {
    "id": "7fc48136-7a0f-487d-9379-1c26a4f704f8",
    "data": [
      {
        "text": "à demain",
        "userDefined": false
      }
    ],
    "isTemplate": false,
    "count": 0,
    "updated": 1508522627
  },
  {
    "id": "b5289478-6a01-4150-8fe1-075f3afdb07f",
    "data": [
      {
        "text": "à toute",
        "userDefined": false
      }
    ],
    "isTemplate": false,
    "count": 0,
    "updated": 1508522627
  },
  {
    "id": "cc82b45d-4515-42e5-bbd6-d900541573e3",
    "data": [
      {
        "text": "a tt",
        "userDefined": false
      }
    ],
    "isTemplate": false,
    "count": 0,
    "updated": 1508522627
  },
  {
    "id": "c700c0a4-86b9-4e15-8093-ba8cc63c4a39",
    "data": [
      {
        "text": "porte toi bien",
        "userDefined": false
      }
    ],
    "isTemplate": false,
    "count": 0,
    "updated": 1508522627
  },
  {
    "id": "77ec60bc-6bba-43e9-8feb-402b17f09b57",
    "data": [
      {
        "text": "je m\u0027en vais",
        "meta": "@sys.ignore",
        "userDefined": true
      }
    ],
    "isTemplate": false,
    "count": 0,
    "updated": 1508522627
  },
  {
    "id": "9ea10cbb-374c-4a11-b24a-bc4723292fa7",
    "data": [
      {
        "text": "à +",
        "userDefined": false
      }
    ],
    "isTemplate": false,
    "count": 0,
    "updated": 1508522627
  },
  {
    "id": "74a3a5bb-1c02-4467-ae77-7c4cc70b1b6c",
    "data": [
      {
        "text": "à ce soir",
        "userDefined": false
      }
    ],
    "isTemplate": false,
    "count": 0,
    "updated": 1508522627
  },
  {
    "id": "af5d2b4e-9ab1-42e2-8116-292c4882b0a4",
    "data": [
      {
        "text": "goodbye",
        "userDefined": false
      }
    ],
    "isTemplate": false,
    "count": 0,
    "updated": 1508522627
  },
  {
    "id": "e47c963d-441d-465f-a790-d77e29e4badb",
    "data": [
      {
        "text": "il",
        "meta": "@sys.ignore",
        "userDefined": true
      },
      {
        "text": " ",
        "userDefined": false
      },
      {
        "text": "faut que je m\u0027en aille",
        "meta": "@sys.ignore",
        "userDefined": true
      }
    ],
    "isTemplate": false,
    "count": 0,
    "updated": 1508522627
  },
  {
    "id": "52d30b63-dfea-486a-8e2e-c10e69e895be",
    "data": [
      {
        "text": "à bientôt",
        "userDefined": false
      }
    ],
    "isTemplate": false,
    "count": 1,
    "updated": 1508522627
  },
  {
    "id": "9de890f7-70da-41ae-b55e-5c21b1b321dd",
    "data": [
      {
        "text": "à tt",
        "userDefined": false
      }
    ],
    "isTemplate": false,
    "count": 0,
    "updated": 1508522627
  },
  {
    "id": "843894d1-9eda-4a36-898e-ac2e8d3c80ab",
    "data": [
      {
        "text": "à la prochaine",
        "userDefined": false
      }
    ],
    "isTemplate": false,
    "count": 0,
    "updated": 1508522627
  },
  {
    "id": "e0eb8664-ac72-43b5-85c9-b2994bf275fe",
    "data": [
      {
        "text": "au revoir",
        "userDefined": false
      }
    ],
    "isTemplate": false,
    "count": 0,
    "updated": 1508522627
  },
  {
    "id": "d89ad1ec-8008-4589-bb3c-9fab39bfb5b7",
    "data": [
      {
        "text": "a plus tard",
        "userDefined": false
      }
    ],
    "isTemplate": false,
    "count": 0,
    "updated": 1508522627
  }
]