[
  {
    "id": "dd163e89-6a8e-43b0-9b4e-91485d3aeed7",
    "data": [
      {
        "text": "je",
        "meta": "@sys.ignore",
        "userDefined": true
      },
      {
        "text": " serai ",
        "userDefined": false
      },
      {
        "text": "de",
        "meta": "@sys.ignore",
        "userDefined": true
      },
      {
        "text": " ",
        "userDefined": false
      },
      {
        "text": "retour",
        "meta": "@sys.ignore",
        "userDefined": true
      },
      {
        "text": " ",
        "userDefined": false
      },
      {
        "text": "tout",
        "meta": "@sys.ignore",
        "userDefined": true
      },
      {
        "text": " à ",
        "userDefined": false
      },
      {
        "text": "l",
        "meta": "@sys.ignore",
        "userDefined": true
      },
      {
        "text": "\u0027",
        "userDefined": false
      },
      {
        "text": "heure",
        "meta": "@sys.ignore",
        "userDefined": true
      }
    ],
    "isTemplate": false,
    "count": 0,
    "updated": 1508522626
  },
  {
    "id": "176a39b4-dccf-4e77-982a-317d7acabee3",
    "data": [
      {
        "text": "je",
        "meta": "@sys.ignore",
        "userDefined": true
      },
      {
        "text": " reviendrai bientôt",
        "userDefined": false
      }
    ],
    "isTemplate": false,
    "count": 0,
    "updated": 1508522626
  },
  {
    "id": "54c679f7-4b22-420d-8404-c1bd7b067d82",
    "data": [
      {
        "text": "je reviens",
        "userDefined": false
      }
    ],
    "isTemplate": false,
    "count": 0,
    "updated": 1508522626
  },
  {
    "id": "680938b7-e004-45ea-b821-f7c05cc938fb",
    "data": [
      {
        "text": "je serai de retour",
        "userDefined": false
      }
    ],
    "isTemplate": false,
    "count": 0,
    "updated": 1508522626
  },
  {
    "id": "ab43b05b-d0fb-4f1a-a0c0-9421c990c2f6",
    "data": [
      {
        "text": "je reviendrais très bientôt",
        "userDefined": false
      }
    ],
    "isTemplate": false,
    "count": 0,
    "updated": 1508522626
  },
  {
    "id": "6228d84d-acaf-4874-b90a-e2fccf366254",
    "data": [
      {
        "text": "je",
        "meta": "@sys.ignore",
        "userDefined": true
      },
      {
        "text": " ",
        "userDefined": false
      },
      {
        "text": "reviens",
        "meta": "@sys.ignore",
        "userDefined": true
      },
      {
        "text": " bientôt",
        "userDefined": false
      }
    ],
    "isTemplate": false,
    "count": 0,
    "updated": 1508522626
  },
  {
    "id": "298ee5ca-80f5-4f11-b4ed-f8fe8700e274",
    "data": [
      {
        "text": "je serai bientôt de retour",
        "userDefined": false
      }
    ],
    "isTemplate": false,
    "count": 0,
    "updated": 1508522626
  },
  {
    "id": "fec12433-fb5c-4e6d-a52f-bbd33749e2ff",
    "data": [
      {
        "text": "je",
        "meta": "@sys.ignore",
        "userDefined": true
      },
      {
        "text": " reviendrai",
        "userDefined": false
      }
    ],
    "isTemplate": false,
    "count": 0,
    "updated": 1508522626
  }
]