[
  {
    "id": "9ac9d6db-3ff2-4c33-98d0-7ea9445198df",
    "data": [
      {
        "text": "je suis impatient",
        "userDefined": false
      }
    ],
    "isTemplate": false,
    "count": 0,
    "updated": 1508522629
  },
  {
    "id": "760524a7-9acd-443c-834b-7b23c51590f0",
    "data": [
      {
        "text": "j\u0027en ai hâte",
        "userDefined": false
      }
    ],
    "isTemplate": false,
    "count": 0,
    "updated": 1508522629
  },
  {
    "id": "a9a25e3c-f419-49d6-aa47-9d4a1d75e2e1",
    "data": [
      {
        "text": "je suis enthousiasmé",
        "userDefined": false
      }
    ],
    "isTemplate": false,
    "count": 0,
    "updated": 1508522629
  },
  {
    "id": "4d59cf2e-eae0-4b70-b8bc-7975b37c0d45",
    "data": [
      {
        "text": "je suis trop enthousiasmée pour ça",
        "userDefined": false
      }
    ],
    "isTemplate": false,
    "count": 0,
    "updated": 1508522629
  },
  {
    "id": "a2be7b8a-f14c-4225-99b4-61baf9f4d9eb",
    "data": [
      {
        "text": "j\u0027ai hâte",
        "userDefined": false
      }
    ],
    "isTemplate": false,
    "count": 0,
    "updated": 1508522629
  }
]