[
  {
    "id": "24e3b7d1-9b8d-46a8-b647-3b7f46f672c4",
    "data": [
      {
        "text": "stop",
        "userDefined": false
      }
    ],
    "isTemplate": false,
    "count": 0,
    "updated": 0
  },
  {
    "id": "5f70896b-992b-4175-96a1-9f0e8cf73880",
    "data": [
      {
        "text": "annuler tout",
        "userDefined": false
      }
    ],
    "isTemplate": false,
    "count": 0,
    "updated": 0
  },
  {
    "id": "d1cd3e1a-4c15-4f49-abfe-0d48e415495f",
    "data": [
      {
        "text": "cancel",
        "userDefined": false
      }
    ],
    "isTemplate": false,
    "count": 0,
    "updated": 0
  },
  {
    "id": "63031e83-f98d-433e-96c9-e9cde59f2721",
    "data": [
      {
        "text": "omettre",
        "userDefined": false
      }
    ],
    "isTemplate": false,
    "count": 0,
    "updated": 0
  },
  {
    "id": "878da62b-ce62-4b7a-bb7d-a10a8a18cc9a",
    "data": [
      {
        "text": "stop",
        "userDefined": false
      }
    ],
    "isTemplate": false,
    "count": 0,
    "updated": 0
  },
  {
    "id": "a835317b-a136-4422-9791-4098f988ab26",
    "data": [
      {
        "text": "arrêter",
        "userDefined": false
      }
    ],
    "isTemplate": false,
    "count": 0,
    "updated": 0
  },
  {
    "id": "ae97539f-2634-47bc-bacf-4df238133c74",
    "data": [
      {
        "text": "arrête",
        "userDefined": false
      }
    ],
    "isTemplate": false,
    "count": 0,
    "updated": 0
  },
  {
    "id": "4022fbc4-fd68-4150-a853-754c902029ab",
    "data": [
      {
        "text": "annuler",
        "userDefined": false
      }
    ],
    "isTemplate": false,
    "count": 1,
    "updated": 0
  },
  {
    "id": "fba71b61-34ca-434a-bc97-c299564fdd94",
    "data": [
      {
        "text": "abandonne",
        "userDefined": false
      }
    ],
    "isTemplate": false,
    "count": 0,
    "updated": 0
  },
  {
    "id": "3ccd7b34-85fc-40ac-8998-e2c9bc55a133",
    "data": [
      {
        "text": "arrête-le",
        "userDefined": false
      }
    ],
    "isTemplate": false,
    "count": 1,
    "updated": 0
  },
  {
    "id": "fa7e15ba-024b-48b8-8e66-6f04e018864b",
    "data": [
      {
        "text": "peux-tu annuler",
        "userDefined": false
      }
    ],
    "isTemplate": false,
    "count": 0,
    "updated": 0
  },
  {
    "id": "a57d31c0-c9eb-4ccf-8d7d-acac691ba7e9",
    "data": [
      {
        "text": "laisse tomber",
        "userDefined": false
      }
    ],
    "isTemplate": false,
    "count": 0,
    "updated": 0
  },
  {
    "id": "3e25205f-a2c0-40bf-b012-9f4bb6db078d",
    "data": [
      {
        "text": "stopper",
        "userDefined": false
      }
    ],
    "isTemplate": false,
    "count": 0,
    "updated": 0
  },
  {
    "id": "b73bc296-bb15-42b5-a885-14ec3d793638",
    "data": [
      {
        "text": "abandonner",
        "userDefined": false
      }
    ],
    "isTemplate": false,
    "count": 0,
    "updated": 0
  },
  {
    "id": "085837af-c4c7-4ae9-95c0-bcd3863bc3ed",
    "data": [
      {
        "text": "refuse",
        "userDefined": false
      }
    ],
    "isTemplate": false,
    "count": 0,
    "updated": 0
  },
  {
    "id": "9d21381f-9a10-4fe7-b089-a9f791c54795",
    "data": [
      {
        "text": "refuser",
        "userDefined": false
      }
    ],
    "isTemplate": false,
    "count": 0,
    "updated": 0
  },
  {
    "id": "447a8117-a9ad-40dd-b8b6-892c31668ed1",
    "data": [
      {
        "text": "annule",
        "userDefined": false
      }
    ],
    "isTemplate": false,
    "count": 0,
    "updated": 0
  },
  {
    "id": "1f379cfa-c874-4cdd-9918-c936166ec69c",
    "data": [
      {
        "text": "interrompre",
        "userDefined": false
      }
    ],
    "isTemplate": false,
    "count": 0,
    "updated": 0
  },
  {
    "id": "fb994ef4-e075-43aa-aeee-342303996f44",
    "data": [
      {
        "text": "laisser tomber",
        "userDefined": false
      }
    ],
    "isTemplate": false,
    "count": 0,
    "updated": 0
  },
  {
    "id": "c9d5d480-68fc-4b05-b465-54ee116bd847",
    "data": [
      {
        "text": "quitter",
        "userDefined": false
      }
    ],
    "isTemplate": false,
    "count": 0,
    "updated": 0
  },
  {
    "id": "72ebc799-a300-4785-bfe2-31e99176462e",
    "data": [
      {
        "text": "quitte",
        "userDefined": false
      }
    ],
    "isTemplate": false,
    "count": 0,
    "updated": 0
  },
  {
    "id": "027bd81b-ce03-4c9c-8b49-f4347613113b",
    "data": [
      {
        "text": "annule-le",
        "userDefined": false
      }
    ],
    "isTemplate": false,
    "count": 0,
    "updated": 0
  },
  {
    "id": "f22d5cfb-6654-4489-b921-0ab7ad0e096c",
    "data": [
      {
        "text": "stoppe",
        "userDefined": false
      }
    ],
    "isTemplate": false,
    "count": 0,
    "updated": 0
  },
  {
    "id": "9cfa8396-f15b-4acb-a227-20cfc9c5fa50",
    "data": [
      {
        "text": "plus tard",
        "userDefined": false
      }
    ],
    "isTemplate": false,
    "count": 0,
    "updated": 0
  },
  {
    "id": "8eacb4e8-ed36-44a4-beb2-92941638530d",
    "data": [
      {
        "text": "pas maintenant",
        "userDefined": false
      }
    ],
    "isTemplate": false,
    "count": 0,
    "updated": 0
  },
  {
    "id": "f1df250c-6212-433b-9090-6dcb85c13f9d",
    "data": [
      {
        "text": "annuler tout ça",
        "userDefined": false
      }
    ],
    "isTemplate": false,
    "count": 0,
    "updated": 0
  },
  {
    "id": "52e93c6e-85a9-4adf-af1d-cf4389757235",
    "data": [
      {
        "text": "annuler tout cela",
        "userDefined": false
      }
    ],
    "isTemplate": false,
    "count": 0,
    "updated": 0
  },
  {
    "id": "e9c01887-c4c5-4e57-bdcc-565fe0fa51ee",
    "data": [
      {
        "text": "arrêté",
        "userDefined": false
      }
    ],
    "isTemplate": false,
    "count": 0,
    "updated": 0
  }
]