[
  {
    "id": "7de7399b-efc1-4f02-94b4-20e7b40fb1d8",
    "data": [
      {
        "text": "j\u0027attends encore",
        "userDefined": false
      }
    ],
    "isTemplate": false,
    "count": 0,
    "updated": 1508522626
  },
  {
    "id": "e9a6bab3-048a-4a1b-b680-fdb0c86b3725",
    "data": [
      {
        "text": "j\u0027ai assez attendu",
        "userDefined": false
      }
    ],
    "isTemplate": false,
    "count": 0,
    "updated": 1508522626
  },
  {
    "id": "e94642c7-c8f9-42fd-98a0-bd9124deb254",
    "data": [
      {
        "text": "ne je veux plus attendre",
        "userDefined": false
      }
    ],
    "isTemplate": false,
    "count": 0,
    "updated": 1508522626
  },
  {
    "id": "3348f157-2573-4c30-9c84-7a413ffbead6",
    "data": [
      {
        "text": "je vais attendre",
        "userDefined": false
      }
    ],
    "isTemplate": false,
    "count": 0,
    "updated": 1508522626
  },
  {
    "id": "4dde2c18-d2a5-4e0f-8217-6e3d07300b29",
    "data": [
      {
        "text": "j\u0027attends toujours",
        "userDefined": false
      }
    ],
    "isTemplate": false,
    "count": 0,
    "updated": 1508522626
  },
  {
    "id": "b05b425b-175d-40c2-a36d-b49754129555",
    "data": [
      {
        "text": "je ",
        "userDefined": false
      },
      {
        "text": "t",
        "meta": "@sys.ignore",
        "userDefined": false
      },
      {
        "text": "\u0027attendrai",
        "userDefined": false
      }
    ],
    "isTemplate": false,
    "count": 0,
    "updated": 1508522626
  },
  {
    "id": "7c845289-464f-4f3a-9429-49c29e17783a",
    "data": [
      {
        "text": "je vais attendre encore ",
        "userDefined": false
      },
      {
        "text": "un",
        "meta": "@sys.ignore",
        "userDefined": false
      },
      {
        "text": " peu",
        "userDefined": false
      }
    ],
    "isTemplate": false,
    "count": 0,
    "updated": 1508522626
  },
  {
    "id": "dac0d216-61d5-444b-8f4b-1d234a6fc9ad",
    "data": [
      {
        "text": "je ",
        "userDefined": false
      },
      {
        "text": "t",
        "meta": "@sys.ignore",
        "userDefined": false
      },
      {
        "text": "\u0027attends",
        "userDefined": false
      }
    ],
    "isTemplate": false,
    "count": 0,
    "updated": 1508522626
  },
  {
    "id": "0281aadb-6b57-4d7a-9994-0e60b17526e9",
    "data": [
      {
        "text": "j\u0027attends",
        "userDefined": false
      }
    ],
    "isTemplate": false,
    "count": 0,
    "updated": 1508522626
  },
  {
    "id": "aad9375d-83cf-4118-91ff-94f29a78ef20",
    "data": [
      {
        "text": "j\u0027attends",
        "meta": "@sys.ignore",
        "userDefined": true
      },
      {
        "text": " là",
        "userDefined": false
      }
    ],
    "isTemplate": false,
    "count": 0,
    "updated": 1508522626
  },
  {
    "id": "5e4790aa-9828-4832-8b3d-3fc524292a49",
    "data": [
      {
        "text": "j",
        "meta": "@sys.ignore",
        "userDefined": true
      },
      {
        "text": "\u0027",
        "userDefined": false
      },
      {
        "text": "ai",
        "meta": "@sys.ignore",
        "userDefined": true
      },
      {
        "text": " ",
        "userDefined": false
      },
      {
        "text": "attendu",
        "meta": "@sys.ignore",
        "userDefined": true
      }
    ],
    "isTemplate": false,
    "count": 0,
    "updated": 1508522626
  },
  {
    "id": "738e1c72-94e3-4c8e-b3c9-4d738871fa0f",
    "data": [
      {
        "text": "je",
        "meta": "@sys.ignore",
        "userDefined": true
      },
      {
        "text": " suis en ",
        "userDefined": false
      },
      {
        "text": "train",
        "meta": "@sys.ignore",
        "userDefined": true
      },
      {
        "text": " ",
        "userDefined": false
      },
      {
        "text": "d",
        "meta": "@sys.ignore",
        "userDefined": true
      },
      {
        "text": "\u0027attendre",
        "userDefined": false
      }
    ],
    "isTemplate": false,
    "count": 0,
    "updated": 1508522626
  }
]