[
  {
    "id": "6ad7d955-4947-4b30-9a25-d029a79b8d0d",
    "data": [
      {
        "text": "je suis de retour",
        "userDefined": false
      }
    ],
    "isTemplate": false,
    "count": 0,
    "updated": 1508522628
  },
  {
    "id": "3863c0b8-3bfd-4714-bfe2-9ca851277b28",
    "data": [
      {
        "text": "de retour",
        "userDefined": false
      }
    ],
    "isTemplate": false,
    "count": 0,
    "updated": 1508522628
  },
  {
    "id": "4064ad3a-7a32-45d5-a3e0-07da2cefa115",
    "data": [
      {
        "text": "je suis revenu",
        "userDefined": false
      }
    ],
    "isTemplate": false,
    "count": 1,
    "updated": 1508522628
  },
  {
    "id": "360e68dd-a9ed-4548-9c9c-300df81ade59",
    "data": [
      {
        "text": "revenu",
        "userDefined": false
      }
    ],
    "isTemplate": false,
    "count": 0,
    "updated": 1508522628
  },
  {
    "id": "a9257dbc-3215-4757-aab8-9cc1f2621f10",
    "data": [
      {
        "text": "revenue",
        "userDefined": false
      }
    ],
    "isTemplate": false,
    "count": 0,
    "updated": 1508522628
  },
  {
    "id": "f3ba7592-8675-43f3-9d45-799d2147ef1f",
    "data": [
      {
        "text": "je suis de retout maintenant",
        "userDefined": false
      }
    ],
    "isTemplate": false,
    "count": 0,
    "updated": 1508522628
  },
  {
    "id": "8bb03262-d51c-4ab8-bc3e-87d164164a11",
    "data": [
      {
        "text": "je suis revenue",
        "userDefined": false
      }
    ],
    "isTemplate": false,
    "count": 0,
    "updated": 1508522628
  }
]