[
  {
    "id": "a4ca20df-e290-491f-ae96-21517b926553",
    "data": [
      {
        "text": "bonne",
        "userDefined": false
      }
    ],
    "isTemplate": false,
    "count": 0,
    "updated": 1508522626
  },
  {
    "id": "f947f067-8064-449f-a3a4-e4f0e52bf806",
    "data": [
      {
        "text": "cools",
        "userDefined": false
      }
    ],
    "isTemplate": false,
    "count": 0,
    "updated": 1508522626
  },
  {
    "id": "48faf34a-6f27-472a-95f9-0c6fe92606e9",
    "data": [
      {
        "text": "c\u0027est chouette",
        "userDefined": false
      }
    ],
    "isTemplate": false,
    "count": 0,
    "updated": 1508522626
  },
  {
    "id": "a3ca81ec-aa95-4c0b-bd7d-0fb14131fa06",
    "data": [
      {
        "text": "boooon",
        "userDefined": false
      }
    ],
    "isTemplate": false,
    "count": 0,
    "updated": 1508522626
  },
  {
    "id": "cdae6e33-e0bd-443a-9e4c-a118d5299e54",
    "data": [
      {
        "text": "sympa",
        "userDefined": false
      }
    ],
    "isTemplate": false,
    "count": 0,
    "updated": 1508522626
  },
  {
    "id": "01fdaf5a-adb3-4ebf-b3b2-8e9899515f6c",
    "data": [
      {
        "text": "cool",
        "userDefined": false
      }
    ],
    "isTemplate": false,
    "count": 0,
    "updated": 1508522626
  },
  {
    "id": "1a4b4c58-a03b-46dc-9edb-a6af7c4328d7",
    "data": [
      {
        "text": "meilleure",
        "userDefined": false
      }
    ],
    "isTemplate": false,
    "count": 0,
    "updated": 1508522626
  },
  {
    "id": "6f514e7e-80df-47a9-ba7c-542f922f6415",
    "data": [
      {
        "text": "booooons",
        "userDefined": false
      }
    ],
    "isTemplate": false,
    "count": 0,
    "updated": 1508522626
  },
  {
    "id": "b3305b18-3742-41de-8037-d379ff12970f",
    "data": [
      {
        "text": "c\u0027est trop bien",
        "userDefined": false
      }
    ],
    "isTemplate": false,
    "count": 0,
    "updated": 1508522626
  },
  {
    "id": "a2568398-5dc0-44ef-8baa-68439e6e7d52",
    "data": [
      {
        "text": "charmant",
        "userDefined": false
      }
    ],
    "isTemplate": false,
    "count": 0,
    "updated": 1508522626
  },
  {
    "id": "b174e4c2-8d9e-4079-a187-c8b8bb0fce54",
    "data": [
      {
        "text": "meilleur",
        "userDefined": false
      }
    ],
    "isTemplate": false,
    "count": 0,
    "updated": 1508522626
  },
  {
    "id": "455b4b80-e8be-4b53-bdf0-a43eb30f86c9",
    "data": [
      {
        "text": "excellent",
        "userDefined": false
      }
    ],
    "isTemplate": false,
    "count": 0,
    "updated": 1508522626
  },
  {
    "id": "a74070e1-1b45-4743-9e89-e6983e85667a",
    "data": [
      {
        "text": "merveilleux",
        "userDefined": false
      }
    ],
    "isTemplate": false,
    "count": 0,
    "updated": 1508522626
  },
  {
    "id": "2bc59d59-b1bc-4351-8e0d-8f1a9981e0c1",
    "data": [
      {
        "text": "sympas",
        "userDefined": false
      }
    ],
    "isTemplate": false,
    "count": 0,
    "updated": 1508522626
  },
  {
    "id": "14335182-5452-454d-a0ee-ca6b23064538",
    "data": [
      {
        "text": "très ",
        "userDefined": false
      },
      {
        "text": "cool",
        "meta": "@sys.ignore",
        "userDefined": false
      }
    ],
    "isTemplate": false,
    "count": 0,
    "updated": 1508522626
  },
  {
    "id": "46dd0d68-f49b-4803-91ab-b0d13849a570",
    "data": [
      {
        "text": "booooon",
        "userDefined": false
      }
    ],
    "isTemplate": false,
    "count": 0,
    "updated": 1508522626
  },
  {
    "id": "27c4020b-3275-4c9f-b363-d888ee3caa7e",
    "data": [
      {
        "text": "agréable",
        "userDefined": false
      }
    ],
    "isTemplate": false,
    "count": 0,
    "updated": 1508522626
  },
  {
    "id": "962b5b89-9d63-4c46-94cf-59a20c63b40b",
    "data": [
      {
        "text": "mieux",
        "userDefined": false
      }
    ],
    "isTemplate": false,
    "count": 0,
    "updated": 1508522626
  },
  {
    "id": "a9288ab9-e2d6-4aff-b0bb-a0cc55139f68",
    "data": [
      {
        "text": "exquise",
        "userDefined": false
      }
    ],
    "isTemplate": false,
    "count": 0,
    "updated": 1508522626
  },
  {
    "id": "438543e6-7957-4964-a421-5f88d3f9e084",
    "data": [
      {
        "text": "splendide",
        "userDefined": false
      }
    ],
    "isTemplate": false,
    "count": 0,
    "updated": 1508522626
  },
  {
    "id": "4540943b-c167-498a-806c-6ea0f0e92211",
    "data": [
      {
        "text": "charmants",
        "userDefined": false
      }
    ],
    "isTemplate": false,
    "count": 0,
    "updated": 1508522626
  },
  {
    "id": "59bc5989-9d2a-44fc-b697-83bc9cfabc6d",
    "data": [
      {
        "text": "chouette",
        "userDefined": false
      }
    ],
    "isTemplate": false,
    "count": 0,
    "updated": 1508522626
  },
  {
    "id": "a4ccf00b-b05f-4865-9afb-a7ede831253d",
    "data": [
      {
        "text": "charmante",
        "userDefined": false
      }
    ],
    "isTemplate": false,
    "count": 0,
    "updated": 1508522626
  },
  {
    "id": "6444c672-9511-4eb9-9fd5-f65fc85d48e7",
    "data": [
      {
        "text": "pas trop mal",
        "userDefined": false
      }
    ],
    "isTemplate": false,
    "count": 0,
    "updated": 1508522626
  },
  {
    "id": "484ef248-c239-43c6-b8c4-cd542c54cd2d",
    "data": [
      {
        "text": "c\u0027est super",
        "userDefined": false
      }
    ],
    "isTemplate": false,
    "count": 0,
    "updated": 1508522626
  },
  {
    "id": "703fe51f-22f5-4661-8720-488a347b5239",
    "data": [
      {
        "text": "c\u0027est trop ",
        "userDefined": false
      },
      {
        "text": "cool",
        "meta": "@sys.ignore",
        "userDefined": false
      }
    ],
    "isTemplate": false,
    "count": 0,
    "updated": 1508522626
  },
  {
    "id": "f8c00881-c79d-46c3-9b91-c24d9cd232a4",
    "data": [
      {
        "text": "c\u0027est super bien",
        "userDefined": false
      }
    ],
    "isTemplate": false,
    "count": 0,
    "updated": 1508522626
  },
  {
    "id": "e9d773ea-fc18-4de6-bbe7-af11b61c1d4c",
    "data": [
      {
        "text": "trop bon",
        "userDefined": false
      }
    ],
    "isTemplate": false,
    "count": 0,
    "updated": 1508522626
  },
  {
    "id": "5ba9ef63-e18f-4a95-bdfa-8d6ffa5d9ed8",
    "data": [
      {
        "text": "fantastique",
        "userDefined": false
      }
    ],
    "isTemplate": false,
    "count": 0,
    "updated": 1508522626
  },
  {
    "id": "e9095527-14b3-44d6-a661-ecc52c16925b",
    "data": [
      {
        "text": "exquis",
        "userDefined": false
      }
    ],
    "isTemplate": false,
    "count": 0,
    "updated": 1508522626
  },
  {
    "id": "fa6bc35e-29a9-4539-9232-802f6470eaff",
    "data": [
      {
        "text": "admirable",
        "userDefined": false
      }
    ],
    "isTemplate": false,
    "count": 0,
    "updated": 1508522626
  },
  {
    "id": "7729ce52-6d7a-438f-9981-6876d7bae6fb",
    "data": [
      {
        "text": "trop bien",
        "userDefined": false
      }
    ],
    "isTemplate": false,
    "count": 0,
    "updated": 1508522626
  },
  {
    "id": "b4f9d2e7-d3ee-44fd-9a6f-691af36657eb",
    "data": [
      {
        "text": "pas mal",
        "userDefined": false
      }
    ],
    "isTemplate": false,
    "count": 0,
    "updated": 1508522626
  },
  {
    "id": "6a31ac06-dbab-4207-9aba-472bd385244c",
    "data": [
      {
        "text": "à craquer",
        "userDefined": false
      }
    ],
    "isTemplate": false,
    "count": 0,
    "updated": 1508522626
  },
  {
    "id": "95a2c31b-f5f6-4ba5-aee8-242167e16570",
    "data": [
      {
        "text": "assez bons",
        "userDefined": false
      }
    ],
    "isTemplate": false,
    "count": 0,
    "updated": 1508522626
  },
  {
    "id": "0b81bcc3-931d-4715-8ac7-11bfec36753c",
    "data": [
      {
        "text": "bon",
        "userDefined": false
      }
    ],
    "isTemplate": false,
    "count": 0,
    "updated": 1508522626
  },
  {
    "id": "0d1eb88e-401e-4309-ac34-b640f03a4ff5",
    "data": [
      {
        "text": "très bon",
        "userDefined": false
      }
    ],
    "isTemplate": false,
    "count": 0,
    "updated": 1508522626
  },
  {
    "id": "317ce425-b4cd-4aa4-85aa-4b57e581ca81",
    "data": [
      {
        "text": "délicieuse",
        "userDefined": false
      }
    ],
    "isTemplate": false,
    "count": 0,
    "updated": 1508522626
  },
  {
    "id": "9c7702e8-8683-4400-a462-4b873fc21d7e",
    "data": [
      {
        "text": "adorable",
        "userDefined": false
      }
    ],
    "isTemplate": false,
    "count": 0,
    "updated": 1508522626
  },
  {
    "id": "c6d0655c-b131-4f72-8f7e-9f40d17b2ec1",
    "data": [
      {
        "text": "bons",
        "userDefined": false
      }
    ],
    "isTemplate": false,
    "count": 0,
    "updated": 1508522626
  },
  {
    "id": "2b8d60e3-2dba-480c-9faf-042a1fa82fcf",
    "data": [
      {
        "text": "tiptop",
        "userDefined": false
      }
    ],
    "isTemplate": false,
    "count": 0,
    "updated": 1508522626
  },
  {
    "id": "d4b755c7-37df-41b5-9247-ea3c9a7a1ff9",
    "data": [
      {
        "text": "délicieux",
        "userDefined": false
      }
    ],
    "isTemplate": false,
    "count": 0,
    "updated": 1508522626
  },
  {
    "id": "3289d545-0438-48dc-88d0-f6d858fec900",
    "data": [
      {
        "text": "bonnes",
        "userDefined": false
      }
    ],
    "isTemplate": false,
    "count": 0,
    "updated": 1508522626
  },
  {
    "id": "5c621dec-b4b5-401e-a1d7-c5aff266a72e",
    "data": [
      {
        "text": "assez bon",
        "userDefined": false
      }
    ],
    "isTemplate": false,
    "count": 0,
    "updated": 1508522626
  },
  {
    "id": "4d44ee04-2104-4734-aaff-c9b2600efca6",
    "data": [
      {
        "text": "bien",
        "userDefined": false
      }
    ],
    "isTemplate": false,
    "count": 0,
    "updated": 1508522626
  },
  {
    "id": "0e006508-fcab-4291-9f2b-4ea7c7a188bd",
    "data": [
      {
        "text": "superbe",
        "userDefined": false
      }
    ],
    "isTemplate": false,
    "count": 0,
    "updated": 1508522626
  },
  {
    "id": "6b210e11-84eb-44e5-a0db-483d4848d811",
    "data": [
      {
        "text": "boooons",
        "userDefined": false
      }
    ],
    "isTemplate": false,
    "count": 0,
    "updated": 1508522626
  },
  {
    "id": "f2990528-76b9-4b49-8453-7c6c68251bb6",
    "data": [
      {
        "text": "excellente",
        "userDefined": false
      }
    ],
    "isTemplate": false,
    "count": 0,
    "updated": 1508522626
  },
  {
    "id": "fac5dea1-a3fc-4ddc-8700-0c16303433e3",
    "data": [
      {
        "text": "parfaite",
        "userDefined": false
      }
    ],
    "isTemplate": false,
    "count": 0,
    "updated": 1508522626
  },
  {
    "id": "bafa26d5-3c46-498e-a95d-d64784045b21",
    "data": [
      {
        "text": "merveilleuse",
        "userDefined": false
      }
    ],
    "isTemplate": false,
    "count": 0,
    "updated": 1508522626
  },
  {
    "id": "0f29b259-1988-4fbb-aad9-39839fdaf91b",
    "data": [
      {
        "text": "parfait",
        "userDefined": false
      }
    ],
    "isTemplate": false,
    "count": 0,
    "updated": 1508522626
  },
  {
    "id": "8422d112-5c1b-42f6-bbaf-ba46e5ec7119",
    "data": [
      {
        "text": "super",
        "userDefined": false
      }
    ],
    "isTemplate": false,
    "count": 0,
    "updated": 1508522626
  },
  {
    "id": "4c086b1f-b39e-46f3-b9d1-57ef5a07a815",
    "data": [
      {
        "text": "c\u0027est bien",
        "userDefined": false
      }
    ],
    "isTemplate": false,
    "count": 0,
    "updated": 1508522626
  },
  {
    "id": "8841a9a1-346e-4507-8039-f831a9929db8",
    "data": [
      {
        "text": "déchirant",
        "userDefined": false
      }
    ],
    "isTemplate": false,
    "count": 0,
    "updated": 1508522626
  },
  {
    "id": "3e1e121f-c645-4544-a770-d82d8cd79d27",
    "data": [
      {
        "text": "agréables",
        "userDefined": false
      }
    ],
    "isTemplate": false,
    "count": 0,
    "updated": 1508522626
  },
  {
    "id": "3d3a1704-5698-4bd7-bfcb-e323361648b7",
    "data": [
      {
        "text": "charmantes",
        "userDefined": false
      }
    ],
    "isTemplate": false,
    "count": 0,
    "updated": 1508522626
  },
  {
    "id": "509a15ef-e9f0-4486-b72b-5a3a48600c8c",
    "data": [
      {
        "text": "trop ",
        "userDefined": false
      },
      {
        "text": "cool",
        "meta": "@sys.ignore",
        "userDefined": false
      }
    ],
    "isTemplate": false,
    "count": 0,
    "updated": 1508522626
  },
  {
    "id": "9895e390-0b20-46d9-802e-f9d4f95e2563",
    "data": [
      {
        "text": "très bien",
        "userDefined": false
      }
    ],
    "isTemplate": false,
    "count": 0,
    "updated": 1508522626
  }
]