[
  {
    "id": "47f7229c-b96f-496f-805b-5ad92452a183",
    "data": [
      {
        "text": "ca va",
        "userDefined": false
      }
    ],
    "isTemplate": false,
    "count": 0,
    "updated": 1508522627
  },
  {
    "id": "b4b854c1-c083-4e5b-9a38-ae332493f4d8",
    "data": [
      {
        "text": "vous allez bien",
        "userDefined": false
      }
    ],
    "isTemplate": false,
    "count": 0,
    "updated": 1508522627
  },
  {
    "id": "ac5900ac-5ea5-4997-b0fc-a8dc871d3e53",
    "data": [
      {
        "text": "comment vas-tu",
        "userDefined": false
      }
    ],
    "isTemplate": false,
    "count": 0,
    "updated": 1508522627
  },
  {
    "id": "16ab73fd-6e5e-4f0a-bc3b-9f4251bb0a2b",
    "data": [
      {
        "text": "comment allez-vous",
        "userDefined": false
      }
    ],
    "isTemplate": false,
    "count": 0,
    "updated": 1508522627
  },
  {
    "id": "31294c54-f995-46f8-b5a9-f8ef567486ca",
    "data": [
      {
        "text": "ça va mon ami",
        "userDefined": false
      }
    ],
    "isTemplate": false,
    "count": 0,
    "updated": 1508522627
  },
  {
    "id": "08823ecc-a312-418c-ada8-d480fa0c917b",
    "data": [
      {
        "text": "ça va",
        "userDefined": false
      }
    ],
    "isTemplate": false,
    "count": 3,
    "updated": 1508522627
  },
  {
    "id": "5ed43ecd-7392-4e07-9b80-0ec2ad819e5c",
    "data": [
      {
        "text": "comment ça va",
        "userDefined": false
      }
    ],
    "isTemplate": false,
    "count": 1,
    "updated": 1508522627
  },
  {
    "id": "e7218c68-86a9-4078-b666-7e873c74d1c4",
    "data": [
      {
        "text": "sa roule ma poule",
        "userDefined": false
      }
    ],
    "isTemplate": false,
    "count": 0,
    "updated": 1508522627
  },
  {
    "id": "4aa7bbc9-17d1-4984-9e7c-e90157f91995",
    "data": [
      {
        "text": "comment vous portez vous",
        "userDefined": false
      }
    ],
    "isTemplate": false,
    "count": 0,
    "updated": 1508522627
  },
  {
    "id": "eea32e46-0715-4b25-825a-3c3d0788e98f",
    "data": [
      {
        "text": "comment ça marche",
        "userDefined": false
      }
    ],
    "isTemplate": false,
    "count": 2,
    "updated": 1508522627
  },
  {
    "id": "56735733-70c5-427c-a697-f2e345369e94",
    "data": [
      {
        "text": "comment ça baigne",
        "userDefined": false
      }
    ],
    "isTemplate": false,
    "count": 0,
    "updated": 1508522627
  },
  {
    "id": "e3ff7f25-7fb7-4902-8340-606db1df0f3e",
    "data": [
      {
        "text": "comment ca va",
        "userDefined": false
      }
    ],
    "isTemplate": false,
    "count": 0,
    "updated": 1508522627
  },
  {
    "id": "58ac0802-2a1a-40bf-946c-a53cc626fbff",
    "data": [
      {
        "text": "sa roule",
        "userDefined": false
      }
    ],
    "isTemplate": false,
    "count": 0,
    "updated": 1508522627
  },
  {
    "id": "49533e6e-26ad-4918-9e77-392b4f14ae29",
    "data": [
      {
        "text": "comment ça roule",
        "userDefined": false
      }
    ],
    "isTemplate": false,
    "count": 0,
    "updated": 1508522627
  },
  {
    "id": "6bd885ff-f3b8-494d-adf8-f90448074902",
    "data": [
      {
        "text": "ca roule",
        "userDefined": false
      }
    ],
    "isTemplate": false,
    "count": 0,
    "updated": 1508522627
  },
  {
    "id": "01c85ef3-d3e7-4be6-a5bd-cadfdb8b0b56",
    "data": [
      {
        "text": "sava",
        "userDefined": false
      }
    ],
    "isTemplate": false,
    "count": 0,
    "updated": 1508522627
  },
  {
    "id": "c4b32cfd-183c-405b-8859-871c676b0c79",
    "data": [
      {
        "text": "tu vas bien",
        "userDefined": false
      }
    ],
    "isTemplate": false,
    "count": 0,
    "updated": 1508522627
  },
  {
    "id": "17b9f9fc-e51d-4ee4-aca6-843c765b515e",
    "data": [
      {
        "text": "ça marche",
        "userDefined": false
      }
    ],
    "isTemplate": false,
    "count": 0,
    "updated": 1508522627
  },
  {
    "id": "22fea284-48c7-4156-b886-be794c04ef41",
    "data": [
      {
        "text": "ça baigne",
        "userDefined": false
      }
    ],
    "isTemplate": false,
    "count": 0,
    "updated": 1508522627
  },
  {
    "id": "c481e796-2cdf-4908-b3cf-3c479d887092",
    "data": [
      {
        "text": "comment ca marche",
        "userDefined": false
      }
    ],
    "isTemplate": false,
    "count": 0,
    "updated": 1508522627
  },
  {
    "id": "3222be86-c507-4b31-8faf-14638e4aafb2",
    "data": [
      {
        "text": "sa baigne",
        "userDefined": false
      }
    ],
    "isTemplate": false,
    "count": 0,
    "updated": 1508522627
  },
  {
    "id": "f753e69d-bccb-4504-ac84-355e3c2aa563",
    "data": [
      {
        "text": "vas tu bien",
        "userDefined": false
      }
    ],
    "isTemplate": false,
    "count": 0,
    "updated": 1508522627
  },
  {
    "id": "90a4cc14-e98b-461d-9e71-884ba3454545",
    "data": [
      {
        "text": "ça roule",
        "userDefined": false
      }
    ],
    "isTemplate": false,
    "count": 0,
    "updated": 1508522627
  },
  {
    "id": "56066957-da1a-4cbe-a588-1bb04eb0e142",
    "data": [
      {
        "text": "ça roule ma poule",
        "userDefined": false
      }
    ],
    "isTemplate": false,
    "count": 0,
    "updated": 1508522627
  },
  {
    "id": "863f53d7-4399-4535-81a5-2e9a78b6d4af",
    "data": [
      {
        "text": "ca baigne",
        "userDefined": false
      }
    ],
    "isTemplate": false,
    "count": 0,
    "updated": 1508522627
  },
  {
    "id": "9f5170a4-d033-455d-8e43-64dc3dbdba0c",
    "data": [
      {
        "text": "comment te porte tu",
        "userDefined": false
      }
    ],
    "isTemplate": false,
    "count": 0,
    "updated": 1508522627
  },
  {
    "id": "7c6d2022-60a4-4f9a-a8da-afd7ee80bdd2",
    "data": [
      {
        "text": "dis-moi tu vas bien",
        "userDefined": false
      }
    ],
    "isTemplate": false,
    "count": 0,
    "updated": 1508522627
  },
  {
    "id": "61549be9-0b41-477e-b4bc-d899a07a8639",
    "data": [
      {
        "text": "comment ca roule",
        "userDefined": false
      }
    ],
    "isTemplate": false,
    "count": 0,
    "updated": 1508522627
  },
  {
    "id": "bb8a7858-d65c-49bc-8116-b9e0275aaebf",
    "data": [
      {
        "text": "comment te portes tu",
        "userDefined": false
      }
    ],
    "isTemplate": false,
    "count": 0,
    "updated": 1508522627
  },
  {
    "id": "4a8661be-bad8-4b43-ac4f-6e50202c1690",
    "data": [
      {
        "text": "comment ca baigne",
        "userDefined": false
      }
    ],
    "isTemplate": false,
    "count": 0,
    "updated": 1508522627
  },
  {
    "id": "af27dc5f-3086-4534-8b12-05594ba266ba",
    "data": [
      {
        "text": "sa marche",
        "userDefined": false
      }
    ],
    "isTemplate": false,
    "count": 0,
    "updated": 1508522627
  },
  {
    "id": "962a1a28-01c3-4bac-aa77-db1b73a955cb",
    "data": [
      {
        "text": "ça va ou pas finalement",
        "userDefined": false
      }
    ],
    "isTemplate": false,
    "count": 1,
    "updated": 1508522627
  },
  {
    "id": "ff08a433-9767-4d49-af22-3c16f182092e",
    "data": [
      {
        "text": "ca marche",
        "userDefined": false
      }
    ],
    "isTemplate": false,
    "count": 0,
    "updated": 1508522627
  },
  {
    "id": "c3f57976-e743-4e2a-8473-7bf22c47f76b",
    "data": [
      {
        "text": "ca roule ma poule",
        "userDefined": false
      }
    ],
    "isTemplate": false,
    "count": 0,
    "updated": 1508522627
  },
  {
    "id": "20798c58-9da8-45c3-ae62-e33edff3af79",
    "data": [
      {
        "text": "sa va",
        "userDefined": false
      }
    ],
    "isTemplate": false,
    "count": 0,
    "updated": 1508522627
  },
  {
    "id": "218d2c71-dd43-4754-9525-8944ed12fa7f",
    "data": [
      {
        "text": "salut ça va",
        "userDefined": false
      }
    ],
    "isTemplate": false,
    "count": 4,
    "updated": 1508522627
  },
  {
    "id": "ec45285d-c5a7-4c96-83c5-fd6298494c5a",
    "data": [
      {
        "text": "allez-vous bien",
        "userDefined": false
      }
    ],
    "isTemplate": false,
    "count": 0,
    "updated": 1508522627
  },
  {
    "id": "54805608-70d1-4f91-aa62-8bcf19b78e46",
    "data": [
      {
        "text": "tu vas bien toi",
        "userDefined": false
      }
    ],
    "isTemplate": false,
    "count": 4,
    "updated": 1508522627
  }
]