[
  {
    "id": "3d715b80-55e7-46d4-b95a-b70bfe6a0aae",
    "data": [
      {
        "text": "fais de beaux rêves",
        "userDefined": false
      }
    ],
    "isTemplate": false,
    "count": 0,
    "updated": 1508522629
  },
  {
    "id": "b046ec0a-aaa2-4589-b93d-255816a21c1c",
    "data": [
      {
        "text": "bonne",
        "meta": "@sys.ignore",
        "userDefined": true
      },
      {
        "text": " nuit",
        "userDefined": false
      }
    ],
    "isTemplate": false,
    "count": 1,
    "updated": 1508522629
  },
  {
    "id": "620cb616-5960-4e44-8c09-a5604e753808",
    "data": [
      {
        "text": "dors bien",
        "userDefined": false
      }
    ],
    "isTemplate": false,
    "count": 0,
    "updated": 1508522629
  },
  {
    "id": "3a8aec44-2076-49cd-b92f-2c7806e5c70d",
    "data": [
      {
        "text": "je te souhaite ",
        "userDefined": false
      },
      {
        "text": "une",
        "meta": "@sys.ignore",
        "userDefined": false
      },
      {
        "text": " ",
        "userDefined": false
      },
      {
        "text": "bonne",
        "meta": "@sys.ignore",
        "userDefined": false
      },
      {
        "text": " nuit",
        "userDefined": false
      }
    ],
    "isTemplate": false,
    "count": 0,
    "updated": 1508522629
  },
  {
    "id": "9a584cef-be1e-4fd0-9a69-d8b4e9768e0e",
    "data": [
      {
        "text": "fais des beaux rêves",
        "userDefined": false
      }
    ],
    "isTemplate": false,
    "count": 0,
    "updated": 1508522629
  },
  {
    "id": "2ec2142d-03f7-4fa6-9731-c235449afce9",
    "data": [
      {
        "text": "je te souhaite de passer ",
        "userDefined": false
      },
      {
        "text": "une",
        "meta": "@sys.ignore",
        "userDefined": false
      },
      {
        "text": " ",
        "userDefined": false
      },
      {
        "text": "bonne",
        "meta": "@sys.ignore",
        "userDefined": false
      },
      {
        "text": " nuit",
        "userDefined": false
      }
    ],
    "isTemplate": false,
    "count": 0,
    "updated": 1508522629
  },
  {
    "id": "bb08c2f7-b945-41eb-b04c-64c3d7779a83",
    "data": [
      {
        "text": "bonne",
        "meta": "@sys.ignore",
        "userDefined": false
      },
      {
        "text": " nuit toi",
        "userDefined": false
      }
    ],
    "isTemplate": false,
    "count": 0,
    "updated": 1508522629
  },
  {
    "id": "e1eadc25-1e16-4988-a384-fc22d2a9df34",
    "data": [
      {
        "text": "beaux rêves à toi",
        "userDefined": false
      }
    ],
    "isTemplate": false,
    "count": 0,
    "updated": 1508522629
  },
  {
    "id": "9f4581cb-474b-4c79-a750-a708cd76a558",
    "data": [
      {
        "text": "bonne",
        "meta": "@sys.ignore",
        "userDefined": true
      },
      {
        "text": " nuit à toi",
        "userDefined": false
      }
    ],
    "isTemplate": false,
    "count": 0,
    "updated": 1508522629
  },
  {
    "id": "67750dbf-ccf5-4b92-89a0-26103eec2e9c",
    "data": [
      {
        "text": "beaux rêves",
        "userDefined": false
      }
    ],
    "isTemplate": false,
    "count": 0,
    "updated": 1508522629
  },
  {
    "id": "3edafcc8-b27e-40bf-bdb8-101e414b0304",
    "data": [
      {
        "text": "passe ",
        "userDefined": false
      },
      {
        "text": "une",
        "meta": "@sys.ignore",
        "userDefined": true
      },
      {
        "text": " ",
        "userDefined": false
      },
      {
        "text": "bonne",
        "meta": "@sys.ignore",
        "userDefined": true
      },
      {
        "text": " nuit",
        "userDefined": false
      }
    ],
    "isTemplate": false,
    "count": 0,
    "updated": 1508522629
  }
]