[
  {
    "id": "1dc9c917-3d6c-4dcc-ab77-2c9e95957371",
    "data": [
      {
        "text": "il",
        "meta": "@sys.ignore",
        "userDefined": true
      },
      {
        "text": " ",
        "userDefined": false
      },
      {
        "text": "faut que je m\u0027en aille",
        "meta": "@sys.ignore",
        "userDefined": true
      }
    ],
    "isTemplate": false,
    "count": 0,
    "updated": 1508522629
  },
  {
    "id": "d2b3bc70-9bdb-4a71-b690-50581b838f61",
    "data": [
      {
        "text": "au revoir",
        "userDefined": false
      }
    ],
    "isTemplate": false,
    "count": 0,
    "updated": 1508522629
  },
  {
    "id": "f0949aab-e6b7-43cb-929c-49b910985ff5",
    "data": [
      {
        "text": "à plus",
        "userDefined": false
      }
    ],
    "isTemplate": false,
    "count": 0,
    "updated": 1508522629
  },
  {
    "id": "2950cd49-96a1-45dc-a61c-f17a566272a9",
    "data": [
      {
        "text": "je",
        "meta": "@sys.ignore",
        "userDefined": true
      },
      {
        "text": " dois y ",
        "userDefined": false
      },
      {
        "text": "aller",
        "meta": "@sys.ignore",
        "userDefined": true
      }
    ],
    "isTemplate": false,
    "count": 0,
    "updated": 1508522629
  },
  {
    "id": "bdbccf3f-0ed9-4d22-86b1-f60e20d6965a",
    "data": [
      {
        "text": "bye",
        "userDefined": false
      }
    ],
    "isTemplate": false,
    "count": 0,
    "updated": 1508522629
  },
  {
    "id": "1ff477c5-e6b6-4a2d-a430-a3b2c5ab2fba",
    "data": [
      {
        "text": "ciao",
        "userDefined": false
      }
    ],
    "isTemplate": false,
    "count": 0,
    "updated": 1508522629
  },
  {
    "id": "485d3956-f529-4e70-b239-0a9eb394f8a5",
    "data": [
      {
        "text": "je m\u0027en vais",
        "meta": "@sys.ignore",
        "userDefined": true
      }
    ],
    "isTemplate": false,
    "count": 0,
    "updated": 1508522629
  },
  {
    "id": "a1eda286-80fd-4845-9794-21fae9636d26",
    "data": [
      {
        "text": "à bientôt",
        "userDefined": false
      }
    ],
    "isTemplate": false,
    "count": 1,
    "updated": 1508522629
  },
  {
    "id": "f1b41237-35d3-45c8-8c25-a0c81a1c6c9d",
    "data": [
      {
        "text": "a tt",
        "userDefined": false
      }
    ],
    "isTemplate": false,
    "count": 0,
    "updated": 1508522629
  },
  {
    "id": "652d2fb4-3e7e-4d19-8f5d-ddc703a0d92a",
    "data": [
      {
        "text": "a plus tard",
        "userDefined": false
      }
    ],
    "isTemplate": false,
    "count": 0,
    "updated": 1508522629
  },
  {
    "id": "e51bde22-25b6-4415-b321-a77aa7d3e4c2",
    "data": [
      {
        "text": "porte toi bien",
        "userDefined": false
      }
    ],
    "isTemplate": false,
    "count": 0,
    "updated": 1508522629
  },
  {
    "id": "8ba41e00-b6ff-4940-acc1-e2c8949a48e4",
    "data": [
      {
        "text": "à la prochaine",
        "userDefined": false
      }
    ],
    "isTemplate": false,
    "count": 0,
    "updated": 1508522629
  },
  {
    "id": "84cc66ee-743f-4f95-a1c7-863d6bc46400",
    "data": [
      {
        "text": "à toute",
        "userDefined": false
      }
    ],
    "isTemplate": false,
    "count": 0,
    "updated": 1508522629
  },
  {
    "id": "1fa2fb9e-efc1-4644-bacb-f4ba198555bf",
    "data": [
      {
        "text": "goodbye",
        "userDefined": false
      }
    ],
    "isTemplate": false,
    "count": 0,
    "updated": 1508522629
  },
  {
    "id": "e6f464ea-701c-4123-8c66-00c1c19a56e0",
    "data": [
      {
        "text": "bye bye",
        "userDefined": false
      }
    ],
    "isTemplate": false,
    "count": 0,
    "updated": 1508522629
  },
  {
    "id": "76cb0294-186f-4be8-9fc8-f171c617caa4",
    "data": [
      {
        "text": "à tt",
        "userDefined": false
      }
    ],
    "isTemplate": false,
    "count": 0,
    "updated": 1508522629
  },
  {
    "id": "5d4b5e17-5518-4279-a476-35ff86772987",
    "data": [
      {
        "text": "à tout à l\u0027heure",
        "userDefined": false
      }
    ],
    "isTemplate": false,
    "count": 0,
    "updated": 1508522629
  },
  {
    "id": "58584c48-8059-4352-ae9b-1f8249c47958",
    "data": [
      {
        "text": "a +",
        "userDefined": false
      }
    ],
    "isTemplate": false,
    "count": 0,
    "updated": 1508522629
  },
  {
    "id": "05f97f8d-bb41-4417-a319-e09d2393923f",
    "data": [
      {
        "text": "à plus tard",
        "userDefined": false
      }
    ],
    "isTemplate": false,
    "count": 0,
    "updated": 1508522629
  },
  {
    "id": "f77e327d-3bcd-4158-bb69-df48dafd1ac3",
    "data": [
      {
        "text": "à +",
        "userDefined": false
      }
    ],
    "isTemplate": false,
    "count": 0,
    "updated": 1508522629
  },
  {
    "id": "c4d15ba5-2eff-46d1-b81c-a8508bb3e27d",
    "data": [
      {
        "text": "à ce soir",
        "userDefined": false
      }
    ],
    "isTemplate": false,
    "count": 0,
    "updated": 1508522629
  },
  {
    "id": "b778a4dd-8177-460f-b78c-54f5ea33ee41",
    "data": [
      {
        "text": "à demain",
        "userDefined": false
      }
    ],
    "isTemplate": false,
    "count": 0,
    "updated": 1508522629
  }
]