[
  {
    "id": "4b123ed1-d6c7-4749-b554-3456d033ee6d",
    "data": [
      {
        "text": "je n\u0027ai pas envie de parler",
        "userDefined": false
      }
    ],
    "isTemplate": false,
    "count": 0,
    "updated": 1508522626
  },
  {
    "id": "ec65fae7-c50e-4a6c-a3d0-f01ba5a82ea6",
    "data": [
      {
        "text": "je ne veux pas causer",
        "userDefined": false
      }
    ],
    "isTemplate": false,
    "count": 0,
    "updated": 1508522626
  },
  {
    "id": "e355c127-d205-45dd-94b5-136afe65b1ca",
    "data": [
      {
        "text": "je ne veux pas trop parler en ce moment",
        "userDefined": false
      }
    ],
    "isTemplate": false,
    "count": 0,
    "updated": 1508522626
  },
  {
    "id": "c2b496f9-d48c-4507-aef6-e3bfd1197175",
    "data": [
      {
        "text": "je ne veux pas trop parler",
        "userDefined": false
      }
    ],
    "isTemplate": false,
    "count": 0,
    "updated": 1508522626
  },
  {
    "id": "d485ad96-de10-41ae-80da-6703c27c726f",
    "data": [
      {
        "text": "je ne veux plus parler",
        "userDefined": false
      }
    ],
    "isTemplate": false,
    "count": 0,
    "updated": 1508522626
  },
  {
    "id": "076f3408-cd99-410a-8cb0-1191a6d17a0c",
    "data": [
      {
        "text": "je ne veux pas qu\u0027on se parle maintenant",
        "userDefined": false
      }
    ],
    "isTemplate": false,
    "count": 0,
    "updated": 1508522626
  },
  {
    "id": "afd1f848-5176-4e21-9fce-a794a1b1c1a1",
    "data": [
      {
        "text": "pas envie de parler",
        "userDefined": false
      }
    ],
    "isTemplate": false,
    "count": 0,
    "updated": 1508522626
  },
  {
    "id": "5aa673c4-6166-477c-b3dd-6f2e8a2fa48f",
    "data": [
      {
        "text": "je veux pas causer",
        "userDefined": false
      }
    ],
    "isTemplate": false,
    "count": 0,
    "updated": 1508522626
  },
  {
    "id": "42e70fcd-73e8-47ae-9668-01c2a29e146b",
    "data": [
      {
        "text": "j\u0027ai pas envie de parler",
        "userDefined": false
      }
    ],
    "isTemplate": false,
    "count": 0,
    "updated": 1508522626
  },
  {
    "id": "0688701e-d086-417d-9973-582acb6feeb1",
    "data": [
      {
        "text": "je n\u0027ai plus envie de te parler",
        "userDefined": false
      }
    ],
    "isTemplate": false,
    "count": 0,
    "updated": 1508522626
  },
  {
    "id": "20ed0aef-3d68-4813-b2d1-c7ddbd6f503f",
    "data": [
      {
        "text": "je ne veux pas te parler maintenant",
        "userDefined": false
      }
    ],
    "isTemplate": false,
    "count": 0,
    "updated": 1508522626
  },
  {
    "id": "aa09c23d-b273-4891-a653-4c6acb214307",
    "data": [
      {
        "text": "arrêtons de parler",
        "userDefined": false
      }
    ],
    "isTemplate": false,
    "count": 0,
    "updated": 1508522626
  }
]