[
  {
    "id": "8efd0fba-0b13-4132-811c-f5e861cc25ac",
    "data": [
      {
        "text": "super de te revoir",
        "userDefined": false
      }
    ],
    "isTemplate": false,
    "count": 0,
    "updated": 0
  },
  {
    "id": "60f8fb6c-f32b-46f8-8b9d-a9d1fe6ba3d7",
    "data": [
      {
        "text": "c\u0027est un plaisir de te voir",
        "userDefined": false
      }
    ],
    "isTemplate": false,
    "count": 1,
    "updated": 0
  },
  {
    "id": "e27fef83-630c-4ad8-8b68-926a1039120b",
    "data": [
      {
        "text": "ça fait plaisir de te revoir",
        "userDefined": false
      }
    ],
    "isTemplate": false,
    "count": 0,
    "updated": 0
  },
  {
    "id": "6ab68cc5-28f7-4aa9-bc76-68f3c13cd074",
    "data": [
      {
        "text": "enchantée de te voir",
        "userDefined": false
      }
    ],
    "isTemplate": false,
    "count": 0,
    "updated": 0
  },
  {
    "id": "589af84e-4539-406e-b3df-98a925f19331",
    "data": [
      {
        "text": "ça me fait plaisir de te voir",
        "userDefined": false
      }
    ],
    "isTemplate": false,
    "count": 0,
    "updated": 0
  },
  {
    "id": "1c0f3b35-9cfa-4cf6-8b90-aad0de205a34",
    "data": [
      {
        "text": "je suis content de te voir",
        "userDefined": false
      }
    ],
    "isTemplate": false,
    "count": 0,
    "updated": 0
  },
  {
    "id": "924ab5a6-41ac-42cf-bb8d-60eb4d30b43a",
    "data": [
      {
        "text": "c\u0027est super de te voir",
        "userDefined": false
      }
    ],
    "isTemplate": false,
    "count": 0,
    "updated": 0
  },
  {
    "id": "78824aff-42f6-4e7c-a2a1-646ad29d3b76",
    "data": [
      {
        "text": "c\u0027est un plaisir de te revoir",
        "userDefined": false
      }
    ],
    "isTemplate": false,
    "count": 0,
    "updated": 0
  },
  {
    "id": "f5de9a42-c28e-419d-9820-9aafbb6733ea",
    "data": [
      {
        "text": "ça fait plaisir de te voir",
        "userDefined": false
      }
    ],
    "isTemplate": false,
    "count": 0,
    "updated": 0
  },
  {
    "id": "6b3f8767-7292-4d1b-8f8a-41279bcab11f",
    "data": [
      {
        "text": "je suis enchantée de te voir",
        "userDefined": false
      }
    ],
    "isTemplate": false,
    "count": 0,
    "updated": 0
  },
  {
    "id": "0606077b-ce8b-45dd-8b0a-f44c6c90e91b",
    "data": [
      {
        "text": "enchanté de voir",
        "userDefined": false
      }
    ],
    "isTemplate": false,
    "count": 0,
    "updated": 0
  },
  {
    "id": "0d360099-129f-4116-87a9-6834ded70593",
    "data": [
      {
        "text": "je suis enchanté de voir",
        "userDefined": false
      }
    ],
    "isTemplate": false,
    "count": 0,
    "updated": 0
  },
  {
    "id": "0307a83d-ac11-4bef-8981-51432acfb09e",
    "data": [
      {
        "text": "je suis enchantée de voir",
        "userDefined": false
      }
    ],
    "isTemplate": false,
    "count": 0,
    "updated": 0
  },
  {
    "id": "d465e262-36f3-465b-87bf-7ac128ee1266",
    "data": [
      {
        "text": "je suis contente de te revoir",
        "userDefined": false
      }
    ],
    "isTemplate": false,
    "count": 0,
    "updated": 0
  },
  {
    "id": "7ee932d4-710a-4b3f-9c15-ce6d9fab053f",
    "data": [
      {
        "text": "ça me fait plaisir de te revoir",
        "userDefined": false
      }
    ],
    "isTemplate": false,
    "count": 0,
    "updated": 0
  },
  {
    "id": "6b5c0ccf-34ff-4e35-a463-b725b32747c3",
    "data": [
      {
        "text": "je suis content de te revoir",
        "userDefined": false
      }
    ],
    "isTemplate": false,
    "count": 0,
    "updated": 0
  },
  {
    "id": "f09b8476-ba15-44b2-bedb-a142212a380f",
    "data": [
      {
        "text": "content de te voir",
        "userDefined": false
      }
    ],
    "isTemplate": false,
    "count": 0,
    "updated": 0
  },
  {
    "id": "e669da29-87e5-439c-a797-70640e32251e",
    "data": [
      {
        "text": "je suis heureux de te voir",
        "userDefined": false
      }
    ],
    "isTemplate": false,
    "count": 0,
    "updated": 0
  },
  {
    "id": "8c3ac076-94c3-4ffb-afe9-9334affaf9cd",
    "data": [
      {
        "text": "content de te revoir",
        "userDefined": false
      }
    ],
    "isTemplate": false,
    "count": 0,
    "updated": 0
  },
  {
    "id": "4f2ef465-cd22-4454-9a0a-fa407705fffa",
    "data": [
      {
        "text": "je suis enchanté de te voir",
        "userDefined": false
      }
    ],
    "isTemplate": false,
    "count": 0,
    "updated": 0
  },
  {
    "id": "3bb51a69-8896-412f-9eb1-f7e329e61772",
    "data": [
      {
        "text": "c\u0027est bien de te voir",
        "userDefined": false
      }
    ],
    "isTemplate": false,
    "count": 0,
    "updated": 0
  },
  {
    "id": "029cf114-9a02-4931-85e0-cb106f8e64c6",
    "data": [
      {
        "text": "je suis contente de te voir",
        "userDefined": false
      }
    ],
    "isTemplate": false,
    "count": 0,
    "updated": 0
  },
  {
    "id": "1a8baf14-b9ff-44d1-86c0-90c6f7c0eb46",
    "data": [
      {
        "text": "je suis heureuse de te voir",
        "userDefined": false
      }
    ],
    "isTemplate": false,
    "count": 0,
    "updated": 0
  },
  {
    "id": "8e1108bd-3316-450c-8827-fd3635c5bb56",
    "data": [
      {
        "text": "enchantée de voir",
        "userDefined": false
      }
    ],
    "isTemplate": false,
    "count": 0,
    "updated": 0
  },
  {
    "id": "c44d9237-829f-4720-99cb-0fd0d5050e40",
    "data": [
      {
        "text": "c\u0027est un plaisir de revoir",
        "userDefined": false
      }
    ],
    "isTemplate": false,
    "count": 0,
    "updated": 0
  },
  {
    "id": "5a3d1fa0-677f-4187-b3bb-719d93741acc",
    "data": [
      {
        "text": "enchanté de te voir",
        "userDefined": false
      }
    ],
    "isTemplate": false,
    "count": 0,
    "updated": 0
  },
  {
    "id": "238b4ca0-e689-4264-9c03-5ff0c0d20a1c",
    "data": [
      {
        "text": "enchanté de te revoir",
        "userDefined": false
      }
    ],
    "isTemplate": false,
    "count": 0,
    "updated": 0
  },
  {
    "id": "068162bf-92df-4721-9448-6c30b76f1a5c",
    "data": [
      {
        "text": "je suis enchanté de te revoir",
        "userDefined": false
      }
    ],
    "isTemplate": false,
    "count": 0,
    "updated": 0
  },
  {
    "id": "077c7feb-d71b-45b4-8527-f8c5e99083df",
    "data": [
      {
        "text": "je suis enchantée de te revoir",
        "userDefined": false
      }
    ],
    "isTemplate": false,
    "count": 0,
    "updated": 0
  },
  {
    "id": "7beff109-e4e1-4aa3-92d0-73e5a8f19908",
    "data": [
      {
        "text": "je suis heureux de te revoir",
        "userDefined": false
      }
    ],
    "isTemplate": false,
    "count": 0,
    "updated": 0
  },
  {
    "id": "eab91eb3-dc54-4869-a12d-41f1b69faea2",
    "data": [
      {
        "text": "je suis enchanté de revoir",
        "userDefined": false
      }
    ],
    "isTemplate": false,
    "count": 0,
    "updated": 0
  },
  {
    "id": "9ca7d192-f3bb-4a7d-ac6d-3a65c5a86b95",
    "data": [
      {
        "text": "enchanté de revoir",
        "userDefined": false
      }
    ],
    "isTemplate": false,
    "count": 0,
    "updated": 0
  },
  {
    "id": "25c17793-99af-48ea-82aa-fc5aabe2307e",
    "data": [
      {
        "text": "enchantée de te revoir",
        "userDefined": false
      }
    ],
    "isTemplate": false,
    "count": 0,
    "updated": 0
  },
  {
    "id": "c9a0a144-6cdb-4256-ae3b-5fe28fa4e89f",
    "data": [
      {
        "text": "je suis heureuse de te revoir",
        "userDefined": false
      }
    ],
    "isTemplate": false,
    "count": 0,
    "updated": 0
  },
  {
    "id": "57e0c535-e8fd-46d0-80ff-834047ba0f88",
    "data": [
      {
        "text": "enchantée de revoir",
        "userDefined": false
      }
    ],
    "isTemplate": false,
    "count": 0,
    "updated": 0
  },
  {
    "id": "40908231-b3df-48c4-b7fd-1592770a3af4",
    "data": [
      {
        "text": "c\u0027est super de te revoir",
        "userDefined": false
      }
    ],
    "isTemplate": false,
    "count": 0,
    "updated": 0
  },
  {
    "id": "fe9f652e-cb74-453e-b4d0-0891cc009483",
    "data": [
      {
        "text": "c\u0027est bien de te revoir",
        "userDefined": false
      }
    ],
    "isTemplate": false,
    "count": 0,
    "updated": 0
  },
  {
    "id": "ff25a0ad-a6d6-4eab-ae22-3522d2a4a129",
    "data": [
      {
        "text": "je suis enchantée de revoir",
        "userDefined": false
      }
    ],
    "isTemplate": false,
    "count": 0,
    "updated": 0
  }
]