[
  {
    "id": "bb89b233-6042-4b48-872c-fef34fc190c3",
    "data": [
      {
        "text": "haha",
        "userDefined": false
      }
    ],
    "isTemplate": false,
    "count": 0,
    "updated": 1508522627
  },
  {
    "id": "df93a128-05cc-4b82-89a9-64ae3e47c1ee",
    "data": [
      {
        "text": "mdr",
        "userDefined": false
      }
    ],
    "isTemplate": false,
    "count": 0,
    "updated": 1508522627
  },
  {
    "id": "b1a1bc8d-95d7-49cc-a7df-286d344c93cb",
    "data": [
      {
        "text": "hihi",
        "userDefined": false
      }
    ],
    "isTemplate": false,
    "count": 0,
    "updated": 1508522627
  },
  {
    "id": "c1747c83-a077-454d-a50e-48d634c671a0",
    "data": [
      {
        "text": "hahahah",
        "userDefined": false
      }
    ],
    "isTemplate": false,
    "count": 0,
    "updated": 1508522627
  },
  {
    "id": "84d0c585-cf85-4dd5-927e-045a0b4f6f04",
    "data": [
      {
        "text": "mort de rire",
        "userDefined": false
      }
    ],
    "isTemplate": false,
    "count": 0,
    "updated": 1508522627
  },
  {
    "id": "1821b14b-f0ea-4d52-9359-edcec356350d",
    "data": [
      {
        "text": "ha ha",
        "meta": "@sys.ignore",
        "userDefined": false
      }
    ],
    "isTemplate": false,
    "count": 0,
    "updated": 1508522627
  },
  {
    "id": "bab0d13b-c887-4b61-a0a6-44f65157ff3d",
    "data": [
      {
        "text": "ahaha",
        "userDefined": false
      }
    ],
    "isTemplate": false,
    "count": 0,
    "updated": 1508522627
  },
  {
    "id": "162515fc-5c1d-44a5-84de-79b90083a187",
    "data": [
      {
        "text": "ahah",
        "userDefined": false
      }
    ],
    "isTemplate": false,
    "count": 0,
    "updated": 1508522627
  }
]