[
  {
    "id": "28b33524-8626-44b8-aa7c-46688cbd2160",
    "data": [
      {
        "text": "vas tu bien",
        "userDefined": false
      }
    ],
    "isTemplate": false,
    "count": 0,
    "updated": 1508522629
  },
  {
    "id": "894188fb-d945-4dfd-9ce0-924f655bca68",
    "data": [
      {
        "text": "comment ça va",
        "userDefined": false
      }
    ],
    "isTemplate": false,
    "count": 1,
    "updated": 1508522629
  },
  {
    "id": "84f6de82-6bad-4af8-b980-fb8b7d155085",
    "data": [
      {
        "text": "vous allez bien",
        "userDefined": false
      }
    ],
    "isTemplate": false,
    "count": 0,
    "updated": 1508522629
  },
  {
    "id": "4b58f97c-8bee-443a-aab2-53ff76a915c7",
    "data": [
      {
        "text": "ça va",
        "userDefined": false
      }
    ],
    "isTemplate": false,
    "count": 3,
    "updated": 1508522629
  },
  {
    "id": "ea5c164a-dc88-4dc0-ba1c-2fdc6046230c",
    "data": [
      {
        "text": "tu vas bien",
        "userDefined": false
      }
    ],
    "isTemplate": false,
    "count": 0,
    "updated": 1508522629
  },
  {
    "id": "1227494a-0c0b-4d33-82e2-355ef4afe850",
    "data": [
      {
        "text": "allez-vous bien",
        "userDefined": false
      }
    ],
    "isTemplate": false,
    "count": 0,
    "updated": 1508522629
  },
  {
    "id": "3106d5ba-7458-40c1-be69-222fd3601cac",
    "data": [
      {
        "text": "comment ca baigne",
        "userDefined": false
      }
    ],
    "isTemplate": false,
    "count": 0,
    "updated": 1508522629
  },
  {
    "id": "e95e7781-5c33-4eb1-b64b-025d6c34bfb7",
    "data": [
      {
        "text": "comment ça roule",
        "userDefined": false
      }
    ],
    "isTemplate": false,
    "count": 0,
    "updated": 1508522629
  },
  {
    "id": "7397f61c-8ce7-4f00-883a-fc70e55cb7d5",
    "data": [
      {
        "text": "comment allez-vous",
        "userDefined": false
      }
    ],
    "isTemplate": false,
    "count": 0,
    "updated": 1508522629
  },
  {
    "id": "9aa9a46d-d7a1-4ed9-b80e-57a08eb77e2e",
    "data": [
      {
        "text": "ça marche",
        "userDefined": false
      }
    ],
    "isTemplate": false,
    "count": 0,
    "updated": 1508522629
  },
  {
    "id": "9912d6e5-e4b1-42ad-9ac2-ac23ef03ed3f",
    "data": [
      {
        "text": "sa baigne",
        "userDefined": false
      }
    ],
    "isTemplate": false,
    "count": 0,
    "updated": 1508522629
  },
  {
    "id": "4307cc12-7eae-461e-9522-a47a22e61032",
    "data": [
      {
        "text": "comment ca marche",
        "userDefined": false
      }
    ],
    "isTemplate": false,
    "count": 0,
    "updated": 1508522629
  },
  {
    "id": "e3b030f4-b621-4aa0-8985-8882a39806e0",
    "data": [
      {
        "text": "comment ca roule",
        "userDefined": false
      }
    ],
    "isTemplate": false,
    "count": 0,
    "updated": 1508522629
  },
  {
    "id": "ae9f247a-6ea4-4b9c-bed2-af6ecf0eaaa6",
    "data": [
      {
        "text": "sava",
        "userDefined": false
      }
    ],
    "isTemplate": false,
    "count": 0,
    "updated": 1508522629
  },
  {
    "id": "eae7abef-bcb2-44d7-831a-1b6c8f840099",
    "data": [
      {
        "text": "comment vous portez vous",
        "userDefined": false
      }
    ],
    "isTemplate": false,
    "count": 0,
    "updated": 1508522629
  },
  {
    "id": "4a644f0d-35bc-416b-8e94-a891ebcaa089",
    "data": [
      {
        "text": "ca marche",
        "userDefined": false
      }
    ],
    "isTemplate": false,
    "count": 0,
    "updated": 1508522629
  },
  {
    "id": "f243e955-33e1-4aa6-a85c-2de3bbf06471",
    "data": [
      {
        "text": "sa marche",
        "userDefined": false
      }
    ],
    "isTemplate": false,
    "count": 0,
    "updated": 1508522629
  },
  {
    "id": "334a593e-4095-4167-b8f8-f90bc4769730",
    "data": [
      {
        "text": "ça roule ma poule",
        "userDefined": false
      }
    ],
    "isTemplate": false,
    "count": 0,
    "updated": 1508522629
  },
  {
    "id": "baade011-9a4b-41f8-814d-88e784d75216",
    "data": [
      {
        "text": "ca va",
        "userDefined": false
      }
    ],
    "isTemplate": false,
    "count": 0,
    "updated": 1508522629
  },
  {
    "id": "0e12b6f6-a553-4465-bf0f-e4b65d814b94",
    "data": [
      {
        "text": "ca roule",
        "userDefined": false
      }
    ],
    "isTemplate": false,
    "count": 0,
    "updated": 1508522629
  },
  {
    "id": "b5020ea9-3916-4695-abec-f1d976fdd176",
    "data": [
      {
        "text": "comment ça baigne",
        "userDefined": false
      }
    ],
    "isTemplate": false,
    "count": 0,
    "updated": 1508522629
  },
  {
    "id": "a0bac437-ebb5-4ebe-8e62-63803957081d",
    "data": [
      {
        "text": "comment vas-tu",
        "userDefined": false
      }
    ],
    "isTemplate": false,
    "count": 0,
    "updated": 1508522629
  },
  {
    "id": "ea887695-c323-4fac-a0a5-c326a9a0d017",
    "data": [
      {
        "text": "comment ça marche",
        "userDefined": false
      }
    ],
    "isTemplate": false,
    "count": 2,
    "updated": 1508522629
  },
  {
    "id": "dbf74ec1-e67b-42da-9237-d45496f464c9",
    "data": [
      {
        "text": "ca roule ma poule",
        "userDefined": false
      }
    ],
    "isTemplate": false,
    "count": 0,
    "updated": 1508522629
  },
  {
    "id": "1fff4930-3ff0-42bb-bb23-8b1fdd7f8308",
    "data": [
      {
        "text": "sa va",
        "userDefined": false
      }
    ],
    "isTemplate": false,
    "count": 0,
    "updated": 1508522629
  },
  {
    "id": "8742ac62-09be-440a-8647-fa44c6c3b5a5",
    "data": [
      {
        "text": "ça roule",
        "userDefined": false
      }
    ],
    "isTemplate": false,
    "count": 0,
    "updated": 1508522629
  },
  {
    "id": "8d4613b6-28d0-4d9c-b01d-a85b12f843fb",
    "data": [
      {
        "text": "comment ca va",
        "userDefined": false
      }
    ],
    "isTemplate": false,
    "count": 0,
    "updated": 1508522629
  },
  {
    "id": "735bed19-a5a0-49b0-b89a-fb44d7644db2",
    "data": [
      {
        "text": "ça baigne",
        "userDefined": false
      }
    ],
    "isTemplate": false,
    "count": 0,
    "updated": 1508522629
  },
  {
    "id": "e4bfe5ab-c550-4466-93e1-f8d896053c0f",
    "data": [
      {
        "text": "ca baigne",
        "userDefined": false
      }
    ],
    "isTemplate": false,
    "count": 0,
    "updated": 1508522629
  },
  {
    "id": "85dd2a24-8ea1-4328-8afe-5c3468234ae9",
    "data": [
      {
        "text": "sa roule",
        "userDefined": false
      }
    ],
    "isTemplate": false,
    "count": 0,
    "updated": 1508522629
  },
  {
    "id": "3b421ec8-9faf-4522-a761-6b9b25d6fbaa",
    "data": [
      {
        "text": "sa roule ma poule",
        "userDefined": false
      }
    ],
    "isTemplate": false,
    "count": 0,
    "updated": 1508522629
  },
  {
    "id": "8273b858-542d-4576-8de2-447fc318262d",
    "data": [
      {
        "text": "comment te porte tu",
        "userDefined": false
      }
    ],
    "isTemplate": false,
    "count": 0,
    "updated": 1508522629
  },
  {
    "id": "722c8fe6-48be-4361-b538-f9d6fbcf24d2",
    "data": [
      {
        "text": "salut ça va",
        "userDefined": false
      }
    ],
    "isTemplate": false,
    "count": 4,
    "updated": 1508522629
  },
  {
    "id": "cacddde9-6673-4e09-b90b-cc6785a439b9",
    "data": [
      {
        "text": "tu vas bien toi",
        "userDefined": false
      }
    ],
    "isTemplate": false,
    "count": 4,
    "updated": 1508522629
  },
  {
    "id": "edbf5c9d-c267-495a-89e0-28f7ed9184d2",
    "data": [
      {
        "text": "dis-moi tu vas bien",
        "userDefined": false
      }
    ],
    "isTemplate": false,
    "count": 0,
    "updated": 1508522629
  },
  {
    "id": "896e1049-ce76-4157-82e3-44e0e3800489",
    "data": [
      {
        "text": "comment te portes tu",
        "userDefined": false
      }
    ],
    "isTemplate": false,
    "count": 0,
    "updated": 1508522629
  },
  {
    "id": "d5585568-608d-4145-9636-ef6d455085ff",
    "data": [
      {
        "text": "ça va ou pas finalement",
        "userDefined": false
      }
    ],
    "isTemplate": false,
    "count": 1,
    "updated": 1508522629
  },
  {
    "id": "937f272b-029f-4ef7-99eb-1f223594b1a7",
    "data": [
      {
        "text": "ça va mon ami",
        "userDefined": false
      }
    ],
    "isTemplate": false,
    "count": 0,
    "updated": 1508522629
  }
]