[
  {
    "id": "7ba81bd6-f587-4e7f-8c9b-a6f2fb8421fa",
    "data": [
      {
        "text": "qu\u0027est-ce qu\u0027il y a de ",
        "userDefined": false
      },
      {
        "text": "beau",
        "meta": "@sys.ignore",
        "userDefined": false
      }
    ],
    "isTemplate": false,
    "count": 0,
    "updated": 1508522627
  },
  {
    "id": "b83707f4-df87-4116-9bc9-f195172a71c0",
    "data": [
      {
        "text": "quoi de ",
        "userDefined": false
      },
      {
        "text": "neuf",
        "meta": "@sys.ignore",
        "userDefined": false
      }
    ],
    "isTemplate": false,
    "count": 0,
    "updated": 1508522627
  },
  {
    "id": "2484792c-4f5c-4b1c-b327-3158969111b9",
    "data": [
      {
        "text": "quoi de ",
        "userDefined": false
      },
      {
        "text": "beau",
        "meta": "@sys.ignore",
        "userDefined": false
      }
    ],
    "isTemplate": false,
    "count": 0,
    "updated": 1508522627
  },
  {
    "id": "b3bdb9af-3084-48cd-b063-9ab326a8b4f7",
    "data": [
      {
        "text": "quoi de nouveau",
        "userDefined": false
      }
    ],
    "isTemplate": false,
    "count": 0,
    "updated": 1508522627
  },
  {
    "id": "4de72f10-ebed-4ea6-8056-3955a66a903c",
    "data": [
      {
        "text": "qu\u0027est-ce qu\u0027il y a de ",
        "userDefined": false
      },
      {
        "text": "neuf",
        "meta": "@sys.ignore",
        "userDefined": false
      }
    ],
    "isTemplate": false,
    "count": 0,
    "updated": 1508522627
  },
  {
    "id": "6ebd0186-b5e3-4bb8-9bf2-d87def70d070",
    "data": [
      {
        "text": "salut",
        "meta": "@sys.ignore",
        "userDefined": true
      },
      {
        "text": " quoi ",
        "userDefined": false
      },
      {
        "text": "de",
        "meta": "@sys.ignore",
        "userDefined": true
      },
      {
        "text": " ",
        "userDefined": false
      },
      {
        "text": "neuf",
        "meta": "@sys.ignore",
        "userDefined": true
      },
      {
        "text": " ",
        "userDefined": false
      },
      {
        "text": "toi",
        "meta": "@sys.ignore",
        "userDefined": true
      }
    ],
    "isTemplate": false,
    "count": 0,
    "updated": 1508522627
  },
  {
    "id": "2677fa56-a1b1-4be4-a3f5-f465ecb7ec19",
    "data": [
      {
        "text": "qu\u0027est-ce qu\u0027il y a de nouveau",
        "userDefined": false
      }
    ],
    "isTemplate": false,
    "count": 0,
    "updated": 1508522627
  },
  {
    "id": "ec441e74-868a-455c-b9c7-32c663a637d5",
    "data": [
      {
        "text": "quoi de neuf toi",
        "userDefined": false
      }
    ],
    "isTemplate": false,
    "count": 1,
    "updated": 1508522627
  }
]