[
  {
    "id": "f7a8b615-600a-474f-b434-d5f83919143f",
    "data": [
      {
        "text": "j\u0027ai trop à faire maintenant",
        "userDefined": false
      }
    ],
    "isTemplate": false,
    "count": 0,
    "updated": 1508522626
  },
  {
    "id": "828e5ccc-2da9-4cf5-bd15-d24759590a1a",
    "data": [
      {
        "text": "je suis très occupée",
        "userDefined": false
      }
    ],
    "isTemplate": false,
    "count": 0,
    "updated": 1508522626
  },
  {
    "id": "806bee8a-5614-4cce-b263-f7be33e0bf09",
    "data": [
      {
        "text": "j\u0027ai beaucoup de choses à faire",
        "userDefined": false
      }
    ],
    "isTemplate": false,
    "count": 0,
    "updated": 1508522626
  },
  {
    "id": "80c35e62-7e00-4371-ad55-8520208736b6",
    "data": [
      {
        "text": "j\u0027ai trop à faire",
        "userDefined": false
      }
    ],
    "isTemplate": false,
    "count": 0,
    "updated": 1508522626
  },
  {
    "id": "b69b1818-efd8-464c-bc2f-d15da534c988",
    "data": [
      {
        "text": "je n\u0027ai pas le temps de faire ça en ce moment",
        "userDefined": false
      }
    ],
    "isTemplate": false,
    "count": 0,
    "updated": 1508522626
  },
  {
    "id": "0d18ced6-a513-461c-a15e-1888fa20783c",
    "data": [
      {
        "text": "je suis occupée",
        "userDefined": false
      }
    ],
    "isTemplate": false,
    "count": 0,
    "updated": 1508522626
  },
  {
    "id": "383f83b2-b478-43df-aa50-0d2e3b4fa2c3",
    "data": [
      {
        "text": "je n\u0027ai pas le temps",
        "userDefined": false
      }
    ],
    "isTemplate": false,
    "count": 0,
    "updated": 1508522626
  },
  {
    "id": "e16aad77-139b-4f20-832c-041203fec205",
    "data": [
      {
        "text": "je suis trop occupé pour ça",
        "userDefined": false
      }
    ],
    "isTemplate": false,
    "count": 0,
    "updated": 1508522626
  },
  {
    "id": "48cc1c60-56f3-4c67-848f-7920cb3daf06",
    "data": [
      {
        "text": "pas de temps",
        "userDefined": false
      }
    ],
    "isTemplate": false,
    "count": 0,
    "updated": 1508522626
  },
  {
    "id": "a7f35c60-625e-43f9-81aa-741eb198d550",
    "data": [
      {
        "text": "je suis occupé",
        "userDefined": false
      }
    ],
    "isTemplate": false,
    "count": 0,
    "updated": 1508522626
  },
  {
    "id": "865190f2-9330-41a0-923b-7dd2c6fc24e5",
    "data": [
      {
        "text": "je suis occupé en ce moment",
        "userDefined": false
      }
    ],
    "isTemplate": false,
    "count": 0,
    "updated": 1508522626
  }
]