[
  {
    "id": "056e8354-e24a-42f1-8b9c-70d83a7c11af",
    "data": [
      {
        "text": "je n\u0027ai personne",
        "userDefined": false
      }
    ],
    "isTemplate": false,
    "count": 0,
    "updated": 1508522628
  },
  {
    "id": "253fedac-f9fd-4842-b38f-58c3db85afba",
    "data": [
      {
        "text": "je",
        "meta": "@sys.ignore",
        "userDefined": true
      },
      {
        "text": " suis tellement ",
        "userDefined": false
      },
      {
        "text": "seul",
        "meta": "@sys.ignore",
        "userDefined": true
      }
    ],
    "isTemplate": false,
    "count": 0,
    "updated": 1508522628
  },
  {
    "id": "09956fef-fa2a-422e-b941-9cbbe12af92e",
    "data": [
      {
        "text": "je me sens seul",
        "userDefined": false
      }
    ],
    "isTemplate": false,
    "count": 0,
    "updated": 1508522628
  },
  {
    "id": "0b351673-0a7f-4f6f-a6a6-1151bb2413d1",
    "data": [
      {
        "text": "je suis si seul",
        "userDefined": false
      }
    ],
    "isTemplate": false,
    "count": 0,
    "updated": 1508522628
  },
  {
    "id": "cef21ab5-df35-4097-a4bf-0ea66a43db54",
    "data": [
      {
        "text": "je suis tout seul",
        "userDefined": false
      }
    ],
    "isTemplate": false,
    "count": 0,
    "updated": 1508522628
  },
  {
    "id": "5a0d0fe2-1514-4b85-b055-961669735196",
    "data": [
      {
        "text": "je suis seule",
        "userDefined": false
      }
    ],
    "isTemplate": false,
    "count": 0,
    "updated": 1508522628
  },
  {
    "id": "dec41fd3-886b-4c6b-978b-5e48414e4e95",
    "data": [
      {
        "text": "je",
        "meta": "@sys.ignore",
        "userDefined": true
      },
      {
        "text": " ",
        "userDefined": false
      },
      {
        "text": "me",
        "meta": "@sys.ignore",
        "userDefined": true
      },
      {
        "text": " ",
        "userDefined": false
      },
      {
        "text": "sens",
        "meta": "@sys.ignore",
        "userDefined": true
      },
      {
        "text": " tellement ",
        "userDefined": false
      },
      {
        "text": "seule",
        "meta": "@sys.ignore",
        "userDefined": true
      }
    ],
    "isTemplate": false,
    "count": 0,
    "updated": 1508522628
  },
  {
    "id": "81ccf11a-98d0-4341-8488-35ce43117c35",
    "data": [
      {
        "text": "je",
        "meta": "@sys.ignore",
        "userDefined": true
      },
      {
        "text": " suis tellement ",
        "userDefined": false
      },
      {
        "text": "seule",
        "meta": "@sys.ignore",
        "userDefined": true
      }
    ],
    "isTemplate": false,
    "count": 0,
    "updated": 1508522628
  },
  {
    "id": "822435b6-936d-4d44-b7ed-1c9436bc530f",
    "data": [
      {
        "text": "je",
        "meta": "@sys.ignore",
        "userDefined": true
      },
      {
        "text": " ",
        "userDefined": false
      },
      {
        "text": "me",
        "meta": "@sys.ignore",
        "userDefined": true
      },
      {
        "text": " ",
        "userDefined": false
      },
      {
        "text": "sens",
        "meta": "@sys.ignore",
        "userDefined": true
      },
      {
        "text": " trop ",
        "userDefined": false
      },
      {
        "text": "seule",
        "meta": "@sys.ignore",
        "userDefined": true
      }
    ],
    "isTemplate": false,
    "count": 0,
    "updated": 1508522628
  },
  {
    "id": "6da3f7e5-85a1-4c30-8b3d-d4724e0fc7f4",
    "data": [
      {
        "text": "je me sens seule",
        "userDefined": false
      }
    ],
    "isTemplate": false,
    "count": 0,
    "updated": 1508522628
  },
  {
    "id": "2121b926-5b23-4a65-b48e-73e18934c21e",
    "data": [
      {
        "text": "je suis seul",
        "userDefined": false
      }
    ],
    "isTemplate": false,
    "count": 0,
    "updated": 1508522628
  }
]