[
  {
    "id": "dab313ec-7871-48df-8326-35df2bd7fc82",
    "data": [
      {
        "text": "je",
        "meta": "@sys.ignore",
        "userDefined": true
      },
      {
        "text": " suis déjà ",
        "userDefined": false
      },
      {
        "text": "ici",
        "meta": "@sys.ignore",
        "userDefined": true
      }
    ],
    "isTemplate": false,
    "count": 0,
    "updated": 1508522627
  },
  {
    "id": "2a679c2e-240c-4a9b-bab7-92ba8f522c03",
    "data": [
      {
        "text": "je",
        "meta": "@sys.ignore",
        "userDefined": true
      },
      {
        "text": " suis presqu\u0027",
        "userDefined": false
      },
      {
        "text": "ici",
        "meta": "@sys.ignore",
        "userDefined": true
      }
    ],
    "isTemplate": false,
    "count": 0,
    "updated": 1508522627
  },
  {
    "id": "025f7880-e7a2-4ec9-80ce-ae277fcb5706",
    "data": [
      {
        "text": "presque là",
        "userDefined": false
      }
    ],
    "isTemplate": false,
    "count": 0,
    "updated": 1508522627
  },
  {
    "id": "9bfb693f-a7ad-42ef-83de-7dacda5fef70",
    "data": [
      {
        "text": "je",
        "meta": "@sys.ignore",
        "userDefined": true
      },
      {
        "text": " suis là déjà",
        "userDefined": false
      }
    ],
    "isTemplate": false,
    "count": 0,
    "updated": 1508522627
  },
  {
    "id": "d4081074-f7c7-4f48-9a86-79f4a1360301",
    "data": [
      {
        "text": "je suis ici",
        "userDefined": false
      }
    ],
    "isTemplate": false,
    "count": 0,
    "updated": 1508522627
  },
  {
    "id": "78119869-057c-45ca-8c33-030f59e954b0",
    "data": [
      {
        "text": "je suis là",
        "userDefined": false
      }
    ],
    "isTemplate": false,
    "count": 0,
    "updated": 1508522627
  },
  {
    "id": "b644d440-f556-44f7-92cc-9bba8b573762",
    "data": [
      {
        "text": "maintenant je suis là",
        "userDefined": false
      }
    ],
    "isTemplate": false,
    "count": 0,
    "updated": 1508522627
  },
  {
    "id": "4cdba0db-a7e7-4bb8-9fa7-7aa11bb713c7",
    "data": [
      {
        "text": "je",
        "meta": "@sys.ignore",
        "userDefined": true
      },
      {
        "text": " suis déjà là",
        "userDefined": false
      }
    ],
    "isTemplate": false,
    "count": 0,
    "updated": 1508522627
  },
  {
    "id": "7fd682c0-ea98-4849-a8fd-41428ce86a46",
    "data": [
      {
        "text": "c\u0027est bon je suis là",
        "userDefined": false
      }
    ],
    "isTemplate": false,
    "count": 0,
    "updated": 1508522627
  },
  {
    "id": "5a1cdae6-b419-40e9-80dc-49626bc3f954",
    "data": [
      {
        "text": "je",
        "meta": "@sys.ignore",
        "userDefined": true
      },
      {
        "text": " suis presque là",
        "userDefined": false
      }
    ],
    "isTemplate": false,
    "count": 0,
    "updated": 1508522627
  }
]