[
  {
    "id": "312b6a04-fef1-4554-8aae-1381158ed312",
    "data": [
      {
        "text": "ça fait plaisir de te voir",
        "userDefined": false
      }
    ],
    "isTemplate": false,
    "count": 0,
    "updated": 1508522626
  },
  {
    "id": "fa726c5a-930d-407e-b61c-11a97a0df9d9",
    "data": [
      {
        "text": "enchanté de te voir",
        "userDefined": false
      }
    ],
    "isTemplate": false,
    "count": 0,
    "updated": 1508522626
  },
  {
    "id": "fdf95463-a0ff-4e9d-a20e-b514d5e52966",
    "data": [
      {
        "text": "je suis contente de te revoir",
        "userDefined": false
      }
    ],
    "isTemplate": false,
    "count": 0,
    "updated": 1508522626
  },
  {
    "id": "df7f24e5-320b-479e-95e8-bfadbc4d78b8",
    "data": [
      {
        "text": "ça me fait plaisir de te revoir",
        "userDefined": false
      }
    ],
    "isTemplate": false,
    "count": 0,
    "updated": 1508522626
  },
  {
    "id": "c19b8f8a-0e12-4382-a054-1856a7d76ed2",
    "data": [
      {
        "text": "super de te revoir",
        "userDefined": false
      }
    ],
    "isTemplate": false,
    "count": 0,
    "updated": 1508522626
  },
  {
    "id": "cef929fb-565f-4ef6-adf3-73ae66d08cc1",
    "data": [
      {
        "text": "c\u0027est un plaisir de te voir",
        "userDefined": false
      }
    ],
    "isTemplate": false,
    "count": 1,
    "updated": 1508522626
  },
  {
    "id": "74efb6ff-e875-48f8-94be-d13c2a8a3507",
    "data": [
      {
        "text": "content de te revoir",
        "userDefined": false
      }
    ],
    "isTemplate": false,
    "count": 0,
    "updated": 1508522626
  },
  {
    "id": "de297419-ad60-4c39-bebe-578db6356981",
    "data": [
      {
        "text": "c\u0027est super de te revoir",
        "userDefined": false
      }
    ],
    "isTemplate": false,
    "count": 0,
    "updated": 1508522626
  },
  {
    "id": "d8de27f7-aff8-400a-a278-83baec216321",
    "data": [
      {
        "text": "content de te voir",
        "userDefined": false
      }
    ],
    "isTemplate": false,
    "count": 0,
    "updated": 1508522626
  },
  {
    "id": "e75e36cd-a37c-474b-872f-c5dcb93dea05",
    "data": [
      {
        "text": "enchantée de voir",
        "userDefined": false
      }
    ],
    "isTemplate": false,
    "count": 0,
    "updated": 1508522626
  },
  {
    "id": "f0f5a3b5-861d-4b84-a54a-e0460f2a4929",
    "data": [
      {
        "text": "enchantée de revoir",
        "userDefined": false
      }
    ],
    "isTemplate": false,
    "count": 0,
    "updated": 1508522626
  },
  {
    "id": "72852cec-243f-4b70-ae1a-b33765d7279a",
    "data": [
      {
        "text": "je suis content de te voir",
        "userDefined": false
      }
    ],
    "isTemplate": false,
    "count": 0,
    "updated": 1508522626
  },
  {
    "id": "69c3d645-4ea2-43ab-ab58-1692f667c5dd",
    "data": [
      {
        "text": "c\u0027est super de te voir",
        "userDefined": false
      }
    ],
    "isTemplate": false,
    "count": 0,
    "updated": 1508522626
  },
  {
    "id": "dafaada8-4e59-46cd-8a46-c688d7f405cd",
    "data": [
      {
        "text": "je suis enchanté de voir",
        "userDefined": false
      }
    ],
    "isTemplate": false,
    "count": 0,
    "updated": 1508522626
  },
  {
    "id": "beea8401-c2ec-4d76-8c34-43072fca6263",
    "data": [
      {
        "text": "je suis enchantée de voir",
        "userDefined": false
      }
    ],
    "isTemplate": false,
    "count": 0,
    "updated": 1508522626
  },
  {
    "id": "f5a28abd-edd0-4def-a625-34a667c88fc2",
    "data": [
      {
        "text": "enchantée de te revoir",
        "userDefined": false
      }
    ],
    "isTemplate": false,
    "count": 0,
    "updated": 1508522626
  },
  {
    "id": "c72ecc02-ca81-400a-9abd-7d9cb263fb2b",
    "data": [
      {
        "text": "enchanté de revoir",
        "userDefined": false
      }
    ],
    "isTemplate": false,
    "count": 0,
    "updated": 1508522626
  },
  {
    "id": "8f51f07d-5259-4e06-b653-cd9ded563129",
    "data": [
      {
        "text": "je suis heureuse de te voir",
        "userDefined": false
      }
    ],
    "isTemplate": false,
    "count": 0,
    "updated": 1508522626
  },
  {
    "id": "98072d1f-bf14-446e-8836-be04a2776628",
    "data": [
      {
        "text": "c\u0027est un plaisir de revoir",
        "userDefined": false
      }
    ],
    "isTemplate": false,
    "count": 0,
    "updated": 1508522626
  },
  {
    "id": "a8f8b0db-111a-4027-9dba-ef633c4d6670",
    "data": [
      {
        "text": "c\u0027est bien de te revoir",
        "userDefined": false
      }
    ],
    "isTemplate": false,
    "count": 0,
    "updated": 1508522626
  },
  {
    "id": "a1ed09e4-820c-40da-bcd7-50f9012694d5",
    "data": [
      {
        "text": "ça me fait plaisir de te voir",
        "userDefined": false
      }
    ],
    "isTemplate": false,
    "count": 0,
    "updated": 1508522626
  },
  {
    "id": "7f4afe6d-b6f3-468f-a1be-498da900ba3c",
    "data": [
      {
        "text": "je suis contente de te voir",
        "userDefined": false
      }
    ],
    "isTemplate": false,
    "count": 0,
    "updated": 1508522626
  },
  {
    "id": "f6e8a6f1-4fd4-42e0-a2e0-e8958e164b60",
    "data": [
      {
        "text": "je suis enchantée de te voir",
        "userDefined": false
      }
    ],
    "isTemplate": false,
    "count": 0,
    "updated": 1508522626
  },
  {
    "id": "cf075371-7910-4cd1-b6d8-443d8758aa0e",
    "data": [
      {
        "text": "enchantée de te voir",
        "userDefined": false
      }
    ],
    "isTemplate": false,
    "count": 0,
    "updated": 1508522626
  },
  {
    "id": "04cbc69c-0f77-47f6-b73c-298afb7a938d",
    "data": [
      {
        "text": "enchanté de voir",
        "userDefined": false
      }
    ],
    "isTemplate": false,
    "count": 0,
    "updated": 1508522626
  },
  {
    "id": "80f51f1c-df91-42e6-a290-d47e57f6f319",
    "data": [
      {
        "text": "ça fait plaisir de te revoir",
        "userDefined": false
      }
    ],
    "isTemplate": false,
    "count": 0,
    "updated": 1508522626
  },
  {
    "id": "7ba9fad3-8131-4016-89e3-ad621eeb5cce",
    "data": [
      {
        "text": "je suis content de te revoir",
        "userDefined": false
      }
    ],
    "isTemplate": false,
    "count": 0,
    "updated": 1508522626
  },
  {
    "id": "e0fe8355-b644-4a67-8bd4-84d251d117b3",
    "data": [
      {
        "text": "je suis heureux de te revoir",
        "userDefined": false
      }
    ],
    "isTemplate": false,
    "count": 0,
    "updated": 1508522626
  },
  {
    "id": "412d90d9-13be-406a-809b-032bb749e79e",
    "data": [
      {
        "text": "je suis heureuse de te revoir",
        "userDefined": false
      }
    ],
    "isTemplate": false,
    "count": 0,
    "updated": 1508522626
  },
  {
    "id": "9bb13263-550e-44c1-b7ed-c7fc48ad59a7",
    "data": [
      {
        "text": "je suis enchanté de te revoir",
        "userDefined": false
      }
    ],
    "isTemplate": false,
    "count": 0,
    "updated": 1508522626
  },
  {
    "id": "d8a4c66b-3989-47c2-a007-5ac9ce71fe2a",
    "data": [
      {
        "text": "je suis enchantée de revoir",
        "userDefined": false
      }
    ],
    "isTemplate": false,
    "count": 0,
    "updated": 1508522626
  },
  {
    "id": "f6d864a6-de31-423a-b6d3-89bff1a65401",
    "data": [
      {
        "text": "enchanté de te revoir",
        "userDefined": false
      }
    ],
    "isTemplate": false,
    "count": 0,
    "updated": 1508522626
  },
  {
    "id": "ff43c9e5-55e7-4295-8c45-72a3fd928483",
    "data": [
      {
        "text": "c\u0027est bien de te voir",
        "userDefined": false
      }
    ],
    "isTemplate": false,
    "count": 0,
    "updated": 1508522626
  },
  {
    "id": "399e930f-2b2f-43d1-ab5f-9a7baa201dbd",
    "data": [
      {
        "text": "c\u0027est un plaisir de te revoir",
        "userDefined": false
      }
    ],
    "isTemplate": false,
    "count": 0,
    "updated": 1508522626
  },
  {
    "id": "86ac4d99-898e-4524-8ea8-642bf6412f88",
    "data": [
      {
        "text": "je suis heureux de te voir",
        "userDefined": false
      }
    ],
    "isTemplate": false,
    "count": 0,
    "updated": 1508522626
  },
  {
    "id": "e0ddbec9-9781-4d60-8996-6aca1164ce58",
    "data": [
      {
        "text": "je suis enchanté de te voir",
        "userDefined": false
      }
    ],
    "isTemplate": false,
    "count": 0,
    "updated": 1508522626
  },
  {
    "id": "1d5d3a3d-1877-42ae-b859-69104a2deef2",
    "data": [
      {
        "text": "je suis enchantée de te revoir",
        "userDefined": false
      }
    ],
    "isTemplate": false,
    "count": 0,
    "updated": 1508522626
  },
  {
    "id": "8824e52c-f36a-4784-a565-74b585566554",
    "data": [
      {
        "text": "je suis enchanté de revoir",
        "userDefined": false
      }
    ],
    "isTemplate": false,
    "count": 0,
    "updated": 1508522626
  }
]