[
  {
    "id": "cb10a8b8-d737-4d90-8e90-fa14c148e809",
    "data": [
      {
        "text": "c\u0027est quoi que tu veux dire",
        "userDefined": false
      }
    ],
    "isTemplate": false,
    "count": 0,
    "updated": 1508522627
  },
  {
    "id": "6fb8b7a9-350d-4f26-88be-050b78eb85e9",
    "data": [
      {
        "text": "qu\u0027est-ce que tu veux dire",
        "userDefined": false
      }
    ],
    "isTemplate": false,
    "count": 1,
    "updated": 1508522627
  },
  {
    "id": "b8912c47-9477-4050-9e2f-4041653de327",
    "data": [
      {
        "text": "tu veux dire quoi précisément",
        "userDefined": false
      }
    ],
    "isTemplate": false,
    "count": 0,
    "updated": 1508522627
  },
  {
    "id": "a9a95713-a8bc-43e6-b0a1-a70f0a2daa12",
    "data": [
      {
        "text": "vous",
        "meta": "@sys.ignore",
        "userDefined": true
      },
      {
        "text": " voulez dire quoi",
        "userDefined": false
      }
    ],
    "isTemplate": false,
    "count": 0,
    "updated": 1508522627
  },
  {
    "id": "365e0b1a-8685-48fe-bb57-e7af68588041",
    "data": [
      {
        "text": "qu\u0027est-ce que tu essaie de dire",
        "userDefined": false
      }
    ],
    "isTemplate": false,
    "count": 0,
    "updated": 1508522627
  },
  {
    "id": "d3218471-23a1-41f9-b5b9-483b562a8344",
    "data": [
      {
        "text": "tu",
        "meta": "@sys.ignore",
        "userDefined": true
      },
      {
        "text": " veux dire quoi ",
        "userDefined": false
      },
      {
        "text": "par là",
        "meta": "@sys.ignore",
        "userDefined": true
      }
    ],
    "isTemplate": false,
    "count": 0,
    "updated": 1508522627
  },
  {
    "id": "af2db9ae-3aad-4263-818a-58abc6fe5479",
    "data": [
      {
        "text": "tu",
        "meta": "@sys.ignore",
        "userDefined": true
      },
      {
        "text": " veux quoi dire",
        "userDefined": false
      }
    ],
    "isTemplate": false,
    "count": 0,
    "updated": 1508522627
  },
  {
    "id": "63b846f1-9fde-4031-8037-4eed818fc87e",
    "data": [
      {
        "text": "tu",
        "meta": "@sys.ignore",
        "userDefined": true
      },
      {
        "text": " veux dire quoi ",
        "userDefined": false
      },
      {
        "text": "au",
        "meta": "@sys.ignore",
        "userDefined": true
      },
      {
        "text": " ",
        "userDefined": false
      },
      {
        "text": "juste",
        "meta": "@sys.ignore",
        "userDefined": true
      }
    ],
    "isTemplate": false,
    "count": 1,
    "updated": 1508522627
  },
  {
    "id": "ad82e3d7-5f1e-4d3c-a92d-f412f5db17c1",
    "data": [
      {
        "text": "tu",
        "meta": "@sys.ignore",
        "userDefined": true
      },
      {
        "text": " veux dire quoi",
        "userDefined": false
      }
    ],
    "isTemplate": false,
    "count": 0,
    "updated": 1508522627
  },
  {
    "id": "7dd440bd-dc62-4a88-ac7a-57e93ae46bbc",
    "data": [
      {
        "text": "précise ",
        "userDefined": false
      },
      {
        "text": "ce",
        "meta": "@sys.ignore",
        "userDefined": true
      },
      {
        "text": " que ",
        "userDefined": false
      },
      {
        "text": "tu",
        "meta": "@sys.ignore",
        "userDefined": true
      },
      {
        "text": " veux dire",
        "userDefined": false
      }
    ],
    "isTemplate": false,
    "count": 0,
    "updated": 1508522627
  }
]