[
  {
    "id": "87b6b6a9-db2f-4832-b6f3-ef306b940d7c",
    "data": [
      {
        "text": "je suis enthousiasmé",
        "userDefined": false
      }
    ],
    "isTemplate": false,
    "count": 0,
    "updated": 1508522627
  },
  {
    "id": "d271a4af-acd4-47ce-8b71-412d7b564ecc",
    "data": [
      {
        "text": "je suis trop enthousiasmée pour ça",
        "userDefined": false
      }
    ],
    "isTemplate": false,
    "count": 0,
    "updated": 1508522627
  },
  {
    "id": "5f1b9abd-20a3-4ca4-9a8a-b3460fae1ae3",
    "data": [
      {
        "text": "j\u0027en ai hâte",
        "userDefined": false
      }
    ],
    "isTemplate": false,
    "count": 0,
    "updated": 1508522627
  },
  {
    "id": "6de5adb4-9d2a-433a-95e2-9db11f5285c9",
    "data": [
      {
        "text": "j\u0027ai hâte",
        "userDefined": false
      }
    ],
    "isTemplate": false,
    "count": 0,
    "updated": 1508522627
  },
  {
    "id": "df76cdda-c136-4967-88b2-f1c851a3b93b",
    "data": [
      {
        "text": "je suis impatient",
        "userDefined": false
      }
    ],
    "isTemplate": false,
    "count": 0,
    "updated": 1508522627
  }
]