[
  {
    "id": "25eccc7a-60f7-4575-8896-73f8848bb249",
    "data": [
      {
        "text": "ai-je l\u0027air bien",
        "userDefined": false
      }
    ],
    "isTemplate": false,
    "count": 0,
    "updated": 0
  },
  {
    "id": "bbc840f4-59d8-4239-bf00-05771b20bf24",
    "data": [
      {
        "text": "sais-tu comment je suis",
        "userDefined": false
      }
    ],
    "isTemplate": false,
    "count": 0,
    "updated": 0
  },
  {
    "id": "d58b2dda-233b-4ebd-83ef-b88f42598b31",
    "data": [
      {
        "text": "comment je suis",
        "userDefined": false
      }
    ],
    "isTemplate": false,
    "count": 0,
    "updated": 0
  },
  {
    "id": "14bbcc9d-7188-4061-865c-57d75068fb18",
    "data": [
      {
        "text": "connais-tu ",
        "userDefined": false
      },
      {
        "text": "mon",
        "meta": "@sys.ignore",
        "userDefined": false
      },
      {
        "text": " apparence",
        "userDefined": false
      }
    ],
    "isTemplate": false,
    "count": 0,
    "updated": 0
  },
  {
    "id": "f05f6e71-2e25-4359-9c64-c0e4f72bc189",
    "data": [
      {
        "text": "comment suis-je",
        "userDefined": false
      }
    ],
    "isTemplate": false,
    "count": 0,
    "updated": 0
  },
  {
    "id": "0673fbd8-37ae-4e24-a140-4de1b03e6fcc",
    "data": [
      {
        "text": "je ressemble à quoi selon toi",
        "userDefined": false
      }
    ],
    "isTemplate": false,
    "count": 0,
    "updated": 0
  },
  {
    "id": "8300a703-58fc-4cde-845a-edadfabc6dc5",
    "data": [
      {
        "text": "est-ce que j\u0027ai l\u0027air bien",
        "userDefined": false
      }
    ],
    "isTemplate": false,
    "count": 0,
    "updated": 0
  },
  {
    "id": "838f778c-d996-43b4-8064-7652fd0fc683",
    "data": [
      {
        "text": "à quoi je ressemble",
        "userDefined": false
      }
    ],
    "isTemplate": false,
    "count": 0,
    "updated": 0
  },
  {
    "id": "5da1f7b7-489a-4431-9615-0efef86c225c",
    "data": [
      {
        "text": "à quoi est-ce que je ressemble",
        "userDefined": false
      }
    ],
    "isTemplate": false,
    "count": 0,
    "updated": 0
  },
  {
    "id": "d4673da0-07fc-4a9d-a625-8fc51c8b71fe",
    "data": [
      {
        "text": "sais-tu à quoi je ressemble",
        "userDefined": false
      }
    ],
    "isTemplate": false,
    "count": 0,
    "updated": 0
  }
]