[
  {
    "id": "f13186dd-518b-4f0d-98f2-ab920216c931",
    "data": [
      {
        "text": "je",
        "meta": "@sys.ignore",
        "userDefined": true
      },
      {
        "text": " suis tellement fatiguée",
        "userDefined": false
      }
    ],
    "isTemplate": false,
    "count": 0,
    "updated": 1508522629
  },
  {
    "id": "c86dc43f-10aa-4933-8e85-3324bf632c18",
    "data": [
      {
        "text": "je suis épuisé",
        "userDefined": false
      }
    ],
    "isTemplate": false,
    "count": 0,
    "updated": 1508522629
  },
  {
    "id": "d6311f8c-5beb-4a2e-8569-5b713bf48c8b",
    "data": [
      {
        "text": "je",
        "meta": "@sys.ignore",
        "userDefined": true
      },
      {
        "text": " suis vraiment fatiguée",
        "userDefined": false
      }
    ],
    "isTemplate": false,
    "count": 0,
    "updated": 1508522629
  },
  {
    "id": "3ea21329-ed0e-46f3-ae5a-d6d1243536f1",
    "data": [
      {
        "text": "je suis tellement fatigué",
        "userDefined": false
      }
    ],
    "isTemplate": false,
    "count": 0,
    "updated": 1508522629
  },
  {
    "id": "2c47171f-985e-4225-9966-a63b8de9533f",
    "data": [
      {
        "text": "je",
        "meta": "@sys.ignore",
        "userDefined": true
      },
      {
        "text": " suis très fatiguée",
        "userDefined": false
      }
    ],
    "isTemplate": false,
    "count": 0,
    "updated": 1508522629
  },
  {
    "id": "f3b4fdb7-57d5-4fba-a029-7c6d7a640890",
    "data": [
      {
        "text": "je",
        "meta": "@sys.ignore",
        "userDefined": true
      },
      {
        "text": " suis très ",
        "userDefined": false
      },
      {
        "text": "fatigué",
        "meta": "@sys.ignore",
        "userDefined": true
      }
    ],
    "isTemplate": false,
    "count": 0,
    "updated": 1508522629
  },
  {
    "id": "99226ab7-9d21-43c5-9251-ce29831034f7",
    "data": [
      {
        "text": "je",
        "meta": "@sys.ignore",
        "userDefined": true
      },
      {
        "text": " suis vraiment ",
        "userDefined": false
      },
      {
        "text": "fatigué",
        "meta": "@sys.ignore",
        "userDefined": true
      }
    ],
    "isTemplate": false,
    "count": 0,
    "updated": 1508522629
  },
  {
    "id": "573d8149-84f2-4d0b-89f8-3d9e0c671dcb",
    "data": [
      {
        "text": "je suis trop épuisée",
        "userDefined": false
      }
    ],
    "isTemplate": false,
    "count": 0,
    "updated": 1508522629
  },
  {
    "id": "ced3837b-1cb6-4bb5-93ed-88c5727ec404",
    "data": [
      {
        "text": "je",
        "meta": "@sys.ignore",
        "userDefined": true
      },
      {
        "text": " suis trop ",
        "userDefined": false
      },
      {
        "text": "fatigué",
        "meta": "@sys.ignore",
        "userDefined": true
      }
    ],
    "isTemplate": false,
    "count": 0,
    "updated": 1508522629
  },
  {
    "id": "c5c4ac78-160d-4bce-8936-5c81d1856f1d",
    "data": [
      {
        "text": "je suis fatiguée",
        "userDefined": false
      }
    ],
    "isTemplate": false,
    "count": 0,
    "updated": 1508522629
  },
  {
    "id": "b12c8db0-2995-4a23-b022-398ccb62f2cc",
    "data": [
      {
        "text": "je suis crevé",
        "userDefined": false
      }
    ],
    "isTemplate": false,
    "count": 0,
    "updated": 1508522629
  },
  {
    "id": "7d162e6e-1b0f-4395-8691-3d4563999ef9",
    "data": [
      {
        "text": "je suis fatigué",
        "userDefined": false
      }
    ],
    "isTemplate": false,
    "count": 0,
    "updated": 1508522629
  },
  {
    "id": "16124dbc-b3f9-4457-a7a3-c7ce2bbe2f2e",
    "data": [
      {
        "text": "je suis crevée",
        "userDefined": false
      }
    ],
    "isTemplate": false,
    "count": 1,
    "updated": 1508522629
  },
  {
    "id": "6683d775-484c-418f-a40d-a538c5cd6380",
    "data": [
      {
        "text": "je",
        "meta": "@sys.ignore",
        "userDefined": true
      },
      {
        "text": " suis trop fatiguée",
        "userDefined": false
      }
    ],
    "isTemplate": false,
    "count": 0,
    "updated": 1508522629
  }
]