[
  {
    "id": "f462831d-259c-4cb2-9e29-06a0a39b9b60",
    "data": [
      {
        "text": "wow",
        "userDefined": false
      }
    ],
    "isTemplate": false,
    "count": 0,
    "updated": 1508522629
  },
  {
    "id": "a017ebaa-0344-4f2d-9250-f49b89897bc7",
    "data": [
      {
        "text": "ohlala",
        "userDefined": false
      }
    ],
    "isTemplate": false,
    "count": 0,
    "updated": 1508522629
  },
  {
    "id": "e465ca5b-3e70-4d73-9586-d4190ce85630",
    "data": [
      {
        "text": "oh lalalala",
        "userDefined": false
      }
    ],
    "isTemplate": false,
    "count": 0,
    "updated": 1508522629
  },
  {
    "id": "fc2fabe0-1b14-48dd-90d3-4412fb2cb2f6",
    "data": [
      {
        "text": "ah la la",
        "userDefined": false
      }
    ],
    "isTemplate": false,
    "count": 0,
    "updated": 1508522629
  },
  {
    "id": "4f2fce71-2c27-40bd-82c7-afc767549717",
    "data": [
      {
        "text": "wow wow",
        "userDefined": false
      }
    ],
    "isTemplate": false,
    "count": 0,
    "updated": 1508522629
  },
  {
    "id": "796770f6-eb0a-4fba-bfa3-1454c30af7b3",
    "data": [
      {
        "text": "waouh",
        "userDefined": false
      }
    ],
    "isTemplate": false,
    "count": 0,
    "updated": 1508522629
  },
  {
    "id": "62394e23-6253-4859-a394-f7778148745b",
    "data": [
      {
        "text": "oh la la",
        "userDefined": false
      }
    ],
    "isTemplate": false,
    "count": 0,
    "updated": 1508522629
  },
  {
    "id": "1ce338b3-14ac-4df3-9aed-fa375e4d68b2",
    "data": [
      {
        "text": "waou",
        "userDefined": false
      }
    ],
    "isTemplate": false,
    "count": 0,
    "updated": 1508522629
  },
  {
    "id": "7c5abe98-9d75-4779-a94b-1fe38caaecd7",
    "data": [
      {
        "text": "waouuuh",
        "userDefined": false
      }
    ],
    "isTemplate": false,
    "count": 0,
    "updated": 1508522629
  },
  {
    "id": "94c9f1a6-0253-4b7d-bb38-db4044025c70",
    "data": [
      {
        "text": "ahlala",
        "userDefined": false
      }
    ],
    "isTemplate": false,
    "count": 0,
    "updated": 1508522629
  },
  {
    "id": "28e2eeb5-f0c8-49e8-afa5-661fce3957f2",
    "data": [
      {
        "text": "wow wow wow",
        "userDefined": false
      }
    ],
    "isTemplate": false,
    "count": 0,
    "updated": 1508522629
  }
]