[
  {
    "id": "deb29d47-c522-421e-a0ba-4b1299edae8b",
    "data": [
      {
        "text": "je",
        "meta": "@sys.ignore",
        "userDefined": true
      },
      {
        "text": " suis vraiment ",
        "userDefined": false
      },
      {
        "text": "fatigué",
        "meta": "@sys.ignore",
        "userDefined": true
      }
    ],
    "isTemplate": false,
    "count": 0,
    "updated": 0
  },
  {
    "id": "f2f8f057-1b9a-4f26-ad4f-8a692b1fc84d",
    "data": [
      {
        "text": "je suis épuisé",
        "userDefined": false
      }
    ],
    "isTemplate": false,
    "count": 0,
    "updated": 0
  },
  {
    "id": "20cae93e-d65e-4d99-99eb-333e8670487a",
    "data": [
      {
        "text": "je suis tellement fatigué",
        "userDefined": false
      }
    ],
    "isTemplate": false,
    "count": 0,
    "updated": 0
  },
  {
    "id": "4366969c-7832-484e-ac06-558045236426",
    "data": [
      {
        "text": "je",
        "meta": "@sys.ignore",
        "userDefined": true
      },
      {
        "text": " suis tellement fatiguée",
        "userDefined": false
      }
    ],
    "isTemplate": false,
    "count": 0,
    "updated": 0
  },
  {
    "id": "87574397-2ffe-4bd0-9aeb-c63abbc5a7e5",
    "data": [
      {
        "text": "je",
        "meta": "@sys.ignore",
        "userDefined": true
      },
      {
        "text": " suis très fatiguée",
        "userDefined": false
      }
    ],
    "isTemplate": false,
    "count": 0,
    "updated": 0
  },
  {
    "id": "20e18ee0-0575-4e6c-8b10-48e356d1dec0",
    "data": [
      {
        "text": "je",
        "meta": "@sys.ignore",
        "userDefined": true
      },
      {
        "text": " suis trop fatiguée",
        "userDefined": false
      }
    ],
    "isTemplate": false,
    "count": 0,
    "updated": 0
  },
  {
    "id": "7b5162b3-01ac-4844-b4c6-0372090f73ad",
    "data": [
      {
        "text": "je",
        "meta": "@sys.ignore",
        "userDefined": true
      },
      {
        "text": " suis très ",
        "userDefined": false
      },
      {
        "text": "fatigué",
        "meta": "@sys.ignore",
        "userDefined": true
      }
    ],
    "isTemplate": false,
    "count": 0,
    "updated": 0
  },
  {
    "id": "3906c17c-ae32-429e-bb9d-f0d4ac12385d",
    "data": [
      {
        "text": "je suis trop épuisée",
        "userDefined": false
      }
    ],
    "isTemplate": false,
    "count": 0,
    "updated": 0
  },
  {
    "id": "e70d6746-29de-42aa-b008-e3e7b4ad95ba",
    "data": [
      {
        "text": "je",
        "meta": "@sys.ignore",
        "userDefined": true
      },
      {
        "text": " suis vraiment fatiguée",
        "userDefined": false
      }
    ],
    "isTemplate": false,
    "count": 0,
    "updated": 0
  },
  {
    "id": "aa6c03b0-c9ac-4712-bde4-5c14f003bcac",
    "data": [
      {
        "text": "je suis fatigué",
        "userDefined": false
      }
    ],
    "isTemplate": false,
    "count": 0,
    "updated": 0
  },
  {
    "id": "6e8b3e4b-7756-464b-a1a3-c515bca9e7ed",
    "data": [
      {
        "text": "je suis fatiguée",
        "userDefined": false
      }
    ],
    "isTemplate": false,
    "count": 0,
    "updated": 0
  },
  {
    "id": "ccecd56f-6c12-4b7f-bddc-263b5137e03f",
    "data": [
      {
        "text": "je suis crevé",
        "userDefined": false
      }
    ],
    "isTemplate": false,
    "count": 0,
    "updated": 0
  },
  {
    "id": "436148a0-ac14-4079-83b0-bcc542f8fe4b",
    "data": [
      {
        "text": "je suis crevée",
        "userDefined": false
      }
    ],
    "isTemplate": false,
    "count": 1,
    "updated": 0
  },
  {
    "id": "c6d21785-344d-400f-987c-12e244706a6d",
    "data": [
      {
        "text": "je",
        "meta": "@sys.ignore",
        "userDefined": true
      },
      {
        "text": " suis trop ",
        "userDefined": false
      },
      {
        "text": "fatigué",
        "meta": "@sys.ignore",
        "userDefined": true
      }
    ],
    "isTemplate": false,
    "count": 0,
    "updated": 0
  }
]