[
  {
    "id": "5c67c2af-2e0d-4c93-9fc5-88370e7f4726",
    "data": [
      {
        "text": "non pas du tout",
        "userDefined": false
      }
    ],
    "isTemplate": false,
    "count": 0,
    "updated": 0
  },
  {
    "id": "3402f9c7-5709-4892-81e6-69a21ab13080",
    "data": [
      {
        "text": "ça me va pas",
        "userDefined": false
      }
    ],
    "isTemplate": false,
    "count": 0,
    "updated": 0
  },
  {
    "id": "70a58010-4924-4ff7-94ab-dec873b9a3f3",
    "data": [
      {
        "text": "pas du tout",
        "userDefined": false
      }
    ],
    "isTemplate": false,
    "count": 0,
    "updated": 0
  },
  {
    "id": "a98f26af-1e91-4cc6-b85b-59ef8283ffcc",
    "data": [
      {
        "text": "du tout",
        "userDefined": false
      }
    ],
    "isTemplate": false,
    "count": 0,
    "updated": 0
  },
  {
    "id": "1681f7f3-9a83-44aa-91c6-6a0988f2c22e",
    "data": [
      {
        "text": "non",
        "userDefined": false
      }
    ],
    "isTemplate": false,
    "count": 0,
    "updated": 0
  },
  {
    "id": "c1de23e7-d882-4e04-bdae-f191f9b7deb0",
    "data": [
      {
        "text": "non merci",
        "userDefined": false
      }
    ],
    "isTemplate": false,
    "count": 0,
    "updated": 0
  },
  {
    "id": "fde02392-5386-4912-847b-f0dde9363043",
    "data": [
      {
        "text": "nan",
        "userDefined": false
      }
    ],
    "isTemplate": false,
    "count": 0,
    "updated": 0
  },
  {
    "id": "ff956fb5-a0a1-4613-bb1d-329968789beb",
    "data": [
      {
        "text": "ça ne me va pas",
        "userDefined": false
      }
    ],
    "isTemplate": false,
    "count": 0,
    "updated": 0
  },
  {
    "id": "05853f8f-fbfe-457b-b84f-6563b36857db",
    "data": [
      {
        "text": "noon",
        "userDefined": false
      }
    ],
    "isTemplate": false,
    "count": 0,
    "updated": 0
  }
]