[
  {
    "id": "1f7bd009-42dc-4bd6-ad0e-e702f3968c22",
    "data": [
      {
        "text": "je suis",
        "meta": "@sys.ignore",
        "userDefined": true
      },
      {
        "text": " super",
        "userDefined": false
      }
    ],
    "isTemplate": false,
    "count": 0,
    "updated": 1508522629
  },
  {
    "id": "32337915-dec0-4fc1-a32a-49c36e991c5f",
    "data": [
      {
        "text": "je suis tellement bien",
        "userDefined": false
      }
    ],
    "isTemplate": false,
    "count": 0,
    "updated": 1508522629
  },
  {
    "id": "62e364ca-7afd-42c2-a376-3855ca61ba74",
    "data": [
      {
        "text": "je",
        "meta": "@sys.ignore",
        "userDefined": true
      },
      {
        "text": " suis cool",
        "userDefined": false
      }
    ],
    "isTemplate": false,
    "count": 0,
    "updated": 1508522629
  },
  {
    "id": "5d5220e4-7fdc-4905-a27e-434a05205797",
    "data": [
      {
        "text": "je suis parfaite",
        "userDefined": false
      }
    ],
    "isTemplate": false,
    "count": 0,
    "updated": 1508522629
  },
  {
    "id": "65ecb6e8-1a3d-4e62-ae96-87d7e3886ba4",
    "data": [
      {
        "text": "je suis bien",
        "userDefined": false
      }
    ],
    "isTemplate": false,
    "count": 0,
    "updated": 1508522629
  },
  {
    "id": "09c5ac8e-9f6b-40a1-9f6f-30e713d99c80",
    "data": [
      {
        "text": "je suis tellement cool",
        "userDefined": false
      }
    ],
    "isTemplate": false,
    "count": 0,
    "updated": 1508522629
  },
  {
    "id": "aca1a895-dab4-4598-bdd6-9a1fc24ff6e3",
    "data": [
      {
        "text": "je suis chouette",
        "userDefined": false
      }
    ],
    "isTemplate": false,
    "count": 0,
    "updated": 1508522629
  },
  {
    "id": "8ff96790-a6b6-4306-b91c-6cc9829c7e5c",
    "data": [
      {
        "text": "je suis super cool",
        "userDefined": false
      }
    ],
    "isTemplate": false,
    "count": 0,
    "updated": 1508522629
  },
  {
    "id": "ed659b52-605b-4dc9-ae9a-21f884e974f7",
    "data": [
      {
        "text": "je",
        "meta": "@sys.ignore",
        "userDefined": true
      },
      {
        "text": " suis trop ",
        "userDefined": false
      },
      {
        "text": "cool",
        "meta": "@sys.ignore",
        "userDefined": true
      }
    ],
    "isTemplate": false,
    "count": 0,
    "updated": 1508522629
  },
  {
    "id": "f5554645-db92-4831-8927-b6a70a4e10d7",
    "data": [
      {
        "text": "je suis parfait",
        "userDefined": false
      }
    ],
    "isTemplate": false,
    "count": 0,
    "updated": 1508522629
  },
  {
    "id": "6e9448f7-a045-4b28-9ad7-c0ff04668c17",
    "data": [
      {
        "text": "je suis ",
        "userDefined": false
      },
      {
        "text": "une",
        "meta": "@sys.ignore",
        "userDefined": false
      },
      {
        "text": " bonne personne",
        "userDefined": false
      }
    ],
    "isTemplate": false,
    "count": 0,
    "updated": 1508522629
  }
]