[
  {
    "id": "feb531f6-8ebb-4990-a355-6ce81e98ab51",
    "data": [
      {
        "text": "tu",
        "meta": "@sys.ignore",
        "userDefined": true
      },
      {
        "text": " veux dire quoi",
        "userDefined": false
      }
    ],
    "isTemplate": false,
    "count": 0,
    "updated": 1508522629
  },
  {
    "id": "c809c794-83f3-4c8f-9161-ad228235c7e1",
    "data": [
      {
        "text": "précise ",
        "userDefined": false
      },
      {
        "text": "ce",
        "meta": "@sys.ignore",
        "userDefined": true
      },
      {
        "text": " que ",
        "userDefined": false
      },
      {
        "text": "tu",
        "meta": "@sys.ignore",
        "userDefined": true
      },
      {
        "text": " veux dire",
        "userDefined": false
      }
    ],
    "isTemplate": false,
    "count": 0,
    "updated": 1508522629
  },
  {
    "id": "1c10d351-223b-47b0-92a6-ada2ee43e023",
    "data": [
      {
        "text": "qu\u0027est-ce que tu veux dire",
        "userDefined": false
      }
    ],
    "isTemplate": false,
    "count": 1,
    "updated": 1508522629
  },
  {
    "id": "8e1ecc62-163c-4886-8c83-26eb6af4640b",
    "data": [
      {
        "text": "vous",
        "meta": "@sys.ignore",
        "userDefined": true
      },
      {
        "text": " voulez dire quoi",
        "userDefined": false
      }
    ],
    "isTemplate": false,
    "count": 0,
    "updated": 1508522629
  },
  {
    "id": "de3c37fb-1b40-4ff3-b836-0ffe287ec1ab",
    "data": [
      {
        "text": "tu",
        "meta": "@sys.ignore",
        "userDefined": true
      },
      {
        "text": " veux dire quoi ",
        "userDefined": false
      },
      {
        "text": "au",
        "meta": "@sys.ignore",
        "userDefined": true
      },
      {
        "text": " ",
        "userDefined": false
      },
      {
        "text": "juste",
        "meta": "@sys.ignore",
        "userDefined": true
      }
    ],
    "isTemplate": false,
    "count": 1,
    "updated": 1508522629
  },
  {
    "id": "133fe7d9-7f41-4d30-9e53-2ece9250891f",
    "data": [
      {
        "text": "c\u0027est quoi que tu veux dire",
        "userDefined": false
      }
    ],
    "isTemplate": false,
    "count": 0,
    "updated": 1508522629
  },
  {
    "id": "1f91af0c-b415-427d-83b6-1a18e076de1f",
    "data": [
      {
        "text": "qu\u0027est-ce que tu essaie de dire",
        "userDefined": false
      }
    ],
    "isTemplate": false,
    "count": 0,
    "updated": 1508522629
  },
  {
    "id": "3fb6c41c-e702-4293-9307-d2413316d5fb",
    "data": [
      {
        "text": "tu veux dire quoi précisément",
        "userDefined": false
      }
    ],
    "isTemplate": false,
    "count": 0,
    "updated": 1508522629
  },
  {
    "id": "17710baf-85c6-4d16-abc0-372d90952205",
    "data": [
      {
        "text": "tu",
        "meta": "@sys.ignore",
        "userDefined": true
      },
      {
        "text": " veux dire quoi ",
        "userDefined": false
      },
      {
        "text": "par là",
        "meta": "@sys.ignore",
        "userDefined": true
      }
    ],
    "isTemplate": false,
    "count": 0,
    "updated": 1508522629
  },
  {
    "id": "4eaefdcd-0e66-41de-a00a-a939e4997b33",
    "data": [
      {
        "text": "tu",
        "meta": "@sys.ignore",
        "userDefined": true
      },
      {
        "text": " veux quoi dire",
        "userDefined": false
      }
    ],
    "isTemplate": false,
    "count": 0,
    "updated": 1508522629
  }
]