[
  {
    "id": "5bdfd709-ae26-41e7-8625-244412d320b3",
    "data": [
      {
        "text": "booooon",
        "userDefined": false
      }
    ],
    "isTemplate": false,
    "count": 0,
    "updated": 1508522628
  },
  {
    "id": "fb8b6d75-922f-4636-a69a-2c308d7c57a6",
    "data": [
      {
        "text": "bonne",
        "userDefined": false
      }
    ],
    "isTemplate": false,
    "count": 0,
    "updated": 1508522628
  },
  {
    "id": "9781d74c-489a-4afa-9c31-70cb6d4ffdb2",
    "data": [
      {
        "text": "boooon",
        "userDefined": false
      }
    ],
    "isTemplate": false,
    "count": 0,
    "updated": 1508522628
  },
  {
    "id": "ba703465-1127-4aae-8ca6-505559b7bd5a",
    "data": [
      {
        "text": "bon",
        "userDefined": false
      }
    ],
    "isTemplate": false,
    "count": 0,
    "updated": 1508522628
  },
  {
    "id": "dbbd3ac7-06b4-4276-b5ec-8a07f2238c59",
    "data": [
      {
        "text": "assez bon",
        "userDefined": false
      }
    ],
    "isTemplate": false,
    "count": 0,
    "updated": 1508522628
  },
  {
    "id": "c5676b4e-ef04-49e7-ba48-9c9b2404e9ad",
    "data": [
      {
        "text": "exquis",
        "userDefined": false
      }
    ],
    "isTemplate": false,
    "count": 0,
    "updated": 1508522628
  },
  {
    "id": "81b7e66c-5660-4e79-b3a1-1a895f0d759a",
    "data": [
      {
        "text": "meilleure",
        "userDefined": false
      }
    ],
    "isTemplate": false,
    "count": 0,
    "updated": 1508522628
  },
  {
    "id": "62f029b1-6814-4142-861f-95124d97f758",
    "data": [
      {
        "text": "délicieux",
        "userDefined": false
      }
    ],
    "isTemplate": false,
    "count": 0,
    "updated": 1508522628
  },
  {
    "id": "526c2f7d-0b38-463d-9dc5-b7612efc43c5",
    "data": [
      {
        "text": "fantastique",
        "userDefined": false
      }
    ],
    "isTemplate": false,
    "count": 0,
    "updated": 1508522628
  },
  {
    "id": "1b9fbcfc-8a50-4cb1-81d5-1c55752f4710",
    "data": [
      {
        "text": "merveilleuse",
        "userDefined": false
      }
    ],
    "isTemplate": false,
    "count": 0,
    "updated": 1508522628
  },
  {
    "id": "10c2c4d2-dc93-47de-8e45-59067712f47d",
    "data": [
      {
        "text": "tiptop",
        "userDefined": false
      }
    ],
    "isTemplate": false,
    "count": 0,
    "updated": 1508522628
  },
  {
    "id": "7b4007b9-fe96-4f6b-bdbc-cb817555046a",
    "data": [
      {
        "text": "charmant",
        "userDefined": false
      }
    ],
    "isTemplate": false,
    "count": 0,
    "updated": 1508522628
  },
  {
    "id": "e37741e1-a9c1-4fb6-a872-303781b6faf2",
    "data": [
      {
        "text": "très bon",
        "userDefined": false
      }
    ],
    "isTemplate": false,
    "count": 0,
    "updated": 1508522628
  },
  {
    "id": "86d3cc4b-794b-43ff-a8a0-37c6ca4269d9",
    "data": [
      {
        "text": "parfait",
        "userDefined": false
      }
    ],
    "isTemplate": false,
    "count": 0,
    "updated": 1508522628
  },
  {
    "id": "5e5dea5f-456c-43dc-99ba-c108fe907244",
    "data": [
      {
        "text": "mieux",
        "userDefined": false
      }
    ],
    "isTemplate": false,
    "count": 0,
    "updated": 1508522628
  },
  {
    "id": "000b918a-e17c-40d9-af65-1185bcd33bad",
    "data": [
      {
        "text": "excellent",
        "userDefined": false
      }
    ],
    "isTemplate": false,
    "count": 0,
    "updated": 1508522628
  },
  {
    "id": "7f0dd072-19f2-416d-9954-e61186765446",
    "data": [
      {
        "text": "exquise",
        "userDefined": false
      }
    ],
    "isTemplate": false,
    "count": 0,
    "updated": 1508522628
  },
  {
    "id": "1131f786-f1a4-4d11-9ece-c58ae0f1c2ae",
    "data": [
      {
        "text": "délicieuse",
        "userDefined": false
      }
    ],
    "isTemplate": false,
    "count": 0,
    "updated": 1508522628
  },
  {
    "id": "27592e5d-ac11-4924-ad16-05da27bc8c07",
    "data": [
      {
        "text": "bien",
        "userDefined": false
      }
    ],
    "isTemplate": false,
    "count": 0,
    "updated": 1508522628
  },
  {
    "id": "eb35dc64-80b8-4df8-9731-cbf41ff7ed91",
    "data": [
      {
        "text": "pas trop mal",
        "userDefined": false
      }
    ],
    "isTemplate": false,
    "count": 0,
    "updated": 1508522628
  },
  {
    "id": "15074732-56b9-41f9-adb0-fca37f10aeb9",
    "data": [
      {
        "text": "pas mal",
        "userDefined": false
      }
    ],
    "isTemplate": false,
    "count": 0,
    "updated": 1508522628
  },
  {
    "id": "9337f5c2-224d-48bf-ad73-75465f314b86",
    "data": [
      {
        "text": "cool",
        "userDefined": false
      }
    ],
    "isTemplate": false,
    "count": 0,
    "updated": 1508522628
  },
  {
    "id": "38ee868d-37bf-4010-90e5-5e26e89de5b2",
    "data": [
      {
        "text": "parfaite",
        "userDefined": false
      }
    ],
    "isTemplate": false,
    "count": 0,
    "updated": 1508522628
  },
  {
    "id": "907bb130-18a6-49c8-a616-2bf098fd079b",
    "data": [
      {
        "text": "merveilleux",
        "userDefined": false
      }
    ],
    "isTemplate": false,
    "count": 0,
    "updated": 1508522628
  },
  {
    "id": "8f219f88-6e95-4333-85f9-059b9942e064",
    "data": [
      {
        "text": "excellente",
        "userDefined": false
      }
    ],
    "isTemplate": false,
    "count": 0,
    "updated": 1508522628
  },
  {
    "id": "86404da4-0b97-496e-bae8-618b81ccd6be",
    "data": [
      {
        "text": "meilleur",
        "userDefined": false
      }
    ],
    "isTemplate": false,
    "count": 0,
    "updated": 1508522628
  },
  {
    "id": "fc0f5bc5-c246-4070-9cbc-67d51949cb33",
    "data": [
      {
        "text": "sympa",
        "userDefined": false
      }
    ],
    "isTemplate": false,
    "count": 0,
    "updated": 1508522628
  },
  {
    "id": "4857273f-a7c9-4417-8b06-d80291f48546",
    "data": [
      {
        "text": "agréable",
        "userDefined": false
      }
    ],
    "isTemplate": false,
    "count": 0,
    "updated": 1508522628
  },
  {
    "id": "c3baba60-5f48-4774-aefd-a95e073b98e2",
    "data": [
      {
        "text": "charmante",
        "userDefined": false
      }
    ],
    "isTemplate": false,
    "count": 0,
    "updated": 1508522628
  },
  {
    "id": "05e3ca7f-7af6-4f71-90e2-28ea05e4b82f",
    "data": [
      {
        "text": "trop bon",
        "userDefined": false
      }
    ],
    "isTemplate": false,
    "count": 0,
    "updated": 1508522628
  },
  {
    "id": "629574b6-08ea-4e8b-a765-6b43261a7f95",
    "data": [
      {
        "text": "déchirant",
        "userDefined": false
      }
    ],
    "isTemplate": false,
    "count": 0,
    "updated": 1508522628
  },
  {
    "id": "29b776f7-23e4-409b-a201-1dd11444961d",
    "data": [
      {
        "text": "super",
        "userDefined": false
      }
    ],
    "isTemplate": false,
    "count": 0,
    "updated": 1508522628
  },
  {
    "id": "2f9eb9a3-4527-4d40-8b2d-ba3ed5fb6e28",
    "data": [
      {
        "text": "boooons",
        "userDefined": false
      }
    ],
    "isTemplate": false,
    "count": 0,
    "updated": 1508522628
  },
  {
    "id": "45f2c916-3d36-4c73-9456-7198e259620d",
    "data": [
      {
        "text": "c\u0027est super bien",
        "userDefined": false
      }
    ],
    "isTemplate": false,
    "count": 0,
    "updated": 1508522628
  },
  {
    "id": "e61da5e9-6667-45a3-aa0c-ecf92c23334f",
    "data": [
      {
        "text": "admirable",
        "userDefined": false
      }
    ],
    "isTemplate": false,
    "count": 0,
    "updated": 1508522628
  },
  {
    "id": "945824fe-d86c-44d0-aa81-9411a67ed65b",
    "data": [
      {
        "text": "chouette",
        "userDefined": false
      }
    ],
    "isTemplate": false,
    "count": 0,
    "updated": 1508522628
  },
  {
    "id": "978923c9-0434-44c8-8798-ecd6e6e81897",
    "data": [
      {
        "text": "bons",
        "userDefined": false
      }
    ],
    "isTemplate": false,
    "count": 0,
    "updated": 1508522628
  },
  {
    "id": "bf8b0c6c-2037-47f6-a17d-b7b383d6afa2",
    "data": [
      {
        "text": "bonnes",
        "userDefined": false
      }
    ],
    "isTemplate": false,
    "count": 0,
    "updated": 1508522628
  },
  {
    "id": "5a1561ff-0aac-47b5-bb28-1738142b0442",
    "data": [
      {
        "text": "adorable",
        "userDefined": false
      }
    ],
    "isTemplate": false,
    "count": 0,
    "updated": 1508522628
  },
  {
    "id": "bf2d806a-c12d-4859-afd2-cef0b819060d",
    "data": [
      {
        "text": "superbe",
        "userDefined": false
      }
    ],
    "isTemplate": false,
    "count": 0,
    "updated": 1508522628
  },
  {
    "id": "7d328e25-3e61-46a6-aca0-c50b65675745",
    "data": [
      {
        "text": "très ",
        "userDefined": false
      },
      {
        "text": "cool",
        "meta": "@sys.ignore",
        "userDefined": false
      }
    ],
    "isTemplate": false,
    "count": 0,
    "updated": 1508522628
  },
  {
    "id": "bb0c5c5a-90e6-41c1-ba4c-8e4e9ee18d7c",
    "data": [
      {
        "text": "cools",
        "userDefined": false
      }
    ],
    "isTemplate": false,
    "count": 0,
    "updated": 1508522628
  },
  {
    "id": "1fb66c1a-de90-4e23-a67f-40acaf6df489",
    "data": [
      {
        "text": "c\u0027est super",
        "userDefined": false
      }
    ],
    "isTemplate": false,
    "count": 0,
    "updated": 1508522628
  },
  {
    "id": "655f83bb-4d69-454e-902b-2f42ffda629d",
    "data": [
      {
        "text": "c\u0027est trop bien",
        "userDefined": false
      }
    ],
    "isTemplate": false,
    "count": 0,
    "updated": 1508522628
  },
  {
    "id": "cc1f0d3a-69d4-4ce3-8b53-9b2814095727",
    "data": [
      {
        "text": "c\u0027est trop ",
        "userDefined": false
      },
      {
        "text": "cool",
        "meta": "@sys.ignore",
        "userDefined": false
      }
    ],
    "isTemplate": false,
    "count": 0,
    "updated": 1508522628
  },
  {
    "id": "ef1f75b6-65eb-4661-9e07-ca6592b1ab70",
    "data": [
      {
        "text": "trop ",
        "userDefined": false
      },
      {
        "text": "cool",
        "meta": "@sys.ignore",
        "userDefined": false
      }
    ],
    "isTemplate": false,
    "count": 0,
    "updated": 1508522628
  },
  {
    "id": "49945a77-9d8e-492e-a69a-a21260846e65",
    "data": [
      {
        "text": "très bien",
        "userDefined": false
      }
    ],
    "isTemplate": false,
    "count": 0,
    "updated": 1508522628
  },
  {
    "id": "e1ff964a-6a33-49b6-a9c7-2d0d36c7ee57",
    "data": [
      {
        "text": "à craquer",
        "userDefined": false
      }
    ],
    "isTemplate": false,
    "count": 0,
    "updated": 1508522628
  },
  {
    "id": "0b72d9a4-74be-4b3e-8dbe-885a25702914",
    "data": [
      {
        "text": "sympas",
        "userDefined": false
      }
    ],
    "isTemplate": false,
    "count": 0,
    "updated": 1508522628
  },
  {
    "id": "8a723ad2-c295-450c-af02-3beec460eac4",
    "data": [
      {
        "text": "charmantes",
        "userDefined": false
      }
    ],
    "isTemplate": false,
    "count": 0,
    "updated": 1508522628
  },
  {
    "id": "e9c53c85-718d-4d30-ab7f-27bff4025f3e",
    "data": [
      {
        "text": "assez bons",
        "userDefined": false
      }
    ],
    "isTemplate": false,
    "count": 0,
    "updated": 1508522628
  },
  {
    "id": "d26e09d9-27d5-4e62-b398-e0741309be12",
    "data": [
      {
        "text": "booooons",
        "userDefined": false
      }
    ],
    "isTemplate": false,
    "count": 0,
    "updated": 1508522628
  },
  {
    "id": "17bdf00d-4b5e-4078-869c-612a774616e8",
    "data": [
      {
        "text": "c\u0027est bien",
        "userDefined": false
      }
    ],
    "isTemplate": false,
    "count": 0,
    "updated": 1508522628
  },
  {
    "id": "6a5a1254-1570-4ca3-9384-f23362ca01ec",
    "data": [
      {
        "text": "c\u0027est chouette",
        "userDefined": false
      }
    ],
    "isTemplate": false,
    "count": 0,
    "updated": 1508522628
  },
  {
    "id": "cff7b804-2548-4e8d-95ee-6fd339ebea3d",
    "data": [
      {
        "text": "trop bien",
        "userDefined": false
      }
    ],
    "isTemplate": false,
    "count": 0,
    "updated": 1508522628
  },
  {
    "id": "1dbad11c-1451-4623-8dfd-2ad09ab8d761",
    "data": [
      {
        "text": "splendide",
        "userDefined": false
      }
    ],
    "isTemplate": false,
    "count": 0,
    "updated": 1508522628
  },
  {
    "id": "b5535fac-2698-4a05-b00a-8ca5cc97424f",
    "data": [
      {
        "text": "agréables",
        "userDefined": false
      }
    ],
    "isTemplate": false,
    "count": 0,
    "updated": 1508522628
  },
  {
    "id": "4004f9a9-9c26-4569-9998-dcc7bbf1609d",
    "data": [
      {
        "text": "charmants",
        "userDefined": false
      }
    ],
    "isTemplate": false,
    "count": 0,
    "updated": 1508522628
  }
]