[
  {
    "id": "343520e7-1502-4988-b702-52224ee421fc",
    "data": [
      {
        "text": "ahaha",
        "userDefined": false
      }
    ],
    "isTemplate": false,
    "count": 0,
    "updated": 0
  },
  {
    "id": "b3bbcce3-75bd-4cf8-b3d9-e8e4ca4c3244",
    "data": [
      {
        "text": "ahah",
        "userDefined": false
      }
    ],
    "isTemplate": false,
    "count": 0,
    "updated": 0
  },
  {
    "id": "55ef7afb-f480-4e34-8890-ba65be84e695",
    "data": [
      {
        "text": "hahahah",
        "userDefined": false
      }
    ],
    "isTemplate": false,
    "count": 0,
    "updated": 0
  },
  {
    "id": "9d334865-76f5-406f-9168-ae38a84aa559",
    "data": [
      {
        "text": "mort de rire",
        "userDefined": false
      }
    ],
    "isTemplate": false,
    "count": 0,
    "updated": 0
  },
  {
    "id": "8c31fd9c-f212-4fbf-8b34-3217fcddfd22",
    "data": [
      {
        "text": "mdr",
        "userDefined": false
      }
    ],
    "isTemplate": false,
    "count": 0,
    "updated": 0
  },
  {
    "id": "4c8ea8b3-de22-4f28-9e54-da2e8aa04047",
    "data": [
      {
        "text": "haha",
        "userDefined": false
      }
    ],
    "isTemplate": false,
    "count": 0,
    "updated": 0
  },
  {
    "id": "b0f75fc6-758a-4683-adec-958a5c192481",
    "data": [
      {
        "text": "ha ha",
        "meta": "@sys.ignore",
        "userDefined": false
      }
    ],
    "isTemplate": false,
    "count": 0,
    "updated": 0
  },
  {
    "id": "c761bfe4-dfcf-4c55-b6c8-aaffb9ee4789",
    "data": [
      {
        "text": "hihi",
        "userDefined": false
      }
    ],
    "isTemplate": false,
    "count": 0,
    "updated": 0
  }
]