[
  {
    "id": "8931d936-96d7-4ba0-a1fd-e24088df170a",
    "data": [
      {
        "text": "soir",
        "meta": "@sys.ignore",
        "userDefined": false
      }
    ],
    "isTemplate": false,
    "count": 0,
    "updated": 1508522628
  },
  {
    "id": "0336ffb1-b7a1-4bd7-aea8-038ab072b6e4",
    "data": [
      {
        "text": "salut bonsoir",
        "userDefined": false
      }
    ],
    "isTemplate": false,
    "count": 0,
    "updated": 1508522628
  },
  {
    "id": "ed9093c5-817d-43fb-b11b-0e40178e57c0",
    "data": [
      {
        "text": "bonsoir",
        "userDefined": false
      }
    ],
    "isTemplate": false,
    "count": 0,
    "updated": 1508522628
  },
  {
    "id": "bd9e4055-4a07-4b97-8a8a-c520e18eebc9",
    "data": [
      {
        "text": "bon",
        "meta": "@sys.ignore",
        "userDefined": false
      },
      {
        "text": " ",
        "userDefined": false
      },
      {
        "text": "soir",
        "meta": "@sys.ignore",
        "userDefined": false
      }
    ],
    "isTemplate": false,
    "count": 0,
    "updated": 1508522628
  },
  {
    "id": "17a5e16e-c5a3-4687-bd37-1a5f8769ec19",
    "data": [
      {
        "text": "j\u0027espère que tu passes ",
        "userDefined": false
      },
      {
        "text": "une",
        "meta": "@sys.ignore",
        "userDefined": false
      },
      {
        "text": " ",
        "userDefined": false
      },
      {
        "text": "bonne",
        "meta": "@sys.ignore",
        "userDefined": false
      },
      {
        "text": " soirée",
        "userDefined": false
      }
    ],
    "isTemplate": false,
    "count": 0,
    "updated": 1508522628
  },
  {
    "id": "1534620f-a21c-43b2-944e-0882f0d4636b",
    "data": [
      {
        "text": "bonsoir à vous",
        "userDefined": false
      }
    ],
    "isTemplate": false,
    "count": 0,
    "updated": 1508522628
  },
  {
    "id": "0ae0a72f-bb96-414b-9870-6e103c73e051",
    "data": [
      {
        "text": "soir",
        "meta": "@sys.ignore",
        "userDefined": false
      },
      {
        "text": " à toi",
        "userDefined": false
      }
    ],
    "isTemplate": false,
    "count": 0,
    "updated": 1508522628
  },
  {
    "id": "b76a8f52-4bf3-46a3-b5a4-30e273844ab8",
    "data": [
      {
        "text": "bonsoir à toi",
        "userDefined": false
      }
    ],
    "isTemplate": false,
    "count": 0,
    "updated": 1508522628
  },
  {
    "id": "23fc755f-738b-450a-af2b-9c5080eb86c4",
    "data": [
      {
        "text": "tu passes ",
        "userDefined": false
      },
      {
        "text": "une",
        "meta": "@sys.ignore",
        "userDefined": false
      },
      {
        "text": " ",
        "userDefined": false
      },
      {
        "text": "bonne",
        "meta": "@sys.ignore",
        "userDefined": false
      },
      {
        "text": " soirée",
        "userDefined": false
      }
    ],
    "isTemplate": false,
    "count": 0,
    "updated": 1508522628
  },
  {
    "id": "7b40c3ca-73d2-49fa-8977-cf7f5474f8f0",
    "data": [
      {
        "text": "est-ce que tu passes ",
        "userDefined": false
      },
      {
        "text": "une",
        "meta": "@sys.ignore",
        "userDefined": false
      },
      {
        "text": " ",
        "userDefined": false
      },
      {
        "text": "bonne",
        "meta": "@sys.ignore",
        "userDefined": false
      },
      {
        "text": " soirée",
        "userDefined": false
      }
    ],
    "isTemplate": false,
    "count": 0,
    "updated": 1508522628
  }
]