[
  {
    "id": "307c624c-b923-4c08-b31d-188e39174ef7",
    "data": [
      {
        "text": "revenue",
        "userDefined": false
      }
    ],
    "isTemplate": false,
    "count": 0,
    "updated": 1508522626
  },
  {
    "id": "40894ce2-5f5d-401c-8133-fb9977a0dd25",
    "data": [
      {
        "text": "de retour",
        "userDefined": false
      }
    ],
    "isTemplate": false,
    "count": 0,
    "updated": 1508522626
  },
  {
    "id": "e2cedac8-f2c6-4784-9218-c8fb9572963e",
    "data": [
      {
        "text": "je suis revenu",
        "userDefined": false
      }
    ],
    "isTemplate": false,
    "count": 1,
    "updated": 1508522626
  },
  {
    "id": "eb84c760-1b07-475e-9bb9-4a330d125505",
    "data": [
      {
        "text": "je suis de retout maintenant",
        "userDefined": false
      }
    ],
    "isTemplate": false,
    "count": 0,
    "updated": 1508522626
  },
  {
    "id": "3b28c7e4-e3fa-4b35-947c-452dda29195d",
    "data": [
      {
        "text": "je suis revenue",
        "userDefined": false
      }
    ],
    "isTemplate": false,
    "count": 0,
    "updated": 1508522626
  },
  {
    "id": "870b8cda-d58f-4749-ae4a-c38f3d57055d",
    "data": [
      {
        "text": "je suis de retour",
        "userDefined": false
      }
    ],
    "isTemplate": false,
    "count": 0,
    "updated": 1508522626
  },
  {
    "id": "7b2285af-63e7-444c-ab86-a2fdaf6ecbc3",
    "data": [
      {
        "text": "revenu",
        "userDefined": false
      }
    ],
    "isTemplate": false,
    "count": 0,
    "updated": 1508522626
  }
]