[
  {
    "id": "810a250a-9ffd-457e-8dcc-4c6d31f1a2d2",
    "data": [
      {
        "text": "arrêtons de parler",
        "userDefined": false
      }
    ],
    "isTemplate": false,
    "count": 0,
    "updated": 1508522628
  },
  {
    "id": "97523c1d-fe82-4a23-8b0e-41918cd6ed25",
    "data": [
      {
        "text": "je ne veux pas te parler maintenant",
        "userDefined": false
      }
    ],
    "isTemplate": false,
    "count": 0,
    "updated": 1508522628
  },
  {
    "id": "c11b106c-6ab9-4816-a06e-84aa1071989f",
    "data": [
      {
        "text": "je ne veux pas qu\u0027on se parle maintenant",
        "userDefined": false
      }
    ],
    "isTemplate": false,
    "count": 0,
    "updated": 1508522628
  },
  {
    "id": "1187c56a-3126-4e6b-b37c-91ecf4a3b6e9",
    "data": [
      {
        "text": "je ne veux pas trop parler en ce moment",
        "userDefined": false
      }
    ],
    "isTemplate": false,
    "count": 0,
    "updated": 1508522628
  },
  {
    "id": "6b8f8cd8-048f-4e74-baed-b5cf2c851e8c",
    "data": [
      {
        "text": "pas envie de parler",
        "userDefined": false
      }
    ],
    "isTemplate": false,
    "count": 0,
    "updated": 1508522628
  },
  {
    "id": "dc06e6d1-d238-4ad5-b1da-d44e5039bb16",
    "data": [
      {
        "text": "j\u0027ai pas envie de parler",
        "userDefined": false
      }
    ],
    "isTemplate": false,
    "count": 0,
    "updated": 1508522628
  },
  {
    "id": "fbe94fb7-1ec8-419a-adb0-38b80c3acbe8",
    "data": [
      {
        "text": "je n\u0027ai pas envie de parler",
        "userDefined": false
      }
    ],
    "isTemplate": false,
    "count": 0,
    "updated": 1508522628
  },
  {
    "id": "55bf39f3-b0ab-47cc-ab15-092838a4768f",
    "data": [
      {
        "text": "je veux pas causer",
        "userDefined": false
      }
    ],
    "isTemplate": false,
    "count": 0,
    "updated": 1508522628
  },
  {
    "id": "93718106-a54e-4548-b933-836b118f6768",
    "data": [
      {
        "text": "je ne veux pas trop parler",
        "userDefined": false
      }
    ],
    "isTemplate": false,
    "count": 0,
    "updated": 1508522628
  },
  {
    "id": "a11e2f3a-e08f-4588-82bd-1f6281107fcd",
    "data": [
      {
        "text": "je n\u0027ai plus envie de te parler",
        "userDefined": false
      }
    ],
    "isTemplate": false,
    "count": 0,
    "updated": 1508522628
  },
  {
    "id": "05affca8-f46d-4aa4-a391-f1d34009408a",
    "data": [
      {
        "text": "je ne veux plus parler",
        "userDefined": false
      }
    ],
    "isTemplate": false,
    "count": 0,
    "updated": 1508522628
  },
  {
    "id": "0aed0dbe-bfa8-4dca-a078-84223c7f492f",
    "data": [
      {
        "text": "je ne veux pas causer",
        "userDefined": false
      }
    ],
    "isTemplate": false,
    "count": 0,
    "updated": 1508522628
  }
]