[
  {
    "id": "5c19cccb-8fe7-436c-b911-588983b8b4e1",
    "data": [
      {
        "text": "ahah",
        "userDefined": false
      }
    ],
    "isTemplate": false,
    "count": 0,
    "updated": 1508522629
  },
  {
    "id": "ecb00598-5bf8-4505-8de4-b87b209518b2",
    "data": [
      {
        "text": "mdr",
        "userDefined": false
      }
    ],
    "isTemplate": false,
    "count": 0,
    "updated": 1508522629
  },
  {
    "id": "35ffb685-0460-4cd8-bac3-7f69f81208f0",
    "data": [
      {
        "text": "ha ha",
        "meta": "@sys.ignore",
        "userDefined": false
      }
    ],
    "isTemplate": false,
    "count": 0,
    "updated": 1508522629
  },
  {
    "id": "635f6f5b-dd00-41e6-afe8-b1ebd80924a4",
    "data": [
      {
        "text": "mort de rire",
        "userDefined": false
      }
    ],
    "isTemplate": false,
    "count": 0,
    "updated": 1508522629
  },
  {
    "id": "f2a16e11-c8c7-4029-a33b-d7aa6a7fac88",
    "data": [
      {
        "text": "hihi",
        "userDefined": false
      }
    ],
    "isTemplate": false,
    "count": 0,
    "updated": 1508522629
  },
  {
    "id": "f81a498e-6344-4d40-8a4a-7d8a71cf0604",
    "data": [
      {
        "text": "ahaha",
        "userDefined": false
      }
    ],
    "isTemplate": false,
    "count": 0,
    "updated": 1508522629
  },
  {
    "id": "c2b80810-4317-445f-8b9e-4042d755ade6",
    "data": [
      {
        "text": "hahahah",
        "userDefined": false
      }
    ],
    "isTemplate": false,
    "count": 0,
    "updated": 1508522629
  },
  {
    "id": "0cafe394-dd1b-4202-ac81-857ec5239587",
    "data": [
      {
        "text": "haha",
        "userDefined": false
      }
    ],
    "isTemplate": false,
    "count": 0,
    "updated": 1508522629
  }
]