[
  {
    "id": "81f0d9e5-9381-49c0-b458-0de55f80d837",
    "data": [
      {
        "text": "je suis de retout maintenant",
        "userDefined": false
      }
    ],
    "isTemplate": false,
    "count": 0,
    "updated": 0
  },
  {
    "id": "26004ef2-1494-436e-b696-032a538c0bfd",
    "data": [
      {
        "text": "revenu",
        "userDefined": false
      }
    ],
    "isTemplate": false,
    "count": 0,
    "updated": 0
  },
  {
    "id": "2d549646-ad04-40f9-b57f-05e45ae03705",
    "data": [
      {
        "text": "revenue",
        "userDefined": false
      }
    ],
    "isTemplate": false,
    "count": 0,
    "updated": 0
  },
  {
    "id": "5789f372-1a0f-419b-8300-4e85b7356f5d",
    "data": [
      {
        "text": "je suis revenu",
        "userDefined": false
      }
    ],
    "isTemplate": false,
    "count": 1,
    "updated": 0
  },
  {
    "id": "bc9cd394-f9c2-4dc3-b920-b5e1e24c9910",
    "data": [
      {
        "text": "je suis revenue",
        "userDefined": false
      }
    ],
    "isTemplate": false,
    "count": 0,
    "updated": 0
  },
  {
    "id": "06e81cc0-77ac-41c7-854d-1386a387674b",
    "data": [
      {
        "text": "de retour",
        "userDefined": false
      }
    ],
    "isTemplate": false,
    "count": 0,
    "updated": 0
  },
  {
    "id": "10439cde-dd03-498f-ae2e-4c84e44cd55c",
    "data": [
      {
        "text": "je suis de retour",
        "userDefined": false
      }
    ],
    "isTemplate": false,
    "count": 0,
    "updated": 0
  }
]