[
  {
    "id": "ca48659d-2a1d-4d98-9608-ac3ad7deb38f",
    "data": [
      {
        "text": "non merci",
        "userDefined": false
      }
    ],
    "isTemplate": false,
    "count": 0,
    "updated": 1508522627
  },
  {
    "id": "e95f30bc-44c3-4a9f-a0c7-fb905e9b8181",
    "data": [
      {
        "text": "nan",
        "userDefined": false
      }
    ],
    "isTemplate": false,
    "count": 0,
    "updated": 1508522627
  },
  {
    "id": "a7f03941-d42d-4119-94fa-532cd7341cdf",
    "data": [
      {
        "text": "noon",
        "userDefined": false
      }
    ],
    "isTemplate": false,
    "count": 0,
    "updated": 1508522627
  },
  {
    "id": "975b16ae-17b7-466c-9aa7-d063a369bb94",
    "data": [
      {
        "text": "du tout",
        "userDefined": false
      }
    ],
    "isTemplate": false,
    "count": 0,
    "updated": 1508522627
  },
  {
    "id": "e3dece87-4e2a-4fae-922a-fe0f6196852f",
    "data": [
      {
        "text": "pas du tout",
        "userDefined": false
      }
    ],
    "isTemplate": false,
    "count": 0,
    "updated": 1508522627
  },
  {
    "id": "3b6f113b-127a-4789-b8c1-b9b0288c87fe",
    "data": [
      {
        "text": "ça me va pas",
        "userDefined": false
      }
    ],
    "isTemplate": false,
    "count": 0,
    "updated": 1508522627
  },
  {
    "id": "13856416-3361-4222-b5af-7e5d8574500b",
    "data": [
      {
        "text": "ça ne me va pas",
        "userDefined": false
      }
    ],
    "isTemplate": false,
    "count": 0,
    "updated": 1508522627
  },
  {
    "id": "f17a35b0-3388-44d8-b9ef-64ac7c7d85fb",
    "data": [
      {
        "text": "non",
        "userDefined": false
      }
    ],
    "isTemplate": false,
    "count": 0,
    "updated": 1508522627
  },
  {
    "id": "65f04d11-b9e7-4b24-a00c-620a2c81379a",
    "data": [
      {
        "text": "non pas du tout",
        "userDefined": false
      }
    ],
    "isTemplate": false,
    "count": 0,
    "updated": 1508522627
  }
]