[
  {
    "id": "800eccaf-d56d-4207-8f64-7d726020aa6d",
    "data": [
      {
        "text": "salut",
        "userDefined": false
      }
    ],
    "isTemplate": false,
    "count": 0,
    "updated": 0
  },
  {
    "id": "8d9afcf9-6246-4716-8e93-9a16adb7f320",
    "data": [
      {
        "text": "Bonjour",
        "userDefined": false
      }
    ],
    "isTemplate": false,
    "count": 0,
    "updated": 0
  },
  {
    "id": "326a3267-39dd-435c-8d61-cfe9fe2407ad",
    "data": [
      {
        "text": "salutations",
        "userDefined": false
      }
    ],
    "isTemplate": false,
    "count": 0,
    "updated": 0
  },
  {
    "id": "f0675c8d-e6c2-4701-9d3e-af1e80cc381d",
    "data": [
      {
        "text": "rebonjour",
        "userDefined": false
      }
    ],
    "isTemplate": false,
    "count": 0,
    "updated": 0
  },
  {
    "id": "7a8be47c-4a05-4972-b36f-1cf6eaf22d89",
    "data": [
      {
        "text": "bonjour à toi",
        "userDefined": false
      }
    ],
    "isTemplate": false,
    "count": 0,
    "updated": 0
  },
  {
    "id": "b3e5a6d0-e595-4ef3-896d-c9b270e5928c",
    "data": [
      {
        "text": "re bonjour",
        "userDefined": false
      }
    ],
    "isTemplate": false,
    "count": 0,
    "updated": 0
  },
  {
    "id": "ff6c5467-11b3-4276-a10e-b8576d1ba395",
    "data": [
      {
        "text": "allo",
        "userDefined": false
      }
    ],
    "isTemplate": false,
    "count": 0,
    "updated": 0
  },
  {
    "id": "170aff40-a6a6-4470-a2c4-7dae333baa2f",
    "data": [
      {
        "text": "coucou",
        "userDefined": false
      }
    ],
    "isTemplate": false,
    "count": 0,
    "updated": 0
  },
  {
    "id": "628a002f-b66c-4821-9244-96d799f91f07",
    "data": [
      {
        "text": "hey",
        "userDefined": false
      }
    ],
    "isTemplate": false,
    "count": 0,
    "updated": 0
  },
  {
    "id": "6f0beddd-6e5d-4b08-be57-f50e8f4b880c",
    "data": [
      {
        "text": "hé",
        "userDefined": false
      }
    ],
    "isTemplate": false,
    "count": 0,
    "updated": 0
  },
  {
    "id": "226e2b10-9522-4cd8-9b58-98e19a7ab3ed",
    "data": [
      {
        "text": "resalut",
        "userDefined": false
      }
    ],
    "isTemplate": false,
    "count": 0,
    "updated": 0
  },
  {
    "id": "d617ab59-2ebd-4a77-ae9e-204459c8e94b",
    "data": [
      {
        "text": "salut",
        "userDefined": false
      }
    ],
    "isTemplate": false,
    "count": 1,
    "updated": 0
  },
  {
    "id": "9345d166-d7fe-42c3-be3a-7ff9515b27b5",
    "data": [
      {
        "text": "re salut",
        "userDefined": false
      }
    ],
    "isTemplate": false,
    "count": 1,
    "updated": 0
  },
  {
    "id": "f4596733-e533-43fd-90c0-8e43e0bbb538",
    "data": [
      {
        "text": "salut à tous",
        "userDefined": false
      }
    ],
    "isTemplate": false,
    "count": 0,
    "updated": 0
  },
  {
    "id": "6ea10f8c-0a36-4106-8063-1a74eefe7145",
    "data": [
      {
        "text": "bonjour",
        "userDefined": false
      }
    ],
    "isTemplate": false,
    "count": 0,
    "updated": 0
  }
]