[
  {
    "id": "5510639d-bd81-4139-8738-66dd72a00d7a",
    "data": [
      {
        "text": "salut",
        "meta": "@sys.ignore",
        "userDefined": true
      },
      {
        "text": " quoi ",
        "userDefined": false
      },
      {
        "text": "de",
        "meta": "@sys.ignore",
        "userDefined": true
      },
      {
        "text": " ",
        "userDefined": false
      },
      {
        "text": "neuf",
        "meta": "@sys.ignore",
        "userDefined": true
      },
      {
        "text": " ",
        "userDefined": false
      },
      {
        "text": "toi",
        "meta": "@sys.ignore",
        "userDefined": true
      }
    ],
    "isTemplate": false,
    "count": 0,
    "updated": 1508522629
  },
  {
    "id": "f930d7da-9bd1-463a-937a-fcdcdc99d391",
    "data": [
      {
        "text": "qu\u0027est-ce qu\u0027il y a de ",
        "userDefined": false
      },
      {
        "text": "beau",
        "meta": "@sys.ignore",
        "userDefined": false
      }
    ],
    "isTemplate": false,
    "count": 0,
    "updated": 1508522629
  },
  {
    "id": "22b29b72-363c-4f60-83e0-63228714ad2e",
    "data": [
      {
        "text": "quoi de neuf toi",
        "userDefined": false
      }
    ],
    "isTemplate": false,
    "count": 1,
    "updated": 1508522629
  },
  {
    "id": "7f5eb3c3-b43d-44c2-98d0-1ad44887c59b",
    "data": [
      {
        "text": "qu\u0027est-ce qu\u0027il y a de ",
        "userDefined": false
      },
      {
        "text": "neuf",
        "meta": "@sys.ignore",
        "userDefined": false
      }
    ],
    "isTemplate": false,
    "count": 0,
    "updated": 1508522629
  },
  {
    "id": "b4fbe38e-9320-4df3-9d49-3ffd90afa063",
    "data": [
      {
        "text": "qu\u0027est-ce qu\u0027il y a de nouveau",
        "userDefined": false
      }
    ],
    "isTemplate": false,
    "count": 0,
    "updated": 1508522629
  },
  {
    "id": "78274b05-02a2-4da7-9bf8-84141c806456",
    "data": [
      {
        "text": "quoi de ",
        "userDefined": false
      },
      {
        "text": "neuf",
        "meta": "@sys.ignore",
        "userDefined": false
      }
    ],
    "isTemplate": false,
    "count": 0,
    "updated": 1508522629
  },
  {
    "id": "dfaff6f5-d623-4c4b-8735-97b6a1665c8c",
    "data": [
      {
        "text": "quoi de nouveau",
        "userDefined": false
      }
    ],
    "isTemplate": false,
    "count": 0,
    "updated": 1508522629
  },
  {
    "id": "e1ee274d-e2a1-4a9a-bba5-7cd875b08c2e",
    "data": [
      {
        "text": "quoi de ",
        "userDefined": false
      },
      {
        "text": "beau",
        "meta": "@sys.ignore",
        "userDefined": false
      }
    ],
    "isTemplate": false,
    "count": 0,
    "updated": 1508522629
  }
]