[
  {
    "id": "d7034d74-7aa8-47fb-a0b3-4ae7a5e2df00",
    "data": [
      {
        "text": "la bienvenue",
        "userDefined": false
      }
    ],
    "isTemplate": false,
    "count": 0,
    "updated": 1508522626
  },
  {
    "id": "c85ceede-e20d-491a-b172-c3cf172b5773",
    "data": [
      {
        "text": "soyez le bienvenu",
        "userDefined": false
      }
    ],
    "isTemplate": false,
    "count": 0,
    "updated": 1508522626
  },
  {
    "id": "4c20af0f-2345-4a70-81d0-ac5ba0a7a1ab",
    "data": [
      {
        "text": "sois la bienvenue",
        "userDefined": false
      }
    ],
    "isTemplate": false,
    "count": 1,
    "updated": 1508522626
  },
  {
    "id": "40938e33-7824-4758-93d8-d14b9e35a638",
    "data": [
      {
        "text": "soyez la bienvenue",
        "userDefined": false
      }
    ],
    "isTemplate": false,
    "count": 0,
    "updated": 1508522626
  },
  {
    "id": "0e152cf7-d5ac-4d10-9bbb-f6937b3d15a4",
    "data": [
      {
        "text": "de rien",
        "userDefined": false
      }
    ],
    "isTemplate": false,
    "count": 0,
    "updated": 1508522626
  },
  {
    "id": "6a676552-81e1-4be9-86b9-8a3c02f16fd6",
    "data": [
      {
        "text": "bienvenue",
        "userDefined": false
      }
    ],
    "isTemplate": false,
    "count": 0,
    "updated": 1508522626
  },
  {
    "id": "43e6d6ee-32ec-4b28-ba4d-845ddbd03eaa",
    "data": [
      {
        "text": "sois le bienvenu",
        "userDefined": false
      }
    ],
    "isTemplate": false,
    "count": 0,
    "updated": 1508522626
  },
  {
    "id": "cc8650bd-7684-4b1f-8298-dae4dd22efa7",
    "data": [
      {
        "text": "soyez les bienvenus",
        "userDefined": false
      }
    ],
    "isTemplate": false,
    "count": 0,
    "updated": 1508522626
  },
  {
    "id": "d5e8760f-fb5a-4b84-b025-f68ba0b0a107",
    "data": [
      {
        "text": "bienvenu",
        "userDefined": false
      }
    ],
    "isTemplate": false,
    "count": 0,
    "updated": 1508522626
  },
  {
    "id": "a1b70d90-bd93-4a8c-ad14-492f3deaa8ac",
    "data": [
      {
        "text": "soyez les bienvenues",
        "userDefined": false
      }
    ],
    "isTemplate": false,
    "count": 0,
    "updated": 1508522626
  }
]