[
  {
    "id": "eae66c12-7082-4d4a-a27a-b858b2622a45",
    "data": [
      {
        "text": "qu\u0027est-ce qu\u0027il y a de nouveau",
        "userDefined": false
      }
    ],
    "isTemplate": false,
    "count": 0,
    "updated": 0
  },
  {
    "id": "e23e3800-fe5b-4a58-a614-fade9fbea634",
    "data": [
      {
        "text": "qu\u0027est-ce qu\u0027il y a de ",
        "userDefined": false
      },
      {
        "text": "beau",
        "meta": "@sys.ignore",
        "userDefined": false
      }
    ],
    "isTemplate": false,
    "count": 0,
    "updated": 0
  },
  {
    "id": "41b1ec00-b887-4bc9-90aa-b9160ad79dc7",
    "data": [
      {
        "text": "quoi de nouveau",
        "userDefined": false
      }
    ],
    "isTemplate": false,
    "count": 0,
    "updated": 0
  },
  {
    "id": "c18cc8a8-9ab5-4908-ac41-557bbdba5c73",
    "data": [
      {
        "text": "quoi de ",
        "userDefined": false
      },
      {
        "text": "beau",
        "meta": "@sys.ignore",
        "userDefined": false
      }
    ],
    "isTemplate": false,
    "count": 0,
    "updated": 0
  },
  {
    "id": "a2cfdc21-4adc-4598-8732-101362017eb9",
    "data": [
      {
        "text": "quoi de neuf toi",
        "userDefined": false
      }
    ],
    "isTemplate": false,
    "count": 1,
    "updated": 0
  },
  {
    "id": "a1cd17e6-bf0d-4fa6-99a4-6356796041ba",
    "data": [
      {
        "text": "qu\u0027est-ce qu\u0027il y a de ",
        "userDefined": false
      },
      {
        "text": "neuf",
        "meta": "@sys.ignore",
        "userDefined": false
      }
    ],
    "isTemplate": false,
    "count": 0,
    "updated": 0
  },
  {
    "id": "32569b11-b2af-4916-b3d7-242251cf414f",
    "data": [
      {
        "text": "salut",
        "meta": "@sys.ignore",
        "userDefined": true
      },
      {
        "text": " quoi ",
        "userDefined": false
      },
      {
        "text": "de",
        "meta": "@sys.ignore",
        "userDefined": true
      },
      {
        "text": " ",
        "userDefined": false
      },
      {
        "text": "neuf",
        "meta": "@sys.ignore",
        "userDefined": true
      },
      {
        "text": " ",
        "userDefined": false
      },
      {
        "text": "toi",
        "meta": "@sys.ignore",
        "userDefined": true
      }
    ],
    "isTemplate": false,
    "count": 0,
    "updated": 0
  },
  {
    "id": "e3d71bd3-b844-489e-9498-9b831ddedb6f",
    "data": [
      {
        "text": "quoi de ",
        "userDefined": false
      },
      {
        "text": "neuf",
        "meta": "@sys.ignore",
        "userDefined": false
      }
    ],
    "isTemplate": false,
    "count": 0,
    "updated": 0
  }
]