[
  {
    "id": "1ecabdd4-b96f-4fb4-9159-12cab07d8b15",
    "data": [
      {
        "text": "j\u0027apprécie cela",
        "userDefined": false
      }
    ],
    "isTemplate": false,
    "count": 0,
    "updated": 1508522626
  },
  {
    "id": "a9f85a9a-2e6f-41c2-8ee9-a8e3127203af",
    "data": [
      {
        "text": "je suis reconnaissante",
        "userDefined": false
      }
    ],
    "isTemplate": false,
    "count": 0,
    "updated": 1508522626
  },
  {
    "id": "4e46e906-8cff-4778-b7cc-18fe12b74b51",
    "data": [
      {
        "text": "merci bcp toi",
        "userDefined": false
      }
    ],
    "isTemplate": false,
    "count": 0,
    "updated": 1508522626
  },
  {
    "id": "6fec3a01-ba4b-4ef0-904e-bc3e2ef770b0",
    "data": [
      {
        "text": "chus reconnaissante",
        "userDefined": false
      }
    ],
    "isTemplate": false,
    "count": 0,
    "updated": 1508522626
  },
  {
    "id": "c0f6a670-aeaa-41f7-bba7-354307b7a7f4",
    "data": [
      {
        "text": "merci bien à toi",
        "userDefined": false
      }
    ],
    "isTemplate": false,
    "count": 0,
    "updated": 1508522626
  },
  {
    "id": "807dde38-8dbe-4cc2-95d4-713095e36a71",
    "data": [
      {
        "text": "non merci",
        "userDefined": false
      }
    ],
    "isTemplate": false,
    "count": 0,
    "updated": 1508522626
  },
  {
    "id": "831c618c-e58e-4ead-8ccd-c7836c306432",
    "data": [
      {
        "text": "merci à toi aussi",
        "userDefined": false
      }
    ],
    "isTemplate": false,
    "count": 0,
    "updated": 1508522626
  },
  {
    "id": "7572ae3d-fc54-49d3-b1a7-0db45daa4ae1",
    "data": [
      {
        "text": "super merci",
        "userDefined": false
      }
    ],
    "isTemplate": false,
    "count": 0,
    "updated": 1508522626
  },
  {
    "id": "e15a1034-a19e-4215-bc9f-dcd41c9b7f92",
    "data": [
      {
        "text": "grand merci",
        "userDefined": false
      }
    ],
    "isTemplate": false,
    "count": 0,
    "updated": 1508522626
  },
  {
    "id": "c3e175f6-b40b-450a-a21c-e9dc2475314e",
    "data": [
      {
        "text": "je te remercie beaucoup",
        "userDefined": false
      }
    ],
    "isTemplate": false,
    "count": 0,
    "updated": 1508522626
  },
  {
    "id": "301651d2-aeb6-4c9a-be60-83784f8335e5",
    "data": [
      {
        "text": "merci toi aussi",
        "userDefined": false
      }
    ],
    "isTemplate": false,
    "count": 0,
    "updated": 1508522626
  },
  {
    "id": "511275cf-a7b2-488c-891b-81b5cb53ac47",
    "data": [
      {
        "text": "merci mon ami",
        "userDefined": false
      }
    ],
    "isTemplate": false,
    "count": 0,
    "updated": 1508522626
  },
  {
    "id": "7779e279-2b5f-40b4-b8a1-2009963db8ae",
    "data": [
      {
        "text": "eh bien merci",
        "userDefined": false
      }
    ],
    "isTemplate": false,
    "count": 0,
    "updated": 1508522626
  },
  {
    "id": "2ea6d74f-c6ef-44a5-a2cf-6a7bee3cec3a",
    "data": [
      {
        "text": "chus reconnaissant",
        "userDefined": false
      }
    ],
    "isTemplate": false,
    "count": 0,
    "updated": 1508522626
  },
  {
    "id": "58843742-836a-4c36-b283-b9802f17983c",
    "data": [
      {
        "text": "merci beaucoup",
        "userDefined": false
      }
    ],
    "isTemplate": false,
    "count": 0,
    "updated": 1508522626
  },
  {
    "id": "d3ccdef8-003b-4bb2-b6be-436d81b08a5e",
    "data": [
      {
        "text": "gratitude",
        "userDefined": false
      }
    ],
    "isTemplate": false,
    "count": 0,
    "updated": 1508522626
  },
  {
    "id": "65df3d71-deac-4423-b9d4-5adafb7443a1",
    "data": [
      {
        "text": "j\u0027apprécie ça",
        "userDefined": false
      }
    ],
    "isTemplate": false,
    "count": 0,
    "updated": 1508522626
  },
  {
    "id": "0e6b8a8b-48d6-4183-b11d-4c36fdda908f",
    "data": [
      {
        "text": "remerciement",
        "userDefined": false
      }
    ],
    "isTemplate": false,
    "count": 0,
    "updated": 1508522626
  },
  {
    "id": "302c0b5c-cee1-4f61-b729-adff330b7b4d",
    "data": [
      {
        "text": "oui merci",
        "userDefined": false
      }
    ],
    "isTemplate": false,
    "count": 0,
    "updated": 1508522626
  },
  {
    "id": "39c004c1-0629-430f-ae0d-d7fca3d04fcf",
    "data": [
      {
        "text": "je suis reconnaissant",
        "userDefined": false
      }
    ],
    "isTemplate": false,
    "count": 2,
    "updated": 1508522626
  },
  {
    "id": "31dbf8d4-4843-45e0-bc83-92f4c73484e4",
    "data": [
      {
        "text": "merci",
        "userDefined": false
      }
    ],
    "isTemplate": false,
    "count": 0,
    "updated": 1508522626
  },
  {
    "id": "6f042ef8-9154-43ee-a9b2-0aef9f97fc4a",
    "data": [
      {
        "text": "je l\u0027apprécie",
        "userDefined": false
      }
    ],
    "isTemplate": false,
    "count": 0,
    "updated": 1508522626
  },
  {
    "id": "9bc0cfb1-d3e3-4029-8671-efb4e5d31687",
    "data": [
      {
        "text": "je te remercie",
        "userDefined": false
      }
    ],
    "isTemplate": false,
    "count": 1,
    "updated": 1508522626
  },
  {
    "id": "f5a366aa-719b-43f4-a839-38ca803800a9",
    "data": [
      {
        "text": "chu",
        "meta": "@sys.ignore",
        "userDefined": true
      },
      {
        "text": " reconnaissant",
        "userDefined": false
      }
    ],
    "isTemplate": false,
    "count": 0,
    "updated": 1508522626
  },
  {
    "id": "2b12527f-796c-455e-a6f1-b8f1f7e2abd1",
    "data": [
      {
        "text": "merci bien",
        "userDefined": false
      }
    ],
    "isTemplate": false,
    "count": 0,
    "updated": 1508522626
  },
  {
    "id": "d4839451-88d9-4802-a42e-73fa23967493",
    "data": [
      {
        "text": "merci à toi",
        "userDefined": false
      }
    ],
    "isTemplate": false,
    "count": 0,
    "updated": 1508522626
  }
]