[
  {
    "id": "55106dd1-8a98-4249-b580-280926278c72",
    "data": [
      {
        "text": "mouais",
        "userDefined": false
      }
    ],
    "isTemplate": false,
    "count": 0,
    "updated": 1508522626
  },
  {
    "id": "5404cd15-21f6-464d-95d0-a40887e9b18e",
    "data": [
      {
        "text": "d\u0027accord",
        "userDefined": false
      }
    ],
    "isTemplate": false,
    "count": 0,
    "updated": 1508522626
  },
  {
    "id": "0b6167cd-1b0d-4701-b4d8-e4710897f994",
    "data": [
      {
        "text": "ça me va",
        "userDefined": false
      }
    ],
    "isTemplate": false,
    "count": 0,
    "updated": 1508522626
  },
  {
    "id": "05c3655d-2426-4fdc-8778-8bed67021f43",
    "data": [
      {
        "text": "pourquoi pas",
        "userDefined": false
      }
    ],
    "isTemplate": false,
    "count": 0,
    "updated": 1508522626
  },
  {
    "id": "541dc729-a829-41b3-b5a1-be92b283b033",
    "data": [
      {
        "text": "cela me va",
        "userDefined": false
      }
    ],
    "isTemplate": false,
    "count": 0,
    "updated": 1508522626
  },
  {
    "id": "ef56a64a-f5d2-432d-a17c-9c3587511455",
    "data": [
      {
        "text": "okay",
        "userDefined": false
      }
    ],
    "isTemplate": false,
    "count": 0,
    "updated": 1508522626
  },
  {
    "id": "452895ae-81b6-4cde-8a43-a079bbe059a2",
    "data": [
      {
        "text": "moui",
        "userDefined": false
      }
    ],
    "isTemplate": false,
    "count": 0,
    "updated": 1508522626
  },
  {
    "id": "9f4269e8-45ac-4810-a6a0-6a3961c78a57",
    "data": [
      {
        "text": "oki dok",
        "userDefined": false
      }
    ],
    "isTemplate": false,
    "count": 0,
    "updated": 1508522626
  },
  {
    "id": "90c5ea9e-7901-4238-bc1c-6961d33fb522",
    "data": [
      {
        "text": "oui",
        "userDefined": false
      }
    ],
    "isTemplate": false,
    "count": 0,
    "updated": 1508522626
  },
  {
    "id": "e04d40b6-efd1-438d-9074-102d0cbc7f13",
    "data": [
      {
        "text": "wé",
        "userDefined": false
      }
    ],
    "isTemplate": false,
    "count": 0,
    "updated": 1508522626
  },
  {
    "id": "6ea796a7-99fc-4696-ac93-a3689a6d2a3d",
    "data": [
      {
        "text": "oké",
        "userDefined": false
      }
    ],
    "isTemplate": false,
    "count": 0,
    "updated": 1508522626
  },
  {
    "id": "de969c80-8487-44f4-b81a-3a264a773fc1",
    "data": [
      {
        "text": "okidok",
        "userDefined": false
      }
    ],
    "isTemplate": false,
    "count": 0,
    "updated": 1508522626
  },
  {
    "id": "eb4b4c0c-997b-4b1e-8d2d-fc550db58f75",
    "data": [
      {
        "text": "voui",
        "userDefined": false
      }
    ],
    "isTemplate": false,
    "count": 0,
    "updated": 1508522626
  },
  {
    "id": "7251d906-1ca4-4878-9317-8f519cb3c11f",
    "data": [
      {
        "text": "o k",
        "userDefined": false
      }
    ],
    "isTemplate": false,
    "count": 0,
    "updated": 1508522626
  },
  {
    "id": "8541bc3b-904a-4cd4-88e1-b265b5f555c3",
    "data": [
      {
        "text": "ouii",
        "userDefined": false
      }
    ],
    "isTemplate": false,
    "count": 0,
    "updated": 1508522626
  },
  {
    "id": "5c130bbb-8e7a-41e7-b7fe-b8290b702c1f",
    "data": [
      {
        "text": "ouaiii",
        "userDefined": false
      }
    ],
    "isTemplate": false,
    "count": 0,
    "updated": 1508522626
  },
  {
    "id": "9d1c0d29-f0b4-44a3-b77c-1b2a249934ba",
    "data": [
      {
        "text": "ouai",
        "userDefined": false
      }
    ],
    "isTemplate": false,
    "count": 0,
    "updated": 1508522626
  },
  {
    "id": "79ff209b-6b99-4fcb-a43c-22c468a22b10",
    "data": [
      {
        "text": "ouaip",
        "userDefined": false
      }
    ],
    "isTemplate": false,
    "count": 0,
    "updated": 1508522626
  },
  {
    "id": "29f33825-b62d-42cf-9b3a-23e276bc2f0f",
    "data": [
      {
        "text": "je veux bien",
        "userDefined": false
      }
    ],
    "isTemplate": false,
    "count": 0,
    "updated": 1508522626
  },
  {
    "id": "9d1a0880-9582-4b1e-acfb-21ca538e58d9",
    "data": [
      {
        "text": "ok",
        "userDefined": false
      }
    ],
    "isTemplate": false,
    "count": 0,
    "updated": 1508522626
  },
  {
    "id": "d58cdc2f-c593-4777-86f4-af5286812ed0",
    "data": [
      {
        "text": "oki doki",
        "userDefined": false
      }
    ],
    "isTemplate": false,
    "count": 0,
    "updated": 1508522626
  },
  {
    "id": "8ae85f98-f872-4b3b-871a-7f20dfe9bf7d",
    "data": [
      {
        "text": "ouais",
        "userDefined": false
      }
    ],
    "isTemplate": false,
    "count": 0,
    "updated": 1508522626
  },
  {
    "id": "8147c950-6212-4f47-ad34-63d9608a7b25",
    "data": [
      {
        "text": "oué",
        "userDefined": false
      }
    ],
    "isTemplate": false,
    "count": 0,
    "updated": 1508522626
  },
  {
    "id": "73a0fc97-c3c4-42c4-a664-3a77c126a87e",
    "data": [
      {
        "text": "d\u0027acc",
        "userDefined": false
      }
    ],
    "isTemplate": false,
    "count": 0,
    "updated": 1508522626
  }
]