[
  {
    "id": "8189bcaa-d06a-439b-993c-88c18aa8d5b2",
    "data": [
      {
        "text": "je suis très occupée",
        "userDefined": false
      }
    ],
    "isTemplate": false,
    "count": 0,
    "updated": 1508522628
  },
  {
    "id": "e1726089-0725-45bf-bdb3-a39e69d72d8f",
    "data": [
      {
        "text": "je suis trop occupé pour ça",
        "userDefined": false
      }
    ],
    "isTemplate": false,
    "count": 0,
    "updated": 1508522628
  },
  {
    "id": "92fd9d5e-9f1b-4b23-b6f2-3cfa97c5fab3",
    "data": [
      {
        "text": "je n\u0027ai pas le temps",
        "userDefined": false
      }
    ],
    "isTemplate": false,
    "count": 0,
    "updated": 1508522628
  },
  {
    "id": "8988b668-11df-4eda-919d-ea9160d8cbd0",
    "data": [
      {
        "text": "je suis occupé",
        "userDefined": false
      }
    ],
    "isTemplate": false,
    "count": 0,
    "updated": 1508522628
  },
  {
    "id": "7700b561-4322-4772-a36f-439a3be4a52b",
    "data": [
      {
        "text": "j\u0027ai beaucoup de choses à faire",
        "userDefined": false
      }
    ],
    "isTemplate": false,
    "count": 0,
    "updated": 1508522628
  },
  {
    "id": "096b1d03-0321-4bca-93ee-7a82b7d00351",
    "data": [
      {
        "text": "je n\u0027ai pas le temps de faire ça en ce moment",
        "userDefined": false
      }
    ],
    "isTemplate": false,
    "count": 0,
    "updated": 1508522628
  },
  {
    "id": "5727814e-504e-4a60-8856-b310402b63cb",
    "data": [
      {
        "text": "pas de temps",
        "userDefined": false
      }
    ],
    "isTemplate": false,
    "count": 0,
    "updated": 1508522628
  },
  {
    "id": "30441793-9956-42ba-84d7-43803585c456",
    "data": [
      {
        "text": "j\u0027ai trop à faire maintenant",
        "userDefined": false
      }
    ],
    "isTemplate": false,
    "count": 0,
    "updated": 1508522628
  },
  {
    "id": "7c955a80-dc34-4d7e-b5e4-7bdda6b2f3a6",
    "data": [
      {
        "text": "j\u0027ai trop à faire",
        "userDefined": false
      }
    ],
    "isTemplate": false,
    "count": 0,
    "updated": 1508522628
  },
  {
    "id": "b419f657-cd97-43af-9dea-395169f7201b",
    "data": [
      {
        "text": "je suis occupée",
        "userDefined": false
      }
    ],
    "isTemplate": false,
    "count": 0,
    "updated": 1508522628
  },
  {
    "id": "83b5e4d6-003d-41d7-9ba3-013595fb583c",
    "data": [
      {
        "text": "je suis occupé en ce moment",
        "userDefined": false
      }
    ],
    "isTemplate": false,
    "count": 0,
    "updated": 1508522628
  }
]