[
  {
    "id": "e2ee077d-af7d-42e3-bb29-dc2665f43f01",
    "data": [
      {
        "text": "je n\u0027ai personne",
        "userDefined": false
      }
    ],
    "isTemplate": false,
    "count": 0,
    "updated": 1508522626
  },
  {
    "id": "3fb8411c-2d61-4965-9fa9-899cd9c35238",
    "data": [
      {
        "text": "je suis tout seul",
        "userDefined": false
      }
    ],
    "isTemplate": false,
    "count": 0,
    "updated": 1508522626
  },
  {
    "id": "fbe1d4cf-4e2e-4f11-9a7d-114f82a6c25a",
    "data": [
      {
        "text": "je suis si seul",
        "userDefined": false
      }
    ],
    "isTemplate": false,
    "count": 0,
    "updated": 1508522626
  },
  {
    "id": "1204ad3c-91d7-4475-9702-898975130316",
    "data": [
      {
        "text": "je",
        "meta": "@sys.ignore",
        "userDefined": true
      },
      {
        "text": " ",
        "userDefined": false
      },
      {
        "text": "me",
        "meta": "@sys.ignore",
        "userDefined": true
      },
      {
        "text": " ",
        "userDefined": false
      },
      {
        "text": "sens",
        "meta": "@sys.ignore",
        "userDefined": true
      },
      {
        "text": " trop ",
        "userDefined": false
      },
      {
        "text": "seule",
        "meta": "@sys.ignore",
        "userDefined": true
      }
    ],
    "isTemplate": false,
    "count": 0,
    "updated": 1508522626
  },
  {
    "id": "7683f010-09cd-4ced-a387-9fac5219b504",
    "data": [
      {
        "text": "je suis seule",
        "userDefined": false
      }
    ],
    "isTemplate": false,
    "count": 0,
    "updated": 1508522626
  },
  {
    "id": "1026da48-393f-442b-9e1c-50844b8286b3",
    "data": [
      {
        "text": "je",
        "meta": "@sys.ignore",
        "userDefined": true
      },
      {
        "text": " ",
        "userDefined": false
      },
      {
        "text": "me",
        "meta": "@sys.ignore",
        "userDefined": true
      },
      {
        "text": " ",
        "userDefined": false
      },
      {
        "text": "sens",
        "meta": "@sys.ignore",
        "userDefined": true
      },
      {
        "text": " tellement ",
        "userDefined": false
      },
      {
        "text": "seule",
        "meta": "@sys.ignore",
        "userDefined": true
      }
    ],
    "isTemplate": false,
    "count": 0,
    "updated": 1508522626
  },
  {
    "id": "771dc962-7458-4b38-9ce3-bb8b7be115ed",
    "data": [
      {
        "text": "je",
        "meta": "@sys.ignore",
        "userDefined": true
      },
      {
        "text": " suis tellement ",
        "userDefined": false
      },
      {
        "text": "seule",
        "meta": "@sys.ignore",
        "userDefined": true
      }
    ],
    "isTemplate": false,
    "count": 0,
    "updated": 1508522626
  },
  {
    "id": "53ccc786-43f9-42ef-ac18-01dcdeb6d373",
    "data": [
      {
        "text": "je",
        "meta": "@sys.ignore",
        "userDefined": true
      },
      {
        "text": " suis tellement ",
        "userDefined": false
      },
      {
        "text": "seul",
        "meta": "@sys.ignore",
        "userDefined": true
      }
    ],
    "isTemplate": false,
    "count": 0,
    "updated": 1508522626
  },
  {
    "id": "0cd6ab06-87a5-4d62-a196-64309e0317a1",
    "data": [
      {
        "text": "je suis seul",
        "userDefined": false
      }
    ],
    "isTemplate": false,
    "count": 0,
    "updated": 1508522626
  },
  {
    "id": "b58ac3a0-458e-4265-bb28-b1fad55467e8",
    "data": [
      {
        "text": "je me sens seul",
        "userDefined": false
      }
    ],
    "isTemplate": false,
    "count": 0,
    "updated": 1508522626
  },
  {
    "id": "4ca3c75e-2a1b-41d7-b439-4ad6bfcbd980",
    "data": [
      {
        "text": "je me sens seule",
        "userDefined": false
      }
    ],
    "isTemplate": false,
    "count": 0,
    "updated": 1508522626
  }
]