[
  {
    "id": "d7e3e5f2-eff7-477e-9a27-81190f5c577d",
    "data": [
      {
        "text": "grand merci",
        "userDefined": false
      }
    ],
    "isTemplate": false,
    "count": 0,
    "updated": 0
  },
  {
    "id": "1115dbc3-691a-495b-af85-9f0a96ed9456",
    "data": [
      {
        "text": "je te remercie",
        "userDefined": false
      }
    ],
    "isTemplate": false,
    "count": 1,
    "updated": 0
  },
  {
    "id": "4c40f711-7b5d-46a3-b7da-0d30cc99fe58",
    "data": [
      {
        "text": "merci",
        "userDefined": false
      }
    ],
    "isTemplate": false,
    "count": 0,
    "updated": 0
  },
  {
    "id": "e7a3e6f4-0ef5-4425-a327-496555e09a90",
    "data": [
      {
        "text": "gratitude",
        "userDefined": false
      }
    ],
    "isTemplate": false,
    "count": 0,
    "updated": 0
  },
  {
    "id": "fd02d985-d2d9-4d5c-84c8-0ce935a32416",
    "data": [
      {
        "text": "je suis reconnaissant",
        "userDefined": false
      }
    ],
    "isTemplate": false,
    "count": 2,
    "updated": 0
  },
  {
    "id": "c60e081b-aa06-4f7a-80de-aeccae5e15c0",
    "data": [
      {
        "text": "remerciement",
        "userDefined": false
      }
    ],
    "isTemplate": false,
    "count": 0,
    "updated": 0
  },
  {
    "id": "150ea532-223c-437e-9d30-f5f998456b7c",
    "data": [
      {
        "text": "j\u0027apprécie cela",
        "userDefined": false
      }
    ],
    "isTemplate": false,
    "count": 0,
    "updated": 0
  },
  {
    "id": "91894448-a663-4468-b621-ad37977ba58d",
    "data": [
      {
        "text": "merci bien",
        "userDefined": false
      }
    ],
    "isTemplate": false,
    "count": 0,
    "updated": 0
  },
  {
    "id": "7609f9a1-24ba-4820-8082-37efaa30e56f",
    "data": [
      {
        "text": "je l\u0027apprécie",
        "userDefined": false
      }
    ],
    "isTemplate": false,
    "count": 0,
    "updated": 0
  },
  {
    "id": "ef0b17c9-4629-4cc9-bfb9-940e0b6e7bf7",
    "data": [
      {
        "text": "merci beaucoup",
        "userDefined": false
      }
    ],
    "isTemplate": false,
    "count": 0,
    "updated": 0
  },
  {
    "id": "156e52a8-cf76-4ac9-8163-0e5e9d2406ad",
    "data": [
      {
        "text": "j\u0027apprécie ça",
        "userDefined": false
      }
    ],
    "isTemplate": false,
    "count": 0,
    "updated": 0
  },
  {
    "id": "71efc652-48e5-48cf-93d3-b00b7b8b9386",
    "data": [
      {
        "text": "je suis reconnaissante",
        "userDefined": false
      }
    ],
    "isTemplate": false,
    "count": 0,
    "updated": 0
  },
  {
    "id": "1439e807-3947-40f3-a1be-17a549a0ffe2",
    "data": [
      {
        "text": "oui merci",
        "userDefined": false
      }
    ],
    "isTemplate": false,
    "count": 0,
    "updated": 0
  },
  {
    "id": "5617bb52-1590-49fb-8ea6-9792b9783194",
    "data": [
      {
        "text": "non merci",
        "userDefined": false
      }
    ],
    "isTemplate": false,
    "count": 0,
    "updated": 0
  },
  {
    "id": "fbb0399a-8d2f-4cf8-9797-eb9e892c1097",
    "data": [
      {
        "text": "super merci",
        "userDefined": false
      }
    ],
    "isTemplate": false,
    "count": 0,
    "updated": 0
  },
  {
    "id": "99e2149f-ac6b-4c68-afb3-02f86952a6e6",
    "data": [
      {
        "text": "merci à toi",
        "userDefined": false
      }
    ],
    "isTemplate": false,
    "count": 0,
    "updated": 0
  },
  {
    "id": "9efa2921-84f8-41a6-b128-ab5653f315de",
    "data": [
      {
        "text": "je te remercie beaucoup",
        "userDefined": false
      }
    ],
    "isTemplate": false,
    "count": 0,
    "updated": 0
  },
  {
    "id": "d29e777a-3247-4a8b-a01b-cae4480a5692",
    "data": [
      {
        "text": "merci mon ami",
        "userDefined": false
      }
    ],
    "isTemplate": false,
    "count": 0,
    "updated": 0
  },
  {
    "id": "177f2bca-69aa-4f9c-af74-114088311558",
    "data": [
      {
        "text": "chus reconnaissant",
        "userDefined": false
      }
    ],
    "isTemplate": false,
    "count": 0,
    "updated": 0
  },
  {
    "id": "2ac8cfb4-2666-40ac-926a-df5f8f86bb22",
    "data": [
      {
        "text": "eh bien merci",
        "userDefined": false
      }
    ],
    "isTemplate": false,
    "count": 0,
    "updated": 0
  },
  {
    "id": "590d1c0d-dab5-4b86-8ed4-d77abbd960b9",
    "data": [
      {
        "text": "merci bien à toi",
        "userDefined": false
      }
    ],
    "isTemplate": false,
    "count": 0,
    "updated": 0
  },
  {
    "id": "d77ea915-67c7-415b-a05b-4ee850bdf078",
    "data": [
      {
        "text": "merci toi aussi",
        "userDefined": false
      }
    ],
    "isTemplate": false,
    "count": 0,
    "updated": 0
  },
  {
    "id": "96e3a794-9bd9-4989-94e6-63212c52db01",
    "data": [
      {
        "text": "chu",
        "meta": "@sys.ignore",
        "userDefined": true
      },
      {
        "text": " reconnaissant",
        "userDefined": false
      }
    ],
    "isTemplate": false,
    "count": 0,
    "updated": 0
  },
  {
    "id": "f35456b2-289e-4338-96b0-b2acf19898f9",
    "data": [
      {
        "text": "merci à toi aussi",
        "userDefined": false
      }
    ],
    "isTemplate": false,
    "count": 0,
    "updated": 0
  },
  {
    "id": "befba541-c62b-41d0-8dff-85e4008c236a",
    "data": [
      {
        "text": "merci bcp toi",
        "userDefined": false
      }
    ],
    "isTemplate": false,
    "count": 0,
    "updated": 0
  },
  {
    "id": "7ad3dfdc-d32c-4336-a9f8-3044f8399d83",
    "data": [
      {
        "text": "chus reconnaissante",
        "userDefined": false
      }
    ],
    "isTemplate": false,
    "count": 0,
    "updated": 0
  }
]