[
  {
    "id": "da0758ef-7dbb-41e8-943f-3998477821f2",
    "data": [
      {
        "text": "enchantée",
        "userDefined": false
      }
    ],
    "isTemplate": false,
    "count": 0,
    "updated": 1508522626
  },
  {
    "id": "55998046-8d0e-4ae8-98e4-804d6e16d32c",
    "data": [
      {
        "text": "c\u0027est un plaisir de te rencontrer",
        "userDefined": false
      }
    ],
    "isTemplate": false,
    "count": 0,
    "updated": 1508522626
  },
  {
    "id": "53c5e3f7-fb28-4aad-ae10-4d036366b1b0",
    "data": [
      {
        "text": "je suis contente de te rencontrer",
        "userDefined": false
      }
    ],
    "isTemplate": false,
    "count": 0,
    "updated": 1508522626
  },
  {
    "id": "7f967dd3-80b2-4753-92fd-e02c8e0bf081",
    "data": [
      {
        "text": "ça fait plaisir de te rencontrer",
        "userDefined": false
      }
    ],
    "isTemplate": false,
    "count": 0,
    "updated": 1508522626
  },
  {
    "id": "2587c4ba-718f-4bce-b440-69dd0204b026",
    "data": [
      {
        "text": "je suis content de te rencontrer",
        "userDefined": false
      }
    ],
    "isTemplate": false,
    "count": 0,
    "updated": 1508522626
  },
  {
    "id": "69b7c6fe-575e-49cd-ab3e-b6c1373c3868",
    "data": [
      {
        "text": "je suis heureux de te rencontrer",
        "userDefined": false
      }
    ],
    "isTemplate": false,
    "count": 0,
    "updated": 1508522626
  },
  {
    "id": "bbb3fbb1-d654-4d07-a435-d03f52b32d66",
    "data": [
      {
        "text": "c\u0027est super de te rencontrer",
        "userDefined": false
      }
    ],
    "isTemplate": false,
    "count": 1,
    "updated": 1508522626
  },
  {
    "id": "5d404592-a99a-4355-a685-9c26d0816eef",
    "data": [
      {
        "text": "je suis enchanté",
        "userDefined": false
      }
    ],
    "isTemplate": false,
    "count": 0,
    "updated": 1508522626
  },
  {
    "id": "a3262640-6cd1-4b64-a28f-4a79122d41ca",
    "data": [
      {
        "text": "ça me fait plaisir de te rencontrer",
        "userDefined": false
      }
    ],
    "isTemplate": false,
    "count": 0,
    "updated": 1508522626
  },
  {
    "id": "621ae84b-9a1b-4830-b9fc-cdd49bbc1add",
    "data": [
      {
        "text": "je suis heureuse de te rencontrer",
        "userDefined": false
      }
    ],
    "isTemplate": false,
    "count": 0,
    "updated": 1508522626
  },
  {
    "id": "d1a339f6-4985-4c04-a9de-4998b93a34c6",
    "data": [
      {
        "text": "je suis enchantée de te rencontrer",
        "userDefined": false
      }
    ],
    "isTemplate": false,
    "count": 0,
    "updated": 1508522626
  },
  {
    "id": "36d1b1b6-e378-4ab1-829e-65c33a606abd",
    "data": [
      {
        "text": "je suis enchantée",
        "userDefined": false
      }
    ],
    "isTemplate": false,
    "count": 0,
    "updated": 1508522626
  },
  {
    "id": "3dc52f69-ca3f-472f-968d-c0a1a1f533ef",
    "data": [
      {
        "text": "content de te rencontrer",
        "userDefined": false
      }
    ],
    "isTemplate": false,
    "count": 0,
    "updated": 1508522626
  },
  {
    "id": "d785b208-a0ab-47a9-8665-8918483bc8f8",
    "data": [
      {
        "text": "je suis enchanté de te rencontrer",
        "userDefined": false
      }
    ],
    "isTemplate": false,
    "count": 0,
    "updated": 1508522626
  },
  {
    "id": "fb97c074-41a0-415f-9637-6e5352ee9243",
    "data": [
      {
        "text": "je suis enchanté de rencontrer",
        "userDefined": false
      }
    ],
    "isTemplate": false,
    "count": 0,
    "updated": 1508522626
  },
  {
    "id": "3d1a2a0e-6d46-4368-9e1f-f240e3bef265",
    "data": [
      {
        "text": "enchanté",
        "userDefined": false
      }
    ],
    "isTemplate": false,
    "count": 0,
    "updated": 1508522626
  },
  {
    "id": "186d4661-95ac-4057-ac7e-9003505ee200",
    "data": [
      {
        "text": "c\u0027est bien de te rencontrer",
        "userDefined": false
      }
    ],
    "isTemplate": false,
    "count": 0,
    "updated": 1508522626
  },
  {
    "id": "ba39b6eb-a9ee-449c-a876-4a8c93e8e2ac",
    "data": [
      {
        "text": "enchanté de rencontrer",
        "userDefined": false
      }
    ],
    "isTemplate": false,
    "count": 0,
    "updated": 1508522626
  },
  {
    "id": "2f61438e-ecd2-4bfb-a036-ec1abf35456c",
    "data": [
      {
        "text": "enchanté de te rencontrer",
        "userDefined": false
      }
    ],
    "isTemplate": false,
    "count": 0,
    "updated": 1508522626
  },
  {
    "id": "5251e6db-52f8-4623-a7d0-4b23f2cbb8a6",
    "data": [
      {
        "text": "enchantée de te rencontrer",
        "userDefined": false
      }
    ],
    "isTemplate": false,
    "count": 0,
    "updated": 1508522626
  },
  {
    "id": "c74c96ea-e42c-4b23-aefd-1390967a0e03",
    "data": [
      {
        "text": "je suis enchantée de rencontrer",
        "userDefined": false
      }
    ],
    "isTemplate": false,
    "count": 0,
    "updated": 1508522626
  },
  {
    "id": "a0543538-cdd9-48d8-aa95-31833f333a0c",
    "data": [
      {
        "text": "bien de te recontrer",
        "userDefined": false
      }
    ],
    "isTemplate": false,
    "count": 0,
    "updated": 1508522626
  },
  {
    "id": "4a9d7b54-9233-42c4-946c-3ebc1a4f4214",
    "data": [
      {
        "text": "enchantée de rencontrer",
        "userDefined": false
      }
    ],
    "isTemplate": false,
    "count": 0,
    "updated": 1508522626
  }
]