[
  {
    "id": "ca7d1528-4fac-4bb1-92c6-eeb8e243d853",
    "data": [
      {
        "text": "ça fait plaisir de te rencontrer",
        "userDefined": false
      }
    ],
    "isTemplate": false,
    "count": 0,
    "updated": 0
  },
  {
    "id": "42b539b3-f88a-44f0-8f26-bb64c8f62ae9",
    "data": [
      {
        "text": "je suis enchanté de te rencontrer",
        "userDefined": false
      }
    ],
    "isTemplate": false,
    "count": 0,
    "updated": 0
  },
  {
    "id": "f979d225-839f-4cc7-9d3a-6b1446932783",
    "data": [
      {
        "text": "je suis enchanté",
        "userDefined": false
      }
    ],
    "isTemplate": false,
    "count": 0,
    "updated": 0
  },
  {
    "id": "eb4f48d7-5329-4300-9ab7-c4d62f3a04c8",
    "data": [
      {
        "text": "je suis contente de te rencontrer",
        "userDefined": false
      }
    ],
    "isTemplate": false,
    "count": 0,
    "updated": 0
  },
  {
    "id": "af6c724d-027a-409c-88ad-13dd425ac4d9",
    "data": [
      {
        "text": "je suis enchantée de rencontrer",
        "userDefined": false
      }
    ],
    "isTemplate": false,
    "count": 0,
    "updated": 0
  },
  {
    "id": "a7d50c07-eedb-41a4-a3c8-d1074a6fb891",
    "data": [
      {
        "text": "enchanté de te rencontrer",
        "userDefined": false
      }
    ],
    "isTemplate": false,
    "count": 0,
    "updated": 0
  },
  {
    "id": "63c7839e-15ea-4bee-bb1f-744fc198268d",
    "data": [
      {
        "text": "content de te rencontrer",
        "userDefined": false
      }
    ],
    "isTemplate": false,
    "count": 0,
    "updated": 0
  },
  {
    "id": "3c2ed453-0230-4dca-8bd5-fd25f9aaee01",
    "data": [
      {
        "text": "je suis heureuse de te rencontrer",
        "userDefined": false
      }
    ],
    "isTemplate": false,
    "count": 0,
    "updated": 0
  },
  {
    "id": "f2fc3cd2-ef60-4ee6-a6f6-07ca5350bc39",
    "data": [
      {
        "text": "c\u0027est super de te rencontrer",
        "userDefined": false
      }
    ],
    "isTemplate": false,
    "count": 1,
    "updated": 0
  },
  {
    "id": "c35593d3-335c-4e8e-a02f-94c1ed01c353",
    "data": [
      {
        "text": "ça me fait plaisir de te rencontrer",
        "userDefined": false
      }
    ],
    "isTemplate": false,
    "count": 0,
    "updated": 0
  },
  {
    "id": "77b3ed78-be2c-4dc2-8b79-b0c621a63a26",
    "data": [
      {
        "text": "je suis enchantée de te rencontrer",
        "userDefined": false
      }
    ],
    "isTemplate": false,
    "count": 0,
    "updated": 0
  },
  {
    "id": "2a262ea6-b4d9-4740-a3ee-a69a9c5e49f6",
    "data": [
      {
        "text": "enchanté",
        "userDefined": false
      }
    ],
    "isTemplate": false,
    "count": 0,
    "updated": 0
  },
  {
    "id": "65fbd66b-c69b-4bb5-a4ca-cf44ad58e077",
    "data": [
      {
        "text": "je suis heureux de te rencontrer",
        "userDefined": false
      }
    ],
    "isTemplate": false,
    "count": 0,
    "updated": 0
  },
  {
    "id": "e906640d-eee9-4391-b7d1-ea80030af63b",
    "data": [
      {
        "text": "c\u0027est un plaisir de te rencontrer",
        "userDefined": false
      }
    ],
    "isTemplate": false,
    "count": 0,
    "updated": 0
  },
  {
    "id": "176ba3bb-264b-472f-b0c2-5fe1b19d4569",
    "data": [
      {
        "text": "enchantée",
        "userDefined": false
      }
    ],
    "isTemplate": false,
    "count": 0,
    "updated": 0
  },
  {
    "id": "bb185520-6dbe-42e7-9015-35a00c34fe22",
    "data": [
      {
        "text": "je suis content de te rencontrer",
        "userDefined": false
      }
    ],
    "isTemplate": false,
    "count": 0,
    "updated": 0
  },
  {
    "id": "6c9e4e00-0148-42f8-b520-89747455254c",
    "data": [
      {
        "text": "c\u0027est bien de te rencontrer",
        "userDefined": false
      }
    ],
    "isTemplate": false,
    "count": 0,
    "updated": 0
  },
  {
    "id": "3509a2cf-8faa-404b-9920-014a20f9a999",
    "data": [
      {
        "text": "je suis enchantée",
        "userDefined": false
      }
    ],
    "isTemplate": false,
    "count": 0,
    "updated": 0
  },
  {
    "id": "1bd21e87-b450-493d-a795-da439d0c86e5",
    "data": [
      {
        "text": "je suis enchanté de rencontrer",
        "userDefined": false
      }
    ],
    "isTemplate": false,
    "count": 0,
    "updated": 0
  },
  {
    "id": "da97e19d-eb5a-4821-94b7-4e30f36fce41",
    "data": [
      {
        "text": "bien de te recontrer",
        "userDefined": false
      }
    ],
    "isTemplate": false,
    "count": 0,
    "updated": 0
  },
  {
    "id": "847d54c3-3192-475f-89c9-914a376e955e",
    "data": [
      {
        "text": "enchantée de rencontrer",
        "userDefined": false
      }
    ],
    "isTemplate": false,
    "count": 0,
    "updated": 0
  },
  {
    "id": "0d9bcae8-e1dc-4d27-ae5d-8d93819719c6",
    "data": [
      {
        "text": "enchantée de te rencontrer",
        "userDefined": false
      }
    ],
    "isTemplate": false,
    "count": 0,
    "updated": 0
  },
  {
    "id": "7ef19070-3bbb-4875-b7c7-ee50978f6211",
    "data": [
      {
        "text": "enchanté de rencontrer",
        "userDefined": false
      }
    ],
    "isTemplate": false,
    "count": 0,
    "updated": 0
  }
]