[
  {
    "id": "79be7724-a11d-40f3-91f9-e3d24eb6bf4c",
    "data": [
      {
        "text": "je suis tellement fatigué",
        "userDefined": false
      }
    ],
    "isTemplate": false,
    "count": 0,
    "updated": 1508522627
  },
  {
    "id": "439cae54-8c97-423b-a2e3-3ff3cf49aaec",
    "data": [
      {
        "text": "je suis fatiguée",
        "userDefined": false
      }
    ],
    "isTemplate": false,
    "count": 0,
    "updated": 1508522627
  },
  {
    "id": "6592a724-88c0-43ef-862c-c08d70925ce1",
    "data": [
      {
        "text": "je suis crevé",
        "userDefined": false
      }
    ],
    "isTemplate": false,
    "count": 0,
    "updated": 1508522627
  },
  {
    "id": "31c4025c-85da-454d-8200-54f0e0eea96a",
    "data": [
      {
        "text": "je suis trop épuisée",
        "userDefined": false
      }
    ],
    "isTemplate": false,
    "count": 0,
    "updated": 1508522627
  },
  {
    "id": "224dd403-5dc8-4c62-92e2-109a4f0fc64b",
    "data": [
      {
        "text": "je",
        "meta": "@sys.ignore",
        "userDefined": true
      },
      {
        "text": " suis tellement fatiguée",
        "userDefined": false
      }
    ],
    "isTemplate": false,
    "count": 0,
    "updated": 1508522627
  },
  {
    "id": "12725284-0125-4bc7-9e2a-95ead4aac748",
    "data": [
      {
        "text": "je",
        "meta": "@sys.ignore",
        "userDefined": true
      },
      {
        "text": " suis trop ",
        "userDefined": false
      },
      {
        "text": "fatigué",
        "meta": "@sys.ignore",
        "userDefined": true
      }
    ],
    "isTemplate": false,
    "count": 0,
    "updated": 1508522627
  },
  {
    "id": "bc858edf-0cc2-458c-a837-71a87acdcf9d",
    "data": [
      {
        "text": "je",
        "meta": "@sys.ignore",
        "userDefined": true
      },
      {
        "text": " suis trop fatiguée",
        "userDefined": false
      }
    ],
    "isTemplate": false,
    "count": 0,
    "updated": 1508522627
  },
  {
    "id": "56153feb-e212-4e7c-b3c3-11b1aa374e37",
    "data": [
      {
        "text": "je",
        "meta": "@sys.ignore",
        "userDefined": true
      },
      {
        "text": " suis vraiment fatiguée",
        "userDefined": false
      }
    ],
    "isTemplate": false,
    "count": 0,
    "updated": 1508522627
  },
  {
    "id": "4fe4986b-9e80-431d-8296-dfc18888adc6",
    "data": [
      {
        "text": "je suis fatigué",
        "userDefined": false
      }
    ],
    "isTemplate": false,
    "count": 0,
    "updated": 1508522627
  },
  {
    "id": "134628dd-56c1-402c-a1f1-8045df1c5558",
    "data": [
      {
        "text": "je",
        "meta": "@sys.ignore",
        "userDefined": true
      },
      {
        "text": " suis très ",
        "userDefined": false
      },
      {
        "text": "fatigué",
        "meta": "@sys.ignore",
        "userDefined": true
      }
    ],
    "isTemplate": false,
    "count": 0,
    "updated": 1508522627
  },
  {
    "id": "ed2677ce-883f-4c51-a71f-d05a0e20cf97",
    "data": [
      {
        "text": "je suis épuisé",
        "userDefined": false
      }
    ],
    "isTemplate": false,
    "count": 0,
    "updated": 1508522627
  },
  {
    "id": "e0239519-bfc4-4758-8c42-7d89c3433d99",
    "data": [
      {
        "text": "je",
        "meta": "@sys.ignore",
        "userDefined": true
      },
      {
        "text": " suis très fatiguée",
        "userDefined": false
      }
    ],
    "isTemplate": false,
    "count": 0,
    "updated": 1508522627
  },
  {
    "id": "0d1870f6-e533-46c9-9652-1d446491ec3e",
    "data": [
      {
        "text": "je suis crevée",
        "userDefined": false
      }
    ],
    "isTemplate": false,
    "count": 1,
    "updated": 1508522627
  },
  {
    "id": "ccb46ad7-80e2-4c76-ae0f-4819b37cb7ec",
    "data": [
      {
        "text": "je",
        "meta": "@sys.ignore",
        "userDefined": true
      },
      {
        "text": " suis vraiment ",
        "userDefined": false
      },
      {
        "text": "fatigué",
        "meta": "@sys.ignore",
        "userDefined": true
      }
    ],
    "isTemplate": false,
    "count": 0,
    "updated": 1508522627
  }
]