[
  {
    "id": "161b25b5-39fe-42d9-ae07-355319649f80",
    "data": [
      {
        "text": "il faut que tu ",
        "userDefined": false
      },
      {
        "text": "m",
        "meta": "@sys.ignore",
        "userDefined": false
      },
      {
        "text": "\u0027attendes",
        "userDefined": false
      }
    ],
    "isTemplate": false,
    "count": 0,
    "updated": 0
  },
  {
    "id": "2a4213da-7bc3-42d0-86a8-f1511b76d310",
    "data": [
      {
        "text": "oh",
        "meta": "@sys.ignore",
        "userDefined": true
      },
      {
        "text": " attends",
        "userDefined": false
      }
    ],
    "isTemplate": false,
    "count": 0,
    "updated": 0
  },
  {
    "id": "4a7bf210-2e62-4574-a326-0c18649b5aae",
    "data": [
      {
        "text": "atteeends",
        "userDefined": false
      }
    ],
    "isTemplate": false,
    "count": 0,
    "updated": 0
  },
  {
    "id": "f455a11b-091a-4767-96fe-a67ae11ec85e",
    "data": [
      {
        "text": "attends ",
        "userDefined": false
      },
      {
        "text": "un",
        "meta": "@sys.ignore",
        "userDefined": true
      },
      {
        "text": " ",
        "userDefined": false
      },
      {
        "text": "petit",
        "meta": "@sys.ignore",
        "userDefined": true
      },
      {
        "text": " peu",
        "userDefined": false
      }
    ],
    "isTemplate": false,
    "count": 0,
    "updated": 0
  },
  {
    "id": "6718df78-3f27-43ff-99c9-326e8b3950d8",
    "data": [
      {
        "text": "s",
        "meta": "@sys.ignore",
        "userDefined": true
      },
      {
        "text": "\u0027",
        "userDefined": false
      },
      {
        "text": "il",
        "meta": "@sys.ignore",
        "userDefined": true
      },
      {
        "text": " te plaît attends-moi",
        "userDefined": false
      }
    ],
    "isTemplate": false,
    "count": 0,
    "updated": 0
  },
  {
    "id": "b84bdc42-78ec-418a-9ba3-acfdee0b3304",
    "data": [
      {
        "text": "pourrais-tu ",
        "userDefined": false
      },
      {
        "text": "m",
        "meta": "@sys.ignore",
        "userDefined": true
      },
      {
        "text": "\u0027attendre ",
        "userDefined": false
      },
      {
        "text": "un",
        "meta": "@sys.ignore",
        "userDefined": true
      },
      {
        "text": " ",
        "userDefined": false
      },
      {
        "text": "petit",
        "meta": "@sys.ignore",
        "userDefined": true
      },
      {
        "text": " peu",
        "userDefined": false
      }
    ],
    "isTemplate": false,
    "count": 0,
    "updated": 0
  },
  {
    "id": "a33f25d8-0042-41ec-a4f0-0a4c9a76bb80",
    "data": [
      {
        "text": "attends-moi",
        "userDefined": false
      }
    ],
    "isTemplate": false,
    "count": 0,
    "updated": 0
  },
  {
    "id": "43dfd246-4787-4731-83bd-a5ce523ab262",
    "data": [
      {
        "text": "peux-tu ",
        "userDefined": false
      },
      {
        "text": "m",
        "meta": "@sys.ignore",
        "userDefined": true
      },
      {
        "text": "\u0027attendre",
        "userDefined": false
      }
    ],
    "isTemplate": false,
    "count": 0,
    "updated": 0
  },
  {
    "id": "2dab557b-920d-4d10-881d-684c8f725d44",
    "data": [
      {
        "text": "peux-tu attendre",
        "userDefined": false
      }
    ],
    "isTemplate": false,
    "count": 0,
    "updated": 0
  },
  {
    "id": "910fdca6-61b0-445f-a509-3fbcddd8beb2",
    "data": [
      {
        "text": "attends",
        "userDefined": false
      }
    ],
    "isTemplate": false,
    "count": 0,
    "updated": 0
  },
  {
    "id": "6197b26b-4a7c-45ca-9e5b-a24b3eb71364",
    "data": [
      {
        "text": "attends ",
        "userDefined": false
      },
      {
        "text": "un",
        "meta": "@sys.ignore",
        "userDefined": true
      },
      {
        "text": " peu",
        "userDefined": false
      }
    ],
    "isTemplate": false,
    "count": 0,
    "updated": 0
  }
]