[
  {
    "id": "43d43bb8-7b68-4502-8fcd-a18a61045f08",
    "data": [
      {
        "text": "arrêté",
        "userDefined": false
      }
    ],
    "isTemplate": false,
    "count": 0,
    "updated": 1508522629
  },
  {
    "id": "5eecace2-99a1-40c8-9121-726b4e361785",
    "data": [
      {
        "text": "cancel",
        "userDefined": false
      }
    ],
    "isTemplate": false,
    "count": 0,
    "updated": 1508522629
  },
  {
    "id": "b7c85cc0-ceb9-446e-8583-a272a4b86f0e",
    "data": [
      {
        "text": "arrête",
        "userDefined": false
      }
    ],
    "isTemplate": false,
    "count": 0,
    "updated": 1508522629
  },
  {
    "id": "1b82d538-8143-43ed-a5a5-f18290f76feb",
    "data": [
      {
        "text": "annuler",
        "userDefined": false
      }
    ],
    "isTemplate": false,
    "count": 1,
    "updated": 1508522629
  },
  {
    "id": "de10fb5a-6475-465d-8477-15dc2bcd4c9a",
    "data": [
      {
        "text": "stop",
        "userDefined": false
      }
    ],
    "isTemplate": false,
    "count": 0,
    "updated": 1508522629
  },
  {
    "id": "f4d0378f-a73d-4c89-b49e-c061cf06e940",
    "data": [
      {
        "text": "annuler tout",
        "userDefined": false
      }
    ],
    "isTemplate": false,
    "count": 0,
    "updated": 1508522629
  },
  {
    "id": "34100e0b-8598-49ca-8c67-db3b11df6951",
    "data": [
      {
        "text": "omettre",
        "userDefined": false
      }
    ],
    "isTemplate": false,
    "count": 0,
    "updated": 1508522629
  },
  {
    "id": "d64ef083-e4f6-4747-acc6-c4cb04243949",
    "data": [
      {
        "text": "arrêter",
        "userDefined": false
      }
    ],
    "isTemplate": false,
    "count": 0,
    "updated": 1508522629
  },
  {
    "id": "f3072330-632f-4131-abf4-33be2ec17cb1",
    "data": [
      {
        "text": "stoppe",
        "userDefined": false
      }
    ],
    "isTemplate": false,
    "count": 0,
    "updated": 1508522629
  },
  {
    "id": "4925974e-1ae7-46f2-945b-d53a46a53713",
    "data": [
      {
        "text": "annuler tout ça",
        "userDefined": false
      }
    ],
    "isTemplate": false,
    "count": 0,
    "updated": 1508522629
  },
  {
    "id": "615f58b4-d9fc-4ea9-9e3f-76e6f3ad20a9",
    "data": [
      {
        "text": "refuse",
        "userDefined": false
      }
    ],
    "isTemplate": false,
    "count": 0,
    "updated": 1508522629
  },
  {
    "id": "99fe9efa-40fe-4f40-b613-2387b3d72b5e",
    "data": [
      {
        "text": "annule",
        "userDefined": false
      }
    ],
    "isTemplate": false,
    "count": 0,
    "updated": 1508522629
  },
  {
    "id": "4b4ae4c0-55e2-42cd-9116-4fc8efb8dade",
    "data": [
      {
        "text": "abandonner",
        "userDefined": false
      }
    ],
    "isTemplate": false,
    "count": 0,
    "updated": 1508522629
  },
  {
    "id": "5915a492-9b4d-469d-8172-2c0a2ea6b579",
    "data": [
      {
        "text": "interrompre",
        "userDefined": false
      }
    ],
    "isTemplate": false,
    "count": 0,
    "updated": 1508522629
  },
  {
    "id": "a90b8c1c-f2a3-483a-a475-9e314fcc2262",
    "data": [
      {
        "text": "stopper",
        "userDefined": false
      }
    ],
    "isTemplate": false,
    "count": 0,
    "updated": 1508522629
  },
  {
    "id": "a3df4f7a-a3a9-41b3-b343-7c5300c7a512",
    "data": [
      {
        "text": "arrête-le",
        "userDefined": false
      }
    ],
    "isTemplate": false,
    "count": 1,
    "updated": 1508522629
  },
  {
    "id": "ae389959-56f0-4e89-b1b2-377127ee945e",
    "data": [
      {
        "text": "pas maintenant",
        "userDefined": false
      }
    ],
    "isTemplate": false,
    "count": 0,
    "updated": 1508522629
  },
  {
    "id": "fbf150d8-2016-44d8-818f-1fa0db2ad316",
    "data": [
      {
        "text": "plus tard",
        "userDefined": false
      }
    ],
    "isTemplate": false,
    "count": 0,
    "updated": 1508522629
  },
  {
    "id": "2ab3fcfe-c79a-4db0-9e12-28da8ca7b631",
    "data": [
      {
        "text": "laisse tomber",
        "userDefined": false
      }
    ],
    "isTemplate": false,
    "count": 0,
    "updated": 1508522629
  },
  {
    "id": "6de18f7e-fde4-42fc-98b7-2fd8632772cf",
    "data": [
      {
        "text": "quitte",
        "userDefined": false
      }
    ],
    "isTemplate": false,
    "count": 0,
    "updated": 1508522629
  },
  {
    "id": "dee76911-fc33-47e3-9284-3613fd67f027",
    "data": [
      {
        "text": "quitter",
        "userDefined": false
      }
    ],
    "isTemplate": false,
    "count": 0,
    "updated": 1508522629
  },
  {
    "id": "69363d8b-5fc1-4b8b-b70e-0fd87741da97",
    "data": [
      {
        "text": "annule-le",
        "userDefined": false
      }
    ],
    "isTemplate": false,
    "count": 0,
    "updated": 1508522629
  },
  {
    "id": "500f5030-9177-49a2-b233-b0b9bf146446",
    "data": [
      {
        "text": "laisser tomber",
        "userDefined": false
      }
    ],
    "isTemplate": false,
    "count": 0,
    "updated": 1508522629
  },
  {
    "id": "7eb4f4b4-895b-4bbb-bf89-42b08daf34ba",
    "data": [
      {
        "text": "refuser",
        "userDefined": false
      }
    ],
    "isTemplate": false,
    "count": 0,
    "updated": 1508522629
  },
  {
    "id": "4284b1f3-9157-463a-b2a3-6c6fde41a6b0",
    "data": [
      {
        "text": "abandonne",
        "userDefined": false
      }
    ],
    "isTemplate": false,
    "count": 0,
    "updated": 1508522629
  },
  {
    "id": "6b0283ff-fe84-48a3-a02d-19c5f6ccf6be",
    "data": [
      {
        "text": "peux-tu annuler",
        "userDefined": false
      }
    ],
    "isTemplate": false,
    "count": 0,
    "updated": 1508522629
  },
  {
    "id": "cb39b6b6-5045-4492-a2c1-d97b913a7691",
    "data": [
      {
        "text": "annuler tout cela",
        "userDefined": false
      }
    ],
    "isTemplate": false,
    "count": 0,
    "updated": 1508522629
  }
]