[
  {
    "id": "46887526-d756-4658-ae22-f8067056b613",
    "data": [
      {
        "text": "j",
        "meta": "@sys.ignore",
        "userDefined": true
      },
      {
        "text": "\u0027",
        "userDefined": false
      },
      {
        "text": "ai",
        "meta": "@sys.ignore",
        "userDefined": true
      },
      {
        "text": " envie ",
        "userDefined": false
      },
      {
        "text": "de",
        "meta": "@sys.ignore",
        "userDefined": true
      },
      {
        "text": " parler",
        "userDefined": false
      }
    ],
    "isTemplate": false,
    "count": 0,
    "updated": 1508522627
  },
  {
    "id": "1bacf330-404f-46e7-bba4-6b44a037948b",
    "data": [
      {
        "text": "peut-on ",
        "userDefined": false
      },
      {
        "text": "se",
        "meta": "@sys.ignore",
        "userDefined": true
      },
      {
        "text": " parler",
        "userDefined": false
      }
    ],
    "isTemplate": false,
    "count": 0,
    "updated": 1508522627
  },
  {
    "id": "87f89bcb-42ef-4396-a774-7c9edac98fb9",
    "data": [
      {
        "text": "j",
        "meta": "@sys.ignore",
        "userDefined": true
      },
      {
        "text": "\u0027aimerais ",
        "userDefined": false
      },
      {
        "text": "qu",
        "meta": "@sys.ignore",
        "userDefined": true
      },
      {
        "text": "\u0027",
        "userDefined": false
      },
      {
        "text": "on",
        "meta": "@sys.ignore",
        "userDefined": true
      },
      {
        "text": " ",
        "userDefined": false
      },
      {
        "text": "se",
        "meta": "@sys.ignore",
        "userDefined": true
      },
      {
        "text": " parle",
        "userDefined": false
      }
    ],
    "isTemplate": false,
    "count": 0,
    "updated": 1508522627
  },
  {
    "id": "5a18b0ce-5d5d-4a5b-a071-07492d8a53f5",
    "data": [
      {
        "text": "j",
        "meta": "@sys.ignore",
        "userDefined": true
      },
      {
        "text": "\u0027aimerais bavarder",
        "userDefined": false
      }
    ],
    "isTemplate": false,
    "count": 0,
    "updated": 1508522627
  },
  {
    "id": "23c29e59-1232-4ae9-9d68-2b7d9e68e4ae",
    "data": [
      {
        "text": "et",
        "meta": "@sys.ignore",
        "userDefined": true
      },
      {
        "text": " ",
        "userDefined": false
      },
      {
        "text": "si",
        "meta": "@sys.ignore",
        "userDefined": true
      },
      {
        "text": " ",
        "userDefined": false
      },
      {
        "text": "on",
        "meta": "@sys.ignore",
        "userDefined": true
      },
      {
        "text": " discutait",
        "userDefined": false
      }
    ],
    "isTemplate": false,
    "count": 0,
    "updated": 1508522627
  },
  {
    "id": "e16371f2-0b05-4a12-80db-f5ef24fa2ef3",
    "data": [
      {
        "text": "peut-on discuter",
        "userDefined": false
      }
    ],
    "isTemplate": false,
    "count": 0,
    "updated": 1508522627
  },
  {
    "id": "630df12d-2d01-40fa-9576-84563c5da139",
    "data": [
      {
        "text": "je veux",
        "meta": "@sys.ignore",
        "userDefined": true
      },
      {
        "text": " parler ",
        "userDefined": false
      },
      {
        "text": "avec toi",
        "meta": "@sys.ignore",
        "userDefined": true
      }
    ],
    "isTemplate": false,
    "count": 0,
    "updated": 1508522627
  },
  {
    "id": "f40996b8-d31d-40eb-a0bf-eec8e24e5278",
    "data": [
      {
        "text": "parlons ",
        "userDefined": false
      },
      {
        "text": "ensemble",
        "meta": "@sys.ignore",
        "userDefined": true
      }
    ],
    "isTemplate": false,
    "count": 0,
    "updated": 1508522627
  },
  {
    "id": "04ff0cc6-119d-4e88-ba11-b88d77669587",
    "data": [
      {
        "text": "j\u0027aimerais",
        "meta": "@sys.ignore",
        "userDefined": true
      },
      {
        "text": " te parler",
        "userDefined": false
      }
    ],
    "isTemplate": false,
    "count": 0,
    "updated": 1508522627
  },
  {
    "id": "716fe60f-029b-40d1-be08-81ee0dad4981",
    "data": [
      {
        "text": "je veux",
        "meta": "@sys.ignore",
        "userDefined": true
      },
      {
        "text": " parler",
        "userDefined": false
      }
    ],
    "isTemplate": false,
    "count": 1,
    "updated": 1508522627
  },
  {
    "id": "9c78cd54-a42f-4cf2-9856-db35eaac2b3c",
    "data": [
      {
        "text": "je",
        "meta": "@sys.ignore",
        "userDefined": true
      },
      {
        "text": " voudrais causer ",
        "userDefined": false
      },
      {
        "text": "avec toi",
        "meta": "@sys.ignore",
        "userDefined": true
      }
    ],
    "isTemplate": false,
    "count": 0,
    "updated": 1508522627
  },
  {
    "id": "4b2daabe-0acc-4d1e-86b5-947d9ffe9e52",
    "data": [
      {
        "text": "parlons",
        "userDefined": false
      }
    ],
    "isTemplate": false,
    "count": 0,
    "updated": 1508522627
  },
  {
    "id": "3371c141-4d4c-420a-aada-a7df3cca664a",
    "data": [
      {
        "text": "veux-tu discuter ",
        "userDefined": false
      },
      {
        "text": "maintenant",
        "meta": "@sys.ignore",
        "userDefined": true
      }
    ],
    "isTemplate": false,
    "count": 0,
    "updated": 1508522627
  },
  {
    "id": "759505ee-3418-4cdf-a2ba-16e985cdf979",
    "data": [
      {
        "text": "puis-je parler",
        "userDefined": false
      }
    ],
    "isTemplate": false,
    "count": 0,
    "updated": 1508522627
  },
  {
    "id": "e6b0d281-c374-4304-88eb-b91b40c0a700",
    "data": [
      {
        "text": "voudrais-tu ",
        "userDefined": false
      },
      {
        "text": "qu",
        "meta": "@sys.ignore",
        "userDefined": true
      },
      {
        "text": "\u0027",
        "userDefined": false
      },
      {
        "text": "on",
        "meta": "@sys.ignore",
        "userDefined": true
      },
      {
        "text": " ",
        "userDefined": false
      },
      {
        "text": "se",
        "meta": "@sys.ignore",
        "userDefined": true
      },
      {
        "text": " parle",
        "userDefined": false
      }
    ],
    "isTemplate": false,
    "count": 0,
    "updated": 1508522627
  },
  {
    "id": "7b833f5f-0717-4894-8c17-86cfc64696e4",
    "data": [
      {
        "text": "pourrait-on causer",
        "userDefined": false
      }
    ],
    "isTemplate": false,
    "count": 0,
    "updated": 1508522627
  },
  {
    "id": "5f71472b-50c9-44a0-bae5-e22bf6f58478",
    "data": [
      {
        "text": "je",
        "meta": "@sys.ignore",
        "userDefined": true
      },
      {
        "text": " voudrais causer",
        "userDefined": false
      }
    ],
    "isTemplate": false,
    "count": 0,
    "updated": 1508522627
  },
  {
    "id": "09cd6f7e-e2ca-4c2f-97c3-6d529fb40bdc",
    "data": [
      {
        "text": "je veux",
        "meta": "@sys.ignore",
        "userDefined": true
      },
      {
        "text": " te parler",
        "userDefined": false
      }
    ],
    "isTemplate": false,
    "count": 0,
    "updated": 1508522627
  },
  {
    "id": "d45924b5-5710-428a-bf95-b23c40c45eb1",
    "data": [
      {
        "text": "j\u0027aimerais",
        "meta": "@sys.ignore",
        "userDefined": true
      },
      {
        "text": " discuter ",
        "userDefined": false
      },
      {
        "text": "avec toi",
        "meta": "@sys.ignore",
        "userDefined": true
      }
    ],
    "isTemplate": false,
    "count": 0,
    "updated": 1508522627
  }
]