[
  {
    "id": "f069f82d-4adb-4b10-abad-755f0e10d830",
    "data": [
      {
        "text": "ça fait plaisir de te rencontrer",
        "userDefined": false
      }
    ],
    "isTemplate": false,
    "count": 0,
    "updated": 1508522628
  },
  {
    "id": "636ca41d-1c83-4b8d-b84d-52ecc312c06e",
    "data": [
      {
        "text": "je suis heureuse de te rencontrer",
        "userDefined": false
      }
    ],
    "isTemplate": false,
    "count": 0,
    "updated": 1508522628
  },
  {
    "id": "fc298eb9-f105-4924-bc4a-6ef9e06e52fa",
    "data": [
      {
        "text": "je suis content de te rencontrer",
        "userDefined": false
      }
    ],
    "isTemplate": false,
    "count": 0,
    "updated": 1508522628
  },
  {
    "id": "59f7ff0e-42c9-4a99-a953-0a7081242739",
    "data": [
      {
        "text": "c\u0027est un plaisir de te rencontrer",
        "userDefined": false
      }
    ],
    "isTemplate": false,
    "count": 0,
    "updated": 1508522628
  },
  {
    "id": "9c0bee9d-77dd-4dab-9b7a-8aa6b3babcb0",
    "data": [
      {
        "text": "enchantée",
        "userDefined": false
      }
    ],
    "isTemplate": false,
    "count": 0,
    "updated": 1508522628
  },
  {
    "id": "a9594e97-9ffa-402d-86c8-43aca523b949",
    "data": [
      {
        "text": "c\u0027est super de te rencontrer",
        "userDefined": false
      }
    ],
    "isTemplate": false,
    "count": 1,
    "updated": 1508522628
  },
  {
    "id": "2f898581-2922-4f08-963f-8a62d4d232ab",
    "data": [
      {
        "text": "enchanté",
        "userDefined": false
      }
    ],
    "isTemplate": false,
    "count": 0,
    "updated": 1508522628
  },
  {
    "id": "a82fc255-5da8-46a0-8d59-1afa79a6b267",
    "data": [
      {
        "text": "je suis enchantée",
        "userDefined": false
      }
    ],
    "isTemplate": false,
    "count": 0,
    "updated": 1508522628
  },
  {
    "id": "fcc8b751-0c17-4302-a566-2022e3d4cf8b",
    "data": [
      {
        "text": "je suis contente de te rencontrer",
        "userDefined": false
      }
    ],
    "isTemplate": false,
    "count": 0,
    "updated": 1508522628
  },
  {
    "id": "39a822d9-c9f6-4549-a8ef-e524994f65b8",
    "data": [
      {
        "text": "content de te rencontrer",
        "userDefined": false
      }
    ],
    "isTemplate": false,
    "count": 0,
    "updated": 1508522628
  },
  {
    "id": "ff276410-ccb9-4758-b9c7-caeacff0d87e",
    "data": [
      {
        "text": "ça me fait plaisir de te rencontrer",
        "userDefined": false
      }
    ],
    "isTemplate": false,
    "count": 0,
    "updated": 1508522628
  },
  {
    "id": "96b0109f-2987-4cac-b2b5-99e4db3e99ae",
    "data": [
      {
        "text": "c\u0027est bien de te rencontrer",
        "userDefined": false
      }
    ],
    "isTemplate": false,
    "count": 0,
    "updated": 1508522628
  },
  {
    "id": "c4e64d37-e2b2-465f-9b82-6387caf22d6a",
    "data": [
      {
        "text": "je suis enchanté",
        "userDefined": false
      }
    ],
    "isTemplate": false,
    "count": 0,
    "updated": 1508522628
  },
  {
    "id": "6d52426e-0a85-41db-831c-cfb90e8b6239",
    "data": [
      {
        "text": "je suis enchanté de te rencontrer",
        "userDefined": false
      }
    ],
    "isTemplate": false,
    "count": 0,
    "updated": 1508522628
  },
  {
    "id": "03aaa273-7ce1-4208-b9df-adfae68ac74c",
    "data": [
      {
        "text": "je suis heureux de te rencontrer",
        "userDefined": false
      }
    ],
    "isTemplate": false,
    "count": 0,
    "updated": 1508522628
  },
  {
    "id": "d5c5abc1-d582-4f28-92f5-42064a5e9da2",
    "data": [
      {
        "text": "je suis enchanté de rencontrer",
        "userDefined": false
      }
    ],
    "isTemplate": false,
    "count": 0,
    "updated": 1508522628
  },
  {
    "id": "0089243b-9be4-4ea8-83be-9020a713632c",
    "data": [
      {
        "text": "je suis enchantée de rencontrer",
        "userDefined": false
      }
    ],
    "isTemplate": false,
    "count": 0,
    "updated": 1508522628
  },
  {
    "id": "4da212b8-e48b-4dcb-8197-0c1e55009a06",
    "data": [
      {
        "text": "je suis enchantée de te rencontrer",
        "userDefined": false
      }
    ],
    "isTemplate": false,
    "count": 0,
    "updated": 1508522628
  },
  {
    "id": "119961b3-41df-4741-b0bd-043dd5c8e558",
    "data": [
      {
        "text": "enchantée de te rencontrer",
        "userDefined": false
      }
    ],
    "isTemplate": false,
    "count": 0,
    "updated": 1508522628
  },
  {
    "id": "de632555-da1a-4e43-9eb7-76a3f699d04f",
    "data": [
      {
        "text": "enchanté de te rencontrer",
        "userDefined": false
      }
    ],
    "isTemplate": false,
    "count": 0,
    "updated": 1508522628
  },
  {
    "id": "93d8a4c3-2a7b-48e7-af64-2ee4174a548d",
    "data": [
      {
        "text": "enchanté de rencontrer",
        "userDefined": false
      }
    ],
    "isTemplate": false,
    "count": 0,
    "updated": 1508522628
  },
  {
    "id": "1c924b18-1a68-4f93-8086-664e4fdef3a5",
    "data": [
      {
        "text": "enchantée de rencontrer",
        "userDefined": false
      }
    ],
    "isTemplate": false,
    "count": 0,
    "updated": 1508522628
  },
  {
    "id": "aecf20d9-5e50-47bc-b261-11fa5b3b8b62",
    "data": [
      {
        "text": "bien de te recontrer",
        "userDefined": false
      }
    ],
    "isTemplate": false,
    "count": 0,
    "updated": 1508522628
  }
]