[
  {
    "id": "6f2eeef0-643a-4f88-b748-a7e6b7e45098",
    "data": [
      {
        "text": "au revoir",
        "userDefined": false
      }
    ],
    "isTemplate": false,
    "count": 0,
    "updated": 0
  },
  {
    "id": "718ea43a-f2fe-4187-a9d5-39523d49727c",
    "data": [
      {
        "text": "je",
        "meta": "@sys.ignore",
        "userDefined": true
      },
      {
        "text": " dois y ",
        "userDefined": false
      },
      {
        "text": "aller",
        "meta": "@sys.ignore",
        "userDefined": true
      }
    ],
    "isTemplate": false,
    "count": 0,
    "updated": 0
  },
  {
    "id": "7e7c0a78-e7ea-40ba-bf62-895ba3dae153",
    "data": [
      {
        "text": "bye",
        "userDefined": false
      }
    ],
    "isTemplate": false,
    "count": 0,
    "updated": 0
  },
  {
    "id": "5c990c09-cab7-4980-b4d5-251e4d3dc87c",
    "data": [
      {
        "text": "à tout à l\u0027heure",
        "userDefined": false
      }
    ],
    "isTemplate": false,
    "count": 0,
    "updated": 0
  },
  {
    "id": "f509d2b3-ff30-49e1-981f-1e3dff552d40",
    "data": [
      {
        "text": "à tt",
        "userDefined": false
      }
    ],
    "isTemplate": false,
    "count": 0,
    "updated": 0
  },
  {
    "id": "675c757b-8ea0-44ff-ae39-99c72736a6bc",
    "data": [
      {
        "text": "à toute",
        "userDefined": false
      }
    ],
    "isTemplate": false,
    "count": 0,
    "updated": 0
  },
  {
    "id": "06bdee22-7404-4c6a-aa68-77741eaae75e",
    "data": [
      {
        "text": "à bientôt",
        "userDefined": false
      }
    ],
    "isTemplate": false,
    "count": 1,
    "updated": 0
  },
  {
    "id": "87280253-31a8-4bf0-95ea-8d88b82ac24a",
    "data": [
      {
        "text": "il",
        "meta": "@sys.ignore",
        "userDefined": true
      },
      {
        "text": " ",
        "userDefined": false
      },
      {
        "text": "faut que je m\u0027en aille",
        "meta": "@sys.ignore",
        "userDefined": true
      }
    ],
    "isTemplate": false,
    "count": 0,
    "updated": 0
  },
  {
    "id": "a475e454-cb42-46a8-93a7-86238f3751a2",
    "data": [
      {
        "text": "a plus tard",
        "userDefined": false
      }
    ],
    "isTemplate": false,
    "count": 0,
    "updated": 0
  },
  {
    "id": "51ce2494-ded8-4f58-a773-32d17223c4f3",
    "data": [
      {
        "text": "à plus",
        "userDefined": false
      }
    ],
    "isTemplate": false,
    "count": 0,
    "updated": 0
  },
  {
    "id": "a8b3bfb8-f69c-47e0-a475-1cedbc4f2749",
    "data": [
      {
        "text": "a tt",
        "userDefined": false
      }
    ],
    "isTemplate": false,
    "count": 0,
    "updated": 0
  },
  {
    "id": "a64f8bcc-337b-4d80-be8f-e5a868241ba5",
    "data": [
      {
        "text": "je m\u0027en vais",
        "meta": "@sys.ignore",
        "userDefined": true
      }
    ],
    "isTemplate": false,
    "count": 0,
    "updated": 0
  },
  {
    "id": "47b3ca7d-9f3b-4d5e-a3ed-a81d978f96d9",
    "data": [
      {
        "text": "ciao",
        "userDefined": false
      }
    ],
    "isTemplate": false,
    "count": 0,
    "updated": 0
  },
  {
    "id": "b141b7e7-0599-4c5b-bc84-65232cbb5ffe",
    "data": [
      {
        "text": "à plus tard",
        "userDefined": false
      }
    ],
    "isTemplate": false,
    "count": 0,
    "updated": 0
  },
  {
    "id": "84a07850-db7f-402f-ac33-3d4a005ad79e",
    "data": [
      {
        "text": "à la prochaine",
        "userDefined": false
      }
    ],
    "isTemplate": false,
    "count": 0,
    "updated": 0
  },
  {
    "id": "7f83e321-07ca-482d-9e7e-2a83a7a43bd8",
    "data": [
      {
        "text": "goodbye",
        "userDefined": false
      }
    ],
    "isTemplate": false,
    "count": 0,
    "updated": 0
  },
  {
    "id": "dc41b9db-62fe-4163-b1ab-46ca08955634",
    "data": [
      {
        "text": "porte toi bien",
        "userDefined": false
      }
    ],
    "isTemplate": false,
    "count": 0,
    "updated": 0
  },
  {
    "id": "ac0519b9-3780-498a-b0ff-95fc93d58a79",
    "data": [
      {
        "text": "a +",
        "userDefined": false
      }
    ],
    "isTemplate": false,
    "count": 0,
    "updated": 0
  },
  {
    "id": "d8c112ea-a448-43c0-92c4-d96246ff1d49",
    "data": [
      {
        "text": "bye bye",
        "userDefined": false
      }
    ],
    "isTemplate": false,
    "count": 0,
    "updated": 0
  },
  {
    "id": "4efe3e46-0dd9-4347-9d8e-09eace6e4ba4",
    "data": [
      {
        "text": "à +",
        "userDefined": false
      }
    ],
    "isTemplate": false,
    "count": 0,
    "updated": 0
  },
  {
    "id": "235c994c-e583-4006-b580-a17a162bf025",
    "data": [
      {
        "text": "à ce soir",
        "userDefined": false
      }
    ],
    "isTemplate": false,
    "count": 0,
    "updated": 0
  },
  {
    "id": "ae431c77-dbe1-45a2-90fb-b66a5d99b4c6",
    "data": [
      {
        "text": "à demain",
        "userDefined": false
      }
    ],
    "isTemplate": false,
    "count": 0,
    "updated": 0
  }
]