[
  {
    "id": "1c44c98d-fb65-4283-889f-9b1e84386e58",
    "data": [
      {
        "text": "oh lalalala",
        "userDefined": false
      }
    ],
    "isTemplate": false,
    "count": 0,
    "updated": 0
  },
  {
    "id": "560fe264-0ae0-4a48-8a0e-aa4714885cd4",
    "data": [
      {
        "text": "waou",
        "userDefined": false
      }
    ],
    "isTemplate": false,
    "count": 0,
    "updated": 0
  },
  {
    "id": "ea829268-e2bd-43e2-8c30-0410b2394dba",
    "data": [
      {
        "text": "wow wow",
        "userDefined": false
      }
    ],
    "isTemplate": false,
    "count": 0,
    "updated": 0
  },
  {
    "id": "17a434d9-9b1c-42d5-8d17-a5195bebe34b",
    "data": [
      {
        "text": "waouuuh",
        "userDefined": false
      }
    ],
    "isTemplate": false,
    "count": 0,
    "updated": 0
  },
  {
    "id": "7aacf80d-7eab-491c-8bfd-5226a04b8441",
    "data": [
      {
        "text": "ohlala",
        "userDefined": false
      }
    ],
    "isTemplate": false,
    "count": 0,
    "updated": 0
  },
  {
    "id": "9d385370-09fd-45b1-af25-1cbc39535d65",
    "data": [
      {
        "text": "oh la la",
        "userDefined": false
      }
    ],
    "isTemplate": false,
    "count": 0,
    "updated": 0
  },
  {
    "id": "379f2fc4-2538-4a4e-995a-882a98e1a300",
    "data": [
      {
        "text": "ah la la",
        "userDefined": false
      }
    ],
    "isTemplate": false,
    "count": 0,
    "updated": 0
  },
  {
    "id": "952ad30f-812c-4802-a779-0c7c72308c22",
    "data": [
      {
        "text": "ahlala",
        "userDefined": false
      }
    ],
    "isTemplate": false,
    "count": 0,
    "updated": 0
  },
  {
    "id": "43a5d33a-81a9-40da-880d-415633a4eb2f",
    "data": [
      {
        "text": "wow wow wow",
        "userDefined": false
      }
    ],
    "isTemplate": false,
    "count": 0,
    "updated": 0
  },
  {
    "id": "201487f0-6c19-414a-b359-fc94acc4b4f4",
    "data": [
      {
        "text": "waouh",
        "userDefined": false
      }
    ],
    "isTemplate": false,
    "count": 0,
    "updated": 0
  },
  {
    "id": "5b1fd01e-e3ef-401f-8adb-40007af00e9a",
    "data": [
      {
        "text": "wow",
        "userDefined": false
      }
    ],
    "isTemplate": false,
    "count": 0,
    "updated": 0
  }
]