[
  {
    "id": "71a0bf49-08e7-45df-a399-f81a3bcc9de7",
    "data": [
      {
        "text": "oui",
        "userDefined": false
      }
    ],
    "isTemplate": false,
    "count": 0,
    "updated": 0
  },
  {
    "id": "0ff248f2-fd34-40e9-9cb3-803c9f3e6525",
    "data": [
      {
        "text": "oué",
        "userDefined": false
      }
    ],
    "isTemplate": false,
    "count": 0,
    "updated": 0
  },
  {
    "id": "51976853-3808-4720-bdc2-b007d52f15cf",
    "data": [
      {
        "text": "ouais",
        "userDefined": false
      }
    ],
    "isTemplate": false,
    "count": 0,
    "updated": 0
  },
  {
    "id": "d2f6f10c-ff4e-4288-ab36-3c3130ff0f26",
    "data": [
      {
        "text": "ouii",
        "userDefined": false
      }
    ],
    "isTemplate": false,
    "count": 0,
    "updated": 0
  },
  {
    "id": "de4c1aba-7fb8-4fab-a8a5-95eaece578ab",
    "data": [
      {
        "text": "pourquoi pas",
        "userDefined": false
      }
    ],
    "isTemplate": false,
    "count": 0,
    "updated": 0
  },
  {
    "id": "60301884-aa84-47c7-9b74-391a9acd9d36",
    "data": [
      {
        "text": "mouais",
        "userDefined": false
      }
    ],
    "isTemplate": false,
    "count": 0,
    "updated": 0
  },
  {
    "id": "26ef4922-1bff-426e-b09d-790130a3965c",
    "data": [
      {
        "text": "voui",
        "userDefined": false
      }
    ],
    "isTemplate": false,
    "count": 0,
    "updated": 0
  },
  {
    "id": "dd00f14e-776e-435e-a0be-f672afa6bc5d",
    "data": [
      {
        "text": "ouaiii",
        "userDefined": false
      }
    ],
    "isTemplate": false,
    "count": 0,
    "updated": 0
  },
  {
    "id": "cf598265-249b-4859-8867-73ea6794f422",
    "data": [
      {
        "text": "ouaip",
        "userDefined": false
      }
    ],
    "isTemplate": false,
    "count": 0,
    "updated": 0
  },
  {
    "id": "063b1292-74b0-4333-89d3-f0f1dc44f95a",
    "data": [
      {
        "text": "ça me va",
        "userDefined": false
      }
    ],
    "isTemplate": false,
    "count": 0,
    "updated": 0
  },
  {
    "id": "939d03ef-1e1f-4f55-8a27-fb332752c577",
    "data": [
      {
        "text": "moui",
        "userDefined": false
      }
    ],
    "isTemplate": false,
    "count": 0,
    "updated": 0
  },
  {
    "id": "bc5e02f2-01a9-4011-ad47-980e16de3ae7",
    "data": [
      {
        "text": "oki doki",
        "userDefined": false
      }
    ],
    "isTemplate": false,
    "count": 0,
    "updated": 0
  },
  {
    "id": "abf67d49-42c1-4409-ae6b-52f62b00406b",
    "data": [
      {
        "text": "o k",
        "userDefined": false
      }
    ],
    "isTemplate": false,
    "count": 0,
    "updated": 0
  },
  {
    "id": "3481bf36-828d-46d1-9823-24427f1461dc",
    "data": [
      {
        "text": "ouai",
        "userDefined": false
      }
    ],
    "isTemplate": false,
    "count": 0,
    "updated": 0
  },
  {
    "id": "47d195eb-d8e9-48a5-b613-9ec143040e21",
    "data": [
      {
        "text": "wé",
        "userDefined": false
      }
    ],
    "isTemplate": false,
    "count": 0,
    "updated": 0
  },
  {
    "id": "bbdc463d-28b1-4db0-9ab3-dff4bdacf9fa",
    "data": [
      {
        "text": "cela me va",
        "userDefined": false
      }
    ],
    "isTemplate": false,
    "count": 0,
    "updated": 0
  },
  {
    "id": "b38c9d53-bb7c-48f9-9a3b-c54b3095e4cd",
    "data": [
      {
        "text": "je veux bien",
        "userDefined": false
      }
    ],
    "isTemplate": false,
    "count": 0,
    "updated": 0
  },
  {
    "id": "986b5d33-b40b-4fb4-aef4-3e0bc34b8e1d",
    "data": [
      {
        "text": "okay",
        "userDefined": false
      }
    ],
    "isTemplate": false,
    "count": 0,
    "updated": 0
  },
  {
    "id": "5749f77c-9a5a-475d-89f5-5a2174009276",
    "data": [
      {
        "text": "oki dok",
        "userDefined": false
      }
    ],
    "isTemplate": false,
    "count": 0,
    "updated": 0
  },
  {
    "id": "1f8d70cd-8911-4e13-873e-17cf5d01bc84",
    "data": [
      {
        "text": "d\u0027accord",
        "userDefined": false
      }
    ],
    "isTemplate": false,
    "count": 0,
    "updated": 0
  },
  {
    "id": "81be785a-d5ab-46a9-a45f-e3616105d1df",
    "data": [
      {
        "text": "d\u0027acc",
        "userDefined": false
      }
    ],
    "isTemplate": false,
    "count": 0,
    "updated": 0
  },
  {
    "id": "56955984-bd32-4c90-9547-29e89e1baba5",
    "data": [
      {
        "text": "ok",
        "userDefined": false
      }
    ],
    "isTemplate": false,
    "count": 0,
    "updated": 0
  },
  {
    "id": "447c05c5-aec4-42bc-b1d6-14a017645c5d",
    "data": [
      {
        "text": "okidok",
        "userDefined": false
      }
    ],
    "isTemplate": false,
    "count": 0,
    "updated": 0
  },
  {
    "id": "648a9965-3af7-4212-b848-61d32b4527d3",
    "data": [
      {
        "text": "oké",
        "userDefined": false
      }
    ],
    "isTemplate": false,
    "count": 0,
    "updated": 0
  }
]