[
  {
    "id": "2923b039-e693-4304-b43f-a3e2506976cd",
    "data": [
      {
        "text": "je ne veux plus parler",
        "userDefined": false
      }
    ],
    "isTemplate": false,
    "count": 0,
    "updated": 0
  },
  {
    "id": "edaeeb93-2c08-4671-927c-351f322656bc",
    "data": [
      {
        "text": "je ne veux pas qu\u0027on se parle maintenant",
        "userDefined": false
      }
    ],
    "isTemplate": false,
    "count": 0,
    "updated": 0
  },
  {
    "id": "772fbfe4-0ea2-4c66-ba04-b03e304dbdc8",
    "data": [
      {
        "text": "je ne veux pas te parler maintenant",
        "userDefined": false
      }
    ],
    "isTemplate": false,
    "count": 0,
    "updated": 0
  },
  {
    "id": "a0c4b616-0330-42bc-a6b5-d778ae3b35f8",
    "data": [
      {
        "text": "j\u0027ai pas envie de parler",
        "userDefined": false
      }
    ],
    "isTemplate": false,
    "count": 0,
    "updated": 0
  },
  {
    "id": "a10d2efc-9ea7-4b60-b964-9d6f42994d99",
    "data": [
      {
        "text": "pas envie de parler",
        "userDefined": false
      }
    ],
    "isTemplate": false,
    "count": 0,
    "updated": 0
  },
  {
    "id": "1e3f7080-2c0b-43ed-8789-0f570d4af663",
    "data": [
      {
        "text": "je ne veux pas causer",
        "userDefined": false
      }
    ],
    "isTemplate": false,
    "count": 0,
    "updated": 0
  },
  {
    "id": "67cfd44f-a93f-4487-8919-b4b219e821b8",
    "data": [
      {
        "text": "arrêtons de parler",
        "userDefined": false
      }
    ],
    "isTemplate": false,
    "count": 0,
    "updated": 0
  },
  {
    "id": "a4737f98-24ac-413f-ae63-b25ad006e34a",
    "data": [
      {
        "text": "je ne veux pas trop parler",
        "userDefined": false
      }
    ],
    "isTemplate": false,
    "count": 0,
    "updated": 0
  },
  {
    "id": "d10dc892-7937-4aa9-b952-ab3365172a2d",
    "data": [
      {
        "text": "je n\u0027ai pas envie de parler",
        "userDefined": false
      }
    ],
    "isTemplate": false,
    "count": 0,
    "updated": 0
  },
  {
    "id": "6654359e-e03b-40bb-afa8-ec71452e7537",
    "data": [
      {
        "text": "je n\u0027ai plus envie de te parler",
        "userDefined": false
      }
    ],
    "isTemplate": false,
    "count": 0,
    "updated": 0
  },
  {
    "id": "3873335b-3d46-4710-bf29-26a79738dafe",
    "data": [
      {
        "text": "je ne veux pas trop parler en ce moment",
        "userDefined": false
      }
    ],
    "isTemplate": false,
    "count": 0,
    "updated": 0
  },
  {
    "id": "d99c1de0-7892-4cbf-a3d4-fa64bae66992",
    "data": [
      {
        "text": "je veux pas causer",
        "userDefined": false
      }
    ],
    "isTemplate": false,
    "count": 0,
    "updated": 0
  }
]