[
  {
    "id": "16ba9912-a0a8-412f-aa84-75d8944a9f61",
    "data": [
      {
        "text": "ceci est bien joué",
        "userDefined": false
      }
    ],
    "isTemplate": false,
    "count": 0,
    "updated": 0
  },
  {
    "id": "a10836e9-8561-4c75-a02e-761c8b9dcc95",
    "data": [
      {
        "text": "c\u0027est bien",
        "meta": "@sys.ignore",
        "userDefined": false
      },
      {
        "text": " fait",
        "userDefined": false
      }
    ],
    "isTemplate": false,
    "count": 0,
    "updated": 0
  },
  {
    "id": "20ac201f-ec48-4234-aacb-7040a3a1642b",
    "data": [
      {
        "text": "ceci est bien fait",
        "userDefined": false
      }
    ],
    "isTemplate": false,
    "count": 0,
    "updated": 0
  },
  {
    "id": "6964d032-bcd0-4a7e-9c6f-be7c303d330c",
    "data": [
      {
        "text": "bravo",
        "meta": "@sys.ignore",
        "userDefined": false
      }
    ],
    "isTemplate": false,
    "count": 0,
    "updated": 0
  },
  {
    "id": "75891272-0bbe-44c0-97a7-46a16c6098e6",
    "data": [
      {
        "text": "bien joué",
        "userDefined": false
      }
    ],
    "isTemplate": false,
    "count": 0,
    "updated": 0
  },
  {
    "id": "e953684c-618a-4322-8e03-cc52b515de0e",
    "data": [
      {
        "text": "cela est bien joué",
        "userDefined": false
      }
    ],
    "isTemplate": false,
    "count": 0,
    "updated": 0
  },
  {
    "id": "c80f8118-88e1-4e98-b8d9-454066b09039",
    "data": [
      {
        "text": "cela est bien fait",
        "userDefined": false
      }
    ],
    "isTemplate": false,
    "count": 0,
    "updated": 0
  },
  {
    "id": "8bc72573-05a2-48b2-acb9-72d302b2e865",
    "data": [
      {
        "text": "c\u0027est bien",
        "meta": "@sys.ignore",
        "userDefined": false
      },
      {
        "text": " joué",
        "userDefined": false
      }
    ],
    "isTemplate": false,
    "count": 0,
    "updated": 0
  },
  {
    "id": "fddf7d7e-d5ed-4e1b-9934-ba5005472648",
    "data": [
      {
        "text": "bien fait",
        "userDefined": false
      }
    ],
    "isTemplate": false,
    "count": 0,
    "updated": 0
  },
  {
    "id": "d779aedd-3eed-43b2-9fc5-2e4932ecd4ce",
    "data": [
      {
        "text": "travail",
        "meta": "@sys.ignore",
        "userDefined": false
      },
      {
        "text": " bien fait",
        "userDefined": false
      }
    ],
    "isTemplate": false,
    "count": 0,
    "updated": 0
  },
  {
    "id": "41beaba7-3319-42e2-9a85-055a2c3a3b08",
    "data": [
      {
        "text": "chapeau",
        "meta": "@sys.ignore",
        "userDefined": false
      }
    ],
    "isTemplate": false,
    "count": 0,
    "updated": 0
  },
  {
    "id": "215f3a09-8c28-499e-bd58-e90acf2b19f2",
    "data": [
      {
        "text": "un",
        "meta": "@sys.ignore",
        "userDefined": false
      },
      {
        "text": " ",
        "userDefined": false
      },
      {
        "text": "grand",
        "meta": "@sys.ignore",
        "userDefined": false
      },
      {
        "text": " ",
        "userDefined": false
      },
      {
        "text": "bravo",
        "meta": "@sys.ignore",
        "userDefined": false
      }
    ],
    "isTemplate": false,
    "count": 0,
    "updated": 0
  }
]