[
  {
    "id": "d36e40d6-a4c1-4b76-8dd3-13deb8a349ab",
    "data": [
      {
        "text": "il faut que tu ",
        "userDefined": false
      },
      {
        "text": "m",
        "meta": "@sys.ignore",
        "userDefined": false
      },
      {
        "text": "\u0027attendes",
        "userDefined": false
      }
    ],
    "isTemplate": false,
    "count": 0,
    "updated": 1508522629
  },
  {
    "id": "434beb49-d458-4dda-b210-d9f7e2ac160d",
    "data": [
      {
        "text": "oh",
        "meta": "@sys.ignore",
        "userDefined": true
      },
      {
        "text": " attends",
        "userDefined": false
      }
    ],
    "isTemplate": false,
    "count": 0,
    "updated": 1508522629
  },
  {
    "id": "37947044-e0bd-4c03-9afc-a5eaf677f95f",
    "data": [
      {
        "text": "peux-tu ",
        "userDefined": false
      },
      {
        "text": "m",
        "meta": "@sys.ignore",
        "userDefined": true
      },
      {
        "text": "\u0027attendre",
        "userDefined": false
      }
    ],
    "isTemplate": false,
    "count": 0,
    "updated": 1508522629
  },
  {
    "id": "2a9630b5-2fd6-418f-93a1-d4741452fc9e",
    "data": [
      {
        "text": "atteeends",
        "userDefined": false
      }
    ],
    "isTemplate": false,
    "count": 0,
    "updated": 1508522629
  },
  {
    "id": "4c223b44-6fe5-497c-bab5-141c75f4852d",
    "data": [
      {
        "text": "attends-moi",
        "userDefined": false
      }
    ],
    "isTemplate": false,
    "count": 0,
    "updated": 1508522629
  },
  {
    "id": "a0ee82e8-976a-4a97-9c89-c0275a34af53",
    "data": [
      {
        "text": "pourrais-tu ",
        "userDefined": false
      },
      {
        "text": "m",
        "meta": "@sys.ignore",
        "userDefined": true
      },
      {
        "text": "\u0027attendre ",
        "userDefined": false
      },
      {
        "text": "un",
        "meta": "@sys.ignore",
        "userDefined": true
      },
      {
        "text": " ",
        "userDefined": false
      },
      {
        "text": "petit",
        "meta": "@sys.ignore",
        "userDefined": true
      },
      {
        "text": " peu",
        "userDefined": false
      }
    ],
    "isTemplate": false,
    "count": 0,
    "updated": 1508522629
  },
  {
    "id": "416ff970-64b7-4f1e-ab4a-9b9b71b99039",
    "data": [
      {
        "text": "s",
        "meta": "@sys.ignore",
        "userDefined": true
      },
      {
        "text": "\u0027",
        "userDefined": false
      },
      {
        "text": "il",
        "meta": "@sys.ignore",
        "userDefined": true
      },
      {
        "text": " te plaît attends-moi",
        "userDefined": false
      }
    ],
    "isTemplate": false,
    "count": 0,
    "updated": 1508522629
  },
  {
    "id": "7439af01-09fc-4a5b-a396-f06c51445935",
    "data": [
      {
        "text": "peux-tu attendre",
        "userDefined": false
      }
    ],
    "isTemplate": false,
    "count": 0,
    "updated": 1508522629
  },
  {
    "id": "03ede547-43ed-4846-aa54-d979e50fe9e8",
    "data": [
      {
        "text": "attends",
        "userDefined": false
      }
    ],
    "isTemplate": false,
    "count": 0,
    "updated": 1508522629
  },
  {
    "id": "cdd2f80a-ace1-4075-b0f5-98a314737f7a",
    "data": [
      {
        "text": "attends ",
        "userDefined": false
      },
      {
        "text": "un",
        "meta": "@sys.ignore",
        "userDefined": true
      },
      {
        "text": " ",
        "userDefined": false
      },
      {
        "text": "petit",
        "meta": "@sys.ignore",
        "userDefined": true
      },
      {
        "text": " peu",
        "userDefined": false
      }
    ],
    "isTemplate": false,
    "count": 0,
    "updated": 1508522629
  },
  {
    "id": "8f5d8bbf-68e2-4758-b8c8-b82a908ac3df",
    "data": [
      {
        "text": "attends ",
        "userDefined": false
      },
      {
        "text": "un",
        "meta": "@sys.ignore",
        "userDefined": true
      },
      {
        "text": " peu",
        "userDefined": false
      }
    ],
    "isTemplate": false,
    "count": 0,
    "updated": 1508522629
  }
]