[
  {
    "id": "324d3b65-7e0b-4a29-b456-5a3b2d23bad2",
    "data": [
      {
        "text": "je suis contente de te voir",
        "userDefined": false
      }
    ],
    "isTemplate": false,
    "count": 0,
    "updated": 1508522628
  },
  {
    "id": "e5870019-934b-4e98-9f00-9e4716c10aa8",
    "data": [
      {
        "text": "je suis heureux de te voir",
        "userDefined": false
      }
    ],
    "isTemplate": false,
    "count": 0,
    "updated": 1508522628
  },
  {
    "id": "ee72e460-6e5f-4c38-a83e-ee8770cf1a5c",
    "data": [
      {
        "text": "je suis content de te voir",
        "userDefined": false
      }
    ],
    "isTemplate": false,
    "count": 0,
    "updated": 1508522628
  },
  {
    "id": "c616d1ea-2472-4968-b7ab-c2d68c41cf9f",
    "data": [
      {
        "text": "enchanté de te voir",
        "userDefined": false
      }
    ],
    "isTemplate": false,
    "count": 0,
    "updated": 1508522628
  },
  {
    "id": "487ac18a-e99e-4a6c-9a8f-ad906d6ac99b",
    "data": [
      {
        "text": "je suis heureuse de te voir",
        "userDefined": false
      }
    ],
    "isTemplate": false,
    "count": 0,
    "updated": 1508522628
  },
  {
    "id": "c4086e86-2299-49a6-b6e6-1cfbba433c49",
    "data": [
      {
        "text": "c\u0027est un plaisir de te voir",
        "userDefined": false
      }
    ],
    "isTemplate": false,
    "count": 1,
    "updated": 1508522628
  },
  {
    "id": "aaad4f74-5bc6-4e4f-8479-cef950413b4e",
    "data": [
      {
        "text": "ça fait plaisir de te voir",
        "userDefined": false
      }
    ],
    "isTemplate": false,
    "count": 0,
    "updated": 1508522628
  },
  {
    "id": "c61bf82a-a839-4b9c-b86c-a2f73023fdd7",
    "data": [
      {
        "text": "ça me fait plaisir de te voir",
        "userDefined": false
      }
    ],
    "isTemplate": false,
    "count": 0,
    "updated": 1508522628
  },
  {
    "id": "e5d460f2-bd5a-4aef-9f14-301b6ae1edba",
    "data": [
      {
        "text": "c\u0027est super de te voir",
        "userDefined": false
      }
    ],
    "isTemplate": false,
    "count": 0,
    "updated": 1508522628
  },
  {
    "id": "4a399ae5-9481-4c79-aed8-c561b0f342e9",
    "data": [
      {
        "text": "je suis content de te revoir",
        "userDefined": false
      }
    ],
    "isTemplate": false,
    "count": 0,
    "updated": 1508522628
  },
  {
    "id": "104111da-3f03-49f4-9e44-273a13347503",
    "data": [
      {
        "text": "content de te revoir",
        "userDefined": false
      }
    ],
    "isTemplate": false,
    "count": 0,
    "updated": 1508522628
  },
  {
    "id": "e09f91b2-8f7f-4451-84cd-ce740745c85e",
    "data": [
      {
        "text": "super de te revoir",
        "userDefined": false
      }
    ],
    "isTemplate": false,
    "count": 0,
    "updated": 1508522628
  },
  {
    "id": "8ca1b4a9-c351-4831-840b-b929f1335772",
    "data": [
      {
        "text": "je suis enchanté de te voir",
        "userDefined": false
      }
    ],
    "isTemplate": false,
    "count": 0,
    "updated": 1508522628
  },
  {
    "id": "fefb2d38-53cc-416c-9998-eb2795301e72",
    "data": [
      {
        "text": "je suis enchantée de voir",
        "userDefined": false
      }
    ],
    "isTemplate": false,
    "count": 0,
    "updated": 1508522628
  },
  {
    "id": "a5966bf2-8fd4-464a-b678-7d188e306570",
    "data": [
      {
        "text": "content de te voir",
        "userDefined": false
      }
    ],
    "isTemplate": false,
    "count": 0,
    "updated": 1508522628
  },
  {
    "id": "331a1e2d-62d5-492b-b4f2-1bfe60ea1bfe",
    "data": [
      {
        "text": "je suis enchantée de te voir",
        "userDefined": false
      }
    ],
    "isTemplate": false,
    "count": 0,
    "updated": 1508522628
  },
  {
    "id": "47262ee3-6432-45ef-8f96-482ef6165d0b",
    "data": [
      {
        "text": "ça fait plaisir de te revoir",
        "userDefined": false
      }
    ],
    "isTemplate": false,
    "count": 0,
    "updated": 1508522628
  },
  {
    "id": "7ac807d5-5a8a-4540-a98f-173294cb22aa",
    "data": [
      {
        "text": "c\u0027est bien de te voir",
        "userDefined": false
      }
    ],
    "isTemplate": false,
    "count": 0,
    "updated": 1508522628
  },
  {
    "id": "7264a896-aade-4dcc-8e7f-4364b6b55737",
    "data": [
      {
        "text": "enchanté de voir",
        "userDefined": false
      }
    ],
    "isTemplate": false,
    "count": 0,
    "updated": 1508522628
  },
  {
    "id": "e0383568-b244-4d8b-985c-81e36ce30c2a",
    "data": [
      {
        "text": "c\u0027est un plaisir de te revoir",
        "userDefined": false
      }
    ],
    "isTemplate": false,
    "count": 0,
    "updated": 1508522628
  },
  {
    "id": "a8f3f4fe-f276-47df-8062-9af390e7a6d7",
    "data": [
      {
        "text": "je suis enchanté de voir",
        "userDefined": false
      }
    ],
    "isTemplate": false,
    "count": 0,
    "updated": 1508522628
  },
  {
    "id": "cc3a0928-b4a1-4be5-b2a4-9723b4552777",
    "data": [
      {
        "text": "enchantée de te voir",
        "userDefined": false
      }
    ],
    "isTemplate": false,
    "count": 0,
    "updated": 1508522628
  },
  {
    "id": "8bad6be5-b2d9-4ae4-bd9d-c958683a747f",
    "data": [
      {
        "text": "ça me fait plaisir de te revoir",
        "userDefined": false
      }
    ],
    "isTemplate": false,
    "count": 0,
    "updated": 1508522628
  },
  {
    "id": "34bfacc3-a989-4340-90ba-6aa4e59d5a63",
    "data": [
      {
        "text": "c\u0027est un plaisir de revoir",
        "userDefined": false
      }
    ],
    "isTemplate": false,
    "count": 0,
    "updated": 1508522628
  },
  {
    "id": "19dae8b4-f70c-4b0b-be9d-2800a14e8366",
    "data": [
      {
        "text": "enchantée de voir",
        "userDefined": false
      }
    ],
    "isTemplate": false,
    "count": 0,
    "updated": 1508522628
  },
  {
    "id": "1acdcbee-03ca-4b08-bce4-f3db58db9a71",
    "data": [
      {
        "text": "je suis enchantée de revoir",
        "userDefined": false
      }
    ],
    "isTemplate": false,
    "count": 0,
    "updated": 1508522628
  },
  {
    "id": "1c71d01f-46b1-43b5-aa7e-906db37e25dc",
    "data": [
      {
        "text": "je suis contente de te revoir",
        "userDefined": false
      }
    ],
    "isTemplate": false,
    "count": 0,
    "updated": 1508522628
  },
  {
    "id": "0557cddd-fb62-4441-8fa4-b971fbba60e0",
    "data": [
      {
        "text": "enchanté de revoir",
        "userDefined": false
      }
    ],
    "isTemplate": false,
    "count": 0,
    "updated": 1508522628
  },
  {
    "id": "6c17103e-d303-4f12-8f66-3aded13a24c7",
    "data": [
      {
        "text": "je suis enchanté de te revoir",
        "userDefined": false
      }
    ],
    "isTemplate": false,
    "count": 0,
    "updated": 1508522628
  },
  {
    "id": "e0679f99-ab3f-4ef5-82df-322c8ab53112",
    "data": [
      {
        "text": "je suis heureux de te revoir",
        "userDefined": false
      }
    ],
    "isTemplate": false,
    "count": 0,
    "updated": 1508522628
  },
  {
    "id": "bbb7a5da-a9de-455d-9566-4e8c2d5f913b",
    "data": [
      {
        "text": "enchantée de te revoir",
        "userDefined": false
      }
    ],
    "isTemplate": false,
    "count": 0,
    "updated": 1508522628
  },
  {
    "id": "b959de07-b864-4c5a-9ba5-7cac63b4e0e0",
    "data": [
      {
        "text": "je suis enchantée de te revoir",
        "userDefined": false
      }
    ],
    "isTemplate": false,
    "count": 0,
    "updated": 1508522628
  },
  {
    "id": "ea98827f-2186-4f2f-9680-f6062b3aad1c",
    "data": [
      {
        "text": "c\u0027est bien de te revoir",
        "userDefined": false
      }
    ],
    "isTemplate": false,
    "count": 0,
    "updated": 1508522628
  },
  {
    "id": "a80a443b-55f1-4f45-b0fe-9945d03a8756",
    "data": [
      {
        "text": "je suis heureuse de te revoir",
        "userDefined": false
      }
    ],
    "isTemplate": false,
    "count": 0,
    "updated": 1508522628
  },
  {
    "id": "81df7d1c-5ef0-489d-a616-ca636eef6614",
    "data": [
      {
        "text": "je suis enchanté de revoir",
        "userDefined": false
      }
    ],
    "isTemplate": false,
    "count": 0,
    "updated": 1508522628
  },
  {
    "id": "aad8b813-b967-42ee-a90c-50480c6316b2",
    "data": [
      {
        "text": "enchanté de te revoir",
        "userDefined": false
      }
    ],
    "isTemplate": false,
    "count": 0,
    "updated": 1508522628
  },
  {
    "id": "d8c2e1c8-751b-4572-bc00-2fa7760cbd70",
    "data": [
      {
        "text": "c\u0027est super de te revoir",
        "userDefined": false
      }
    ],
    "isTemplate": false,
    "count": 0,
    "updated": 1508522628
  },
  {
    "id": "11d1fc64-a374-45a7-a83a-111d5217ecea",
    "data": [
      {
        "text": "enchantée de revoir",
        "userDefined": false
      }
    ],
    "isTemplate": false,
    "count": 0,
    "updated": 1508522628
  }
]