[
  {
    "id": "562f3720-03dc-4c5b-bd60-f172c7ad6ee8",
    "data": [
      {
        "text": "je",
        "meta": "@sys.ignore",
        "userDefined": true
      },
      {
        "text": " ",
        "userDefined": false
      },
      {
        "text": "me",
        "meta": "@sys.ignore",
        "userDefined": true
      },
      {
        "text": " ",
        "userDefined": false
      },
      {
        "text": "sens",
        "meta": "@sys.ignore",
        "userDefined": true
      },
      {
        "text": " trop triste",
        "userDefined": false
      }
    ],
    "isTemplate": false,
    "count": 0,
    "updated": 1508522627
  },
  {
    "id": "48da8e9e-ab50-444b-8c2a-44d2c9b660d9",
    "data": [
      {
        "text": "je",
        "meta": "@sys.ignore",
        "userDefined": true
      },
      {
        "text": " suis très triste",
        "userDefined": false
      }
    ],
    "isTemplate": false,
    "count": 0,
    "updated": 1508522627
  },
  {
    "id": "035e01b2-4a9c-4a59-9156-43923f3c0c7a",
    "data": [
      {
        "text": "ça me donne envie de pleurer",
        "userDefined": false
      }
    ],
    "isTemplate": false,
    "count": 0,
    "updated": 1508522627
  },
  {
    "id": "e6f45c4c-e007-4fe6-b128-56c6012e126f",
    "data": [
      {
        "text": "j\u0027ai envie de pleurer",
        "userDefined": false
      }
    ],
    "isTemplate": false,
    "count": 0,
    "updated": 1508522627
  },
  {
    "id": "4f46bb53-94d1-493f-87c7-ee7c24510376",
    "data": [
      {
        "text": "je suis triste",
        "userDefined": false
      }
    ],
    "isTemplate": false,
    "count": 0,
    "updated": 1508522627
  },
  {
    "id": "d7110163-fa46-4895-aa4f-0c529594e082",
    "data": [
      {
        "text": "je suis de l\u0027humeur triste",
        "userDefined": false
      }
    ],
    "isTemplate": false,
    "count": 0,
    "updated": 1508522627
  },
  {
    "id": "97a48cf8-87b9-4c3d-aea9-554a1c669fc1",
    "data": [
      {
        "text": "je suis tout triste",
        "userDefined": false
      }
    ],
    "isTemplate": false,
    "count": 0,
    "updated": 1508522627
  },
  {
    "id": "d6dbad9e-ad57-40c3-8c01-310854584f33",
    "data": [
      {
        "text": "je me sens triste",
        "userDefined": false
      }
    ],
    "isTemplate": false,
    "count": 0,
    "updated": 1508522627
  },
  {
    "id": "fa25d4a2-cb67-4b8f-9263-cae831581c93",
    "data": [
      {
        "text": "c\u0027est trop triste",
        "userDefined": false
      }
    ],
    "isTemplate": false,
    "count": 0,
    "updated": 1508522627
  },
  {
    "id": "cad75285-aff0-42de-bd3d-b757024ec8bb",
    "data": [
      {
        "text": "je",
        "meta": "@sys.ignore",
        "userDefined": true
      },
      {
        "text": " ",
        "userDefined": false
      },
      {
        "text": "me",
        "meta": "@sys.ignore",
        "userDefined": true
      },
      {
        "text": " ",
        "userDefined": false
      },
      {
        "text": "sens",
        "meta": "@sys.ignore",
        "userDefined": true
      },
      {
        "text": " très triste",
        "userDefined": false
      }
    ],
    "isTemplate": false,
    "count": 0,
    "updated": 1508522627
  },
  {
    "id": "87184ac0-2ba4-45e7-a9b0-6cc76ef81174",
    "data": [
      {
        "text": "je",
        "meta": "@sys.ignore",
        "userDefined": true
      },
      {
        "text": " suis trop triste",
        "userDefined": false
      }
    ],
    "isTemplate": false,
    "count": 0,
    "updated": 1508522627
  }
]