[
  {
    "id": "25acea97-e75e-4b71-97bd-ca1410346125",
    "data": [
      {
        "text": "c\u0027est un plaisir de te parler",
        "userDefined": false
      }
    ],
    "isTemplate": false,
    "count": 0,
    "updated": 1508522626
  },
  {
    "id": "9f7954b8-076e-4d53-9346-14621463eb43",
    "data": [
      {
        "text": "super de te parler de nouveau",
        "userDefined": false
      }
    ],
    "isTemplate": false,
    "count": 0,
    "updated": 1508522626
  },
  {
    "id": "493077d0-bc73-48fa-ae19-09e8f192aad0",
    "data": [
      {
        "text": "ça fait plaisir de te parler",
        "userDefined": false
      }
    ],
    "isTemplate": false,
    "count": 0,
    "updated": 1508522626
  },
  {
    "id": "cc9963dc-8a52-44aa-9d84-884335d00f74",
    "data": [
      {
        "text": "content de te parler",
        "userDefined": false
      }
    ],
    "isTemplate": false,
    "count": 0,
    "updated": 1508522626
  },
  {
    "id": "6f7855b0-68aa-48a7-9936-cfa14ebf6b70",
    "data": [
      {
        "text": "je suis enchantée de te parler",
        "userDefined": false
      }
    ],
    "isTemplate": false,
    "count": 0,
    "updated": 1508522626
  },
  {
    "id": "919c1697-4c87-4b1c-a60c-29adc786e216",
    "data": [
      {
        "text": "c\u0027est un plaisir de parler",
        "userDefined": false
      }
    ],
    "isTemplate": false,
    "count": 0,
    "updated": 1508522626
  },
  {
    "id": "257cce66-7bf7-4a27-8130-3b3ede7ae63f",
    "data": [
      {
        "text": "je suis heureux de te parler",
        "userDefined": false
      }
    ],
    "isTemplate": false,
    "count": 0,
    "updated": 1508522626
  },
  {
    "id": "2aa211e1-c34f-4c75-b919-585d93107017",
    "data": [
      {
        "text": "c\u0027est super de te parler",
        "userDefined": false
      }
    ],
    "isTemplate": false,
    "count": 0,
    "updated": 1508522626
  },
  {
    "id": "6767c126-d145-48e0-b80d-1e93e512decd",
    "data": [
      {
        "text": "je suis enchanté de te parler",
        "userDefined": false
      }
    ],
    "isTemplate": false,
    "count": 0,
    "updated": 1508522626
  },
  {
    "id": "d9a4c2ea-5f09-4e78-afc4-7c38b58b96ac",
    "data": [
      {
        "text": "je suis content de te parler",
        "userDefined": false
      }
    ],
    "isTemplate": false,
    "count": 0,
    "updated": 1508522626
  },
  {
    "id": "c3ded2d6-58dd-4cbc-a8e6-aea6eb0e56c8",
    "data": [
      {
        "text": "ça me fait plaisir de te parler",
        "userDefined": false
      }
    ],
    "isTemplate": false,
    "count": 0,
    "updated": 1508522626
  },
  {
    "id": "22dffd65-5f87-4606-af09-57999dde09ce",
    "data": [
      {
        "text": "je suis heureuse de te parler",
        "userDefined": false
      }
    ],
    "isTemplate": false,
    "count": 0,
    "updated": 1508522626
  },
  {
    "id": "29a5bf99-e0d3-4c82-81e1-5b5ecd7a8d34",
    "data": [
      {
        "text": "c\u0027est bien de te parler",
        "userDefined": false
      }
    ],
    "isTemplate": false,
    "count": 0,
    "updated": 1508522626
  },
  {
    "id": "44a45e8b-e669-4a73-a412-b76843920fcf",
    "data": [
      {
        "text": "je suis contente de te parler",
        "userDefined": false
      }
    ],
    "isTemplate": false,
    "count": 0,
    "updated": 1508522626
  },
  {
    "id": "dd940191-291b-41e4-bf72-5f3445b7b6af",
    "data": [
      {
        "text": "je suis enchantée de parler",
        "userDefined": false
      }
    ],
    "isTemplate": false,
    "count": 0,
    "updated": 1508522626
  },
  {
    "id": "8a164310-7e65-4082-826c-9570f19c5d4e",
    "data": [
      {
        "text": "enchantée de parler",
        "userDefined": false
      }
    ],
    "isTemplate": false,
    "count": 0,
    "updated": 1508522626
  },
  {
    "id": "fcbdfa1b-b9fb-4776-a429-153e2b56b990",
    "data": [
      {
        "text": "je suis enchanté de parler",
        "userDefined": false
      }
    ],
    "isTemplate": false,
    "count": 0,
    "updated": 1508522626
  },
  {
    "id": "05fdb1d8-06de-46c9-85bc-cda1171a48ef",
    "data": [
      {
        "text": "enchanté de te parler",
        "userDefined": false
      }
    ],
    "isTemplate": false,
    "count": 0,
    "updated": 1508522626
  },
  {
    "id": "b761a211-05ca-403d-bd1b-b06d73675240",
    "data": [
      {
        "text": "enchantée de te parler",
        "userDefined": false
      }
    ],
    "isTemplate": false,
    "count": 0,
    "updated": 1508522626
  },
  {
    "id": "e11f6ed8-4c57-4718-9110-d548b3c40f0f",
    "data": [
      {
        "text": "enchanté de parler",
        "userDefined": false
      }
    ],
    "isTemplate": false,
    "count": 0,
    "updated": 1508522626
  },
  {
    "id": "0e640d4d-69a3-4f3b-9032-5db90a7ecbb0",
    "data": [
      {
        "text": "c\u0027est un plaisir de te reparler",
        "userDefined": false
      }
    ],
    "isTemplate": false,
    "count": 0,
    "updated": 1508522626
  },
  {
    "id": "a0ee0fad-54bc-42aa-9ae9-951e960a7d54",
    "data": [
      {
        "text": "ça me fait plaisir de te reparler",
        "userDefined": false
      }
    ],
    "isTemplate": false,
    "count": 0,
    "updated": 1508522626
  },
  {
    "id": "cf270282-ee7c-4fb1-af3f-dce84c94b738",
    "data": [
      {
        "text": "ça fait plaisir de te reparler",
        "userDefined": false
      }
    ],
    "isTemplate": false,
    "count": 0,
    "updated": 1508522626
  },
  {
    "id": "d9ddbec5-97b3-459f-a50c-6b17da89b4d2",
    "data": [
      {
        "text": "je suis enchanté de te reparler",
        "userDefined": false
      }
    ],
    "isTemplate": false,
    "count": 0,
    "updated": 1508522626
  },
  {
    "id": "39767393-060e-42d9-9096-3d0ddb14c9ae",
    "data": [
      {
        "text": "je suis heureux de te reparler",
        "userDefined": false
      }
    ],
    "isTemplate": false,
    "count": 0,
    "updated": 1508522626
  },
  {
    "id": "eb9a7f86-a2cb-480a-b5c4-c010b0f4000c",
    "data": [
      {
        "text": "je suis content de te reparler",
        "userDefined": false
      }
    ],
    "isTemplate": false,
    "count": 0,
    "updated": 1508522626
  },
  {
    "id": "2587db71-9f10-4caf-a1b5-56722baefe65",
    "data": [
      {
        "text": "enchanté de reparler",
        "userDefined": false
      }
    ],
    "isTemplate": false,
    "count": 0,
    "updated": 1508522626
  },
  {
    "id": "b7b68223-aebc-4b80-8cb8-79f454340505",
    "data": [
      {
        "text": "je suis enchanté de reparler",
        "userDefined": false
      }
    ],
    "isTemplate": false,
    "count": 0,
    "updated": 1508522626
  },
  {
    "id": "d774ca88-8f2d-4bca-9891-8227b31d4f9a",
    "data": [
      {
        "text": "c\u0027est un plaisir de reparler",
        "userDefined": false
      }
    ],
    "isTemplate": false,
    "count": 0,
    "updated": 1508522626
  },
  {
    "id": "a6b117c8-d65b-4bc4-b95e-e74c8c82bc85",
    "data": [
      {
        "text": "c\u0027est super de te reparler",
        "userDefined": false
      }
    ],
    "isTemplate": false,
    "count": 0,
    "updated": 1508522626
  },
  {
    "id": "4d5c3212-c787-41cd-b06d-ec05b5a389f0",
    "data": [
      {
        "text": "je suis heureuse de te reparler",
        "userDefined": false
      }
    ],
    "isTemplate": false,
    "count": 0,
    "updated": 1508522626
  },
  {
    "id": "6f020dc9-77e9-4174-a4d2-c58b48a46536",
    "data": [
      {
        "text": "content de te reparler",
        "userDefined": false
      }
    ],
    "isTemplate": false,
    "count": 0,
    "updated": 1508522626
  },
  {
    "id": "143f9bf4-a654-40a4-be99-f1d6ff92e0b4",
    "data": [
      {
        "text": "enchantée de te reparler",
        "userDefined": false
      }
    ],
    "isTemplate": false,
    "count": 0,
    "updated": 1508522626
  },
  {
    "id": "cd0f3676-7a71-4ff4-a4a7-d668c0a28035",
    "data": [
      {
        "text": "je suis contente de te reparler",
        "userDefined": false
      }
    ],
    "isTemplate": false,
    "count": 0,
    "updated": 1508522626
  },
  {
    "id": "8d385777-1bd8-43bb-9b71-e8b9435bda64",
    "data": [
      {
        "text": "je suis enchantée de te reparler",
        "userDefined": false
      }
    ],
    "isTemplate": false,
    "count": 0,
    "updated": 1508522626
  },
  {
    "id": "638e96d8-97b1-4b26-abcf-6c6176d06baa",
    "data": [
      {
        "text": "c\u0027est bien de te reparler",
        "userDefined": false
      }
    ],
    "isTemplate": false,
    "count": 0,
    "updated": 1508522626
  },
  {
    "id": "b3651635-dfc2-4a2f-942d-4058f81f0cc0",
    "data": [
      {
        "text": "je suis enchantée de reparler",
        "userDefined": false
      }
    ],
    "isTemplate": false,
    "count": 0,
    "updated": 1508522626
  },
  {
    "id": "9ed499be-95a8-4216-8873-9b561f61f0ab",
    "data": [
      {
        "text": "enchanté de te reparler",
        "userDefined": false
      }
    ],
    "isTemplate": false,
    "count": 0,
    "updated": 1508522626
  },
  {
    "id": "afcf36f4-4137-4901-836a-091cf33937f9",
    "data": [
      {
        "text": "enchantée de reparler",
        "userDefined": false
      }
    ],
    "isTemplate": false,
    "count": 0,
    "updated": 1508522626
  }
]