[
  {
    "id": "1398f184-369b-46eb-9444-925dc03515dd",
    "data": [
      {
        "text": "annuler",
        "userDefined": false
      }
    ],
    "isTemplate": false,
    "count": 1,
    "updated": 1508522627
  },
  {
    "id": "64014234-ca79-4d96-8461-26d34ab5eed2",
    "data": [
      {
        "text": "refuser",
        "userDefined": false
      }
    ],
    "isTemplate": false,
    "count": 0,
    "updated": 1508522627
  },
  {
    "id": "dfb81c11-7c74-4798-a8ac-0681bf4756ae",
    "data": [
      {
        "text": "refuse",
        "userDefined": false
      }
    ],
    "isTemplate": false,
    "count": 0,
    "updated": 1508522627
  },
  {
    "id": "77d00869-f38c-43be-88fb-38a7b965d124",
    "data": [
      {
        "text": "plus tard",
        "userDefined": false
      }
    ],
    "isTemplate": false,
    "count": 0,
    "updated": 1508522627
  },
  {
    "id": "9c76fccc-6443-4739-92ec-08897bb88ae9",
    "data": [
      {
        "text": "arrêté",
        "userDefined": false
      }
    ],
    "isTemplate": false,
    "count": 0,
    "updated": 1508522627
  },
  {
    "id": "2fb096c2-0216-4a74-9138-5874ea034b94",
    "data": [
      {
        "text": "stoppe",
        "userDefined": false
      }
    ],
    "isTemplate": false,
    "count": 0,
    "updated": 1508522627
  },
  {
    "id": "b4bfe817-c843-4d7f-a464-6f2a60436259",
    "data": [
      {
        "text": "annuler tout ça",
        "userDefined": false
      }
    ],
    "isTemplate": false,
    "count": 0,
    "updated": 1508522627
  },
  {
    "id": "3fff8b06-5082-4197-b1da-6cd29e4ee0d2",
    "data": [
      {
        "text": "arrête",
        "userDefined": false
      }
    ],
    "isTemplate": false,
    "count": 0,
    "updated": 1508522627
  },
  {
    "id": "bf5c1f17-10b6-43b9-93ca-c5ee18428923",
    "data": [
      {
        "text": "abandonner",
        "userDefined": false
      }
    ],
    "isTemplate": false,
    "count": 0,
    "updated": 1508522627
  },
  {
    "id": "8bad4faa-2f66-45fa-adf0-665f2d31549c",
    "data": [
      {
        "text": "stopper",
        "userDefined": false
      }
    ],
    "isTemplate": false,
    "count": 0,
    "updated": 1508522627
  },
  {
    "id": "f7d62bf5-1650-4e91-a500-6e6b97ced759",
    "data": [
      {
        "text": "annule-le",
        "userDefined": false
      }
    ],
    "isTemplate": false,
    "count": 0,
    "updated": 1508522627
  },
  {
    "id": "c558e347-6814-446d-8d8d-b09211b332d6",
    "data": [
      {
        "text": "quitte",
        "userDefined": false
      }
    ],
    "isTemplate": false,
    "count": 0,
    "updated": 1508522627
  },
  {
    "id": "3b13cc9c-bac7-452d-9470-3bba4af148ab",
    "data": [
      {
        "text": "annuler tout cela",
        "userDefined": false
      }
    ],
    "isTemplate": false,
    "count": 0,
    "updated": 1508522627
  },
  {
    "id": "33f4ba35-425d-4eb5-9619-2e57d0e39be8",
    "data": [
      {
        "text": "laisser tomber",
        "userDefined": false
      }
    ],
    "isTemplate": false,
    "count": 0,
    "updated": 1508522627
  },
  {
    "id": "69094036-f584-490a-b947-0ae00895313d",
    "data": [
      {
        "text": "arrêter",
        "userDefined": false
      }
    ],
    "isTemplate": false,
    "count": 0,
    "updated": 1508522627
  },
  {
    "id": "9b98c5e3-19fa-4333-ac40-4dcae0522e8b",
    "data": [
      {
        "text": "annule",
        "userDefined": false
      }
    ],
    "isTemplate": false,
    "count": 0,
    "updated": 1508522627
  },
  {
    "id": "dd76c70f-8807-42a8-949b-83434350cc29",
    "data": [
      {
        "text": "peux-tu annuler",
        "userDefined": false
      }
    ],
    "isTemplate": false,
    "count": 0,
    "updated": 1508522627
  },
  {
    "id": "439bab1f-5f8a-43a7-a21f-39c9f443d2b1",
    "data": [
      {
        "text": "stop",
        "userDefined": false
      }
    ],
    "isTemplate": false,
    "count": 0,
    "updated": 1508522627
  },
  {
    "id": "d4f0b935-479f-49c9-8c0c-1e6a845dd555",
    "data": [
      {
        "text": "cancel",
        "userDefined": false
      }
    ],
    "isTemplate": false,
    "count": 0,
    "updated": 1508522627
  },
  {
    "id": "ae7ac742-1f4f-412a-8d0b-a961f5e4a95e",
    "data": [
      {
        "text": "laisse tomber",
        "userDefined": false
      }
    ],
    "isTemplate": false,
    "count": 0,
    "updated": 1508522627
  },
  {
    "id": "2e414e4f-413e-4d6c-90ad-feb3f0fcbf18",
    "data": [
      {
        "text": "abandonne",
        "userDefined": false
      }
    ],
    "isTemplate": false,
    "count": 0,
    "updated": 1508522627
  },
  {
    "id": "7005f4d5-99e9-4ed8-9c42-7e7588051c26",
    "data": [
      {
        "text": "annuler tout",
        "userDefined": false
      }
    ],
    "isTemplate": false,
    "count": 0,
    "updated": 1508522627
  },
  {
    "id": "058a9f5e-51bc-4099-b12e-ff5a05eb70aa",
    "data": [
      {
        "text": "omettre",
        "userDefined": false
      }
    ],
    "isTemplate": false,
    "count": 0,
    "updated": 1508522627
  },
  {
    "id": "f383b5ca-e4b2-4667-a325-bf0817c5a0e6",
    "data": [
      {
        "text": "interrompre",
        "userDefined": false
      }
    ],
    "isTemplate": false,
    "count": 0,
    "updated": 1508522627
  },
  {
    "id": "f2983671-0a06-45a6-b04b-83714e65a632",
    "data": [
      {
        "text": "pas maintenant",
        "userDefined": false
      }
    ],
    "isTemplate": false,
    "count": 0,
    "updated": 1508522627
  },
  {
    "id": "51ccc019-ef6b-49b1-b703-f58d40f3b31d",
    "data": [
      {
        "text": "quitter",
        "userDefined": false
      }
    ],
    "isTemplate": false,
    "count": 0,
    "updated": 1508522627
  },
  {
    "id": "bb82ce43-0abf-4f88-a09f-56ac0f2328aa",
    "data": [
      {
        "text": "arrête-le",
        "userDefined": false
      }
    ],
    "isTemplate": false,
    "count": 1,
    "updated": 1508522627
  }
]