[
  {
    "id": "283118e6-8e42-42e0-86c3-1e11bd4e76cc",
    "data": [
      {
        "text": "ça fait plaisir de te parler",
        "userDefined": false
      }
    ],
    "isTemplate": false,
    "count": 0,
    "updated": 0
  },
  {
    "id": "a431b326-6b5c-4c55-819a-4676488c7262",
    "data": [
      {
        "text": "c\u0027est super de te parler",
        "userDefined": false
      }
    ],
    "isTemplate": false,
    "count": 0,
    "updated": 0
  },
  {
    "id": "de94f585-88c4-4462-a6e0-3b83b1730a81",
    "data": [
      {
        "text": "ça me fait plaisir de te parler",
        "userDefined": false
      }
    ],
    "isTemplate": false,
    "count": 0,
    "updated": 0
  },
  {
    "id": "a7b180d0-e9fa-462e-8d9a-ad210c4cedfc",
    "data": [
      {
        "text": "content de te parler",
        "userDefined": false
      }
    ],
    "isTemplate": false,
    "count": 0,
    "updated": 0
  },
  {
    "id": "f0b54567-0e16-4449-b459-bcfb47cfb41e",
    "data": [
      {
        "text": "c\u0027est un plaisir de parler",
        "userDefined": false
      }
    ],
    "isTemplate": false,
    "count": 0,
    "updated": 0
  },
  {
    "id": "5ed1ff1a-82e8-48c9-b32d-b03aaaf9af40",
    "data": [
      {
        "text": "je suis enchanté de te parler",
        "userDefined": false
      }
    ],
    "isTemplate": false,
    "count": 0,
    "updated": 0
  },
  {
    "id": "04b8b594-85cc-49dc-904d-5739d7c5231b",
    "data": [
      {
        "text": "je suis content de te parler",
        "userDefined": false
      }
    ],
    "isTemplate": false,
    "count": 0,
    "updated": 0
  },
  {
    "id": "eaa00e64-fdb7-479d-a3a0-03aafa88a64c",
    "data": [
      {
        "text": "je suis enchantée de te parler",
        "userDefined": false
      }
    ],
    "isTemplate": false,
    "count": 0,
    "updated": 0
  },
  {
    "id": "9f8f3846-0380-4b1f-a9b6-5ad039993174",
    "data": [
      {
        "text": "je suis enchantée de parler",
        "userDefined": false
      }
    ],
    "isTemplate": false,
    "count": 0,
    "updated": 0
  },
  {
    "id": "966785d9-483f-4b4e-ae79-95bfa76cd217",
    "data": [
      {
        "text": "c\u0027est bien de te parler",
        "userDefined": false
      }
    ],
    "isTemplate": false,
    "count": 0,
    "updated": 0
  },
  {
    "id": "8613117c-8398-4862-9d9c-e3dd5e7db384",
    "data": [
      {
        "text": "je suis enchanté de parler",
        "userDefined": false
      }
    ],
    "isTemplate": false,
    "count": 0,
    "updated": 0
  },
  {
    "id": "d93fd40b-fe0f-4058-8f53-ed1109c1b226",
    "data": [
      {
        "text": "je suis heureux de te parler",
        "userDefined": false
      }
    ],
    "isTemplate": false,
    "count": 0,
    "updated": 0
  },
  {
    "id": "6a3ed34d-828b-4d69-b044-4cc2c3b944ed",
    "data": [
      {
        "text": "enchanté de te parler",
        "userDefined": false
      }
    ],
    "isTemplate": false,
    "count": 0,
    "updated": 0
  },
  {
    "id": "6b23915f-7a93-4ae1-bd44-584456e09895",
    "data": [
      {
        "text": "je suis contente de te parler",
        "userDefined": false
      }
    ],
    "isTemplate": false,
    "count": 0,
    "updated": 0
  },
  {
    "id": "9661e39e-00d7-460a-b061-7563813adedb",
    "data": [
      {
        "text": "super de te parler de nouveau",
        "userDefined": false
      }
    ],
    "isTemplate": false,
    "count": 0,
    "updated": 0
  },
  {
    "id": "11609b65-4a2e-4843-beb4-6ee6d4c55ab2",
    "data": [
      {
        "text": "c\u0027est un plaisir de te parler",
        "userDefined": false
      }
    ],
    "isTemplate": false,
    "count": 0,
    "updated": 0
  },
  {
    "id": "4e57aa79-3308-4f47-9b24-5dd7ccf02c7d",
    "data": [
      {
        "text": "je suis heureuse de te parler",
        "userDefined": false
      }
    ],
    "isTemplate": false,
    "count": 0,
    "updated": 0
  },
  {
    "id": "43d04fda-81b6-43a2-83b6-856756b2a267",
    "data": [
      {
        "text": "enchantée de te parler",
        "userDefined": false
      }
    ],
    "isTemplate": false,
    "count": 0,
    "updated": 0
  },
  {
    "id": "e6c61257-47ca-4225-8156-7d3d392b9599",
    "data": [
      {
        "text": "enchanté de parler",
        "userDefined": false
      }
    ],
    "isTemplate": false,
    "count": 0,
    "updated": 0
  },
  {
    "id": "c9cc8a4d-3802-4107-9474-4ab56734f72c",
    "data": [
      {
        "text": "enchantée de parler",
        "userDefined": false
      }
    ],
    "isTemplate": false,
    "count": 0,
    "updated": 0
  },
  {
    "id": "282b032c-b28e-488c-bd78-bf1b141fa50d",
    "data": [
      {
        "text": "c\u0027est un plaisir de te reparler",
        "userDefined": false
      }
    ],
    "isTemplate": false,
    "count": 0,
    "updated": 0
  },
  {
    "id": "1276ffd5-dd72-4a2d-bf3c-f2153e075da3",
    "data": [
      {
        "text": "ça me fait plaisir de te reparler",
        "userDefined": false
      }
    ],
    "isTemplate": false,
    "count": 0,
    "updated": 0
  },
  {
    "id": "1ad9b466-0823-4893-8eda-371fc600fca5",
    "data": [
      {
        "text": "ça fait plaisir de te reparler",
        "userDefined": false
      }
    ],
    "isTemplate": false,
    "count": 0,
    "updated": 0
  },
  {
    "id": "6b60b177-3ddc-401b-b24a-182875590fbc",
    "data": [
      {
        "text": "enchantée de te reparler",
        "userDefined": false
      }
    ],
    "isTemplate": false,
    "count": 0,
    "updated": 0
  },
  {
    "id": "7ff7d7b6-7a32-4d93-8f5e-a96c420bd1c4",
    "data": [
      {
        "text": "je suis heureuse de te reparler",
        "userDefined": false
      }
    ],
    "isTemplate": false,
    "count": 0,
    "updated": 0
  },
  {
    "id": "66fa2e37-7e0a-4442-8eb8-b64f9686e657",
    "data": [
      {
        "text": "je suis enchanté de te reparler",
        "userDefined": false
      }
    ],
    "isTemplate": false,
    "count": 0,
    "updated": 0
  },
  {
    "id": "456a3cb6-6729-41e7-b6a6-442de570b388",
    "data": [
      {
        "text": "content de te reparler",
        "userDefined": false
      }
    ],
    "isTemplate": false,
    "count": 0,
    "updated": 0
  },
  {
    "id": "7d9858b9-1a08-459b-b9e2-8c475eaee16e",
    "data": [
      {
        "text": "je suis contente de te reparler",
        "userDefined": false
      }
    ],
    "isTemplate": false,
    "count": 0,
    "updated": 0
  },
  {
    "id": "63df7448-79ef-406c-abd6-91e9c466e9f2",
    "data": [
      {
        "text": "c\u0027est super de te reparler",
        "userDefined": false
      }
    ],
    "isTemplate": false,
    "count": 0,
    "updated": 0
  },
  {
    "id": "145a53fc-78c6-4aff-aff5-e063df333639",
    "data": [
      {
        "text": "enchanté de te reparler",
        "userDefined": false
      }
    ],
    "isTemplate": false,
    "count": 0,
    "updated": 0
  },
  {
    "id": "db1ee0cf-77ce-4e7d-b71c-796ac311cd17",
    "data": [
      {
        "text": "enchanté de reparler",
        "userDefined": false
      }
    ],
    "isTemplate": false,
    "count": 0,
    "updated": 0
  },
  {
    "id": "35427dae-0388-422b-9be8-b9521a0febee",
    "data": [
      {
        "text": "je suis content de te reparler",
        "userDefined": false
      }
    ],
    "isTemplate": false,
    "count": 0,
    "updated": 0
  },
  {
    "id": "6679f829-8096-448e-8dbb-38692cbda712",
    "data": [
      {
        "text": "je suis enchanté de reparler",
        "userDefined": false
      }
    ],
    "isTemplate": false,
    "count": 0,
    "updated": 0
  },
  {
    "id": "30feaee7-fbea-4655-87b0-943084f4aaf7",
    "data": [
      {
        "text": "c\u0027est bien de te reparler",
        "userDefined": false
      }
    ],
    "isTemplate": false,
    "count": 0,
    "updated": 0
  },
  {
    "id": "50cb7165-11bf-49a1-b773-ed8230a45716",
    "data": [
      {
        "text": "c\u0027est un plaisir de reparler",
        "userDefined": false
      }
    ],
    "isTemplate": false,
    "count": 0,
    "updated": 0
  },
  {
    "id": "904853bd-5547-4225-9710-8457a4cd6442",
    "data": [
      {
        "text": "je suis heureux de te reparler",
        "userDefined": false
      }
    ],
    "isTemplate": false,
    "count": 0,
    "updated": 0
  },
  {
    "id": "a64404d3-f58a-464e-b04f-14df62ae91b9",
    "data": [
      {
        "text": "je suis enchantée de reparler",
        "userDefined": false
      }
    ],
    "isTemplate": false,
    "count": 0,
    "updated": 0
  },
  {
    "id": "b3a6a70f-cd12-4948-ab7c-9f99741f7173",
    "data": [
      {
        "text": "enchantée de reparler",
        "userDefined": false
      }
    ],
    "isTemplate": false,
    "count": 0,
    "updated": 0
  },
  {
    "id": "d4f807f1-be46-4ee1-83d6-fc9d4f14f610",
    "data": [
      {
        "text": "je suis enchantée de te reparler",
        "userDefined": false
      }
    ],
    "isTemplate": false,
    "count": 0,
    "updated": 0
  }
]