[
  {
    "id": "30a07e71-86ce-48d7-aff2-492299ab7c74",
    "data": [
      {
        "text": "beaux rêves à toi",
        "userDefined": false
      }
    ],
    "isTemplate": false,
    "count": 0,
    "updated": 1508522627
  },
  {
    "id": "8cd72c3c-8f6d-4752-8c3d-aaba7b732bb0",
    "data": [
      {
        "text": "passe ",
        "userDefined": false
      },
      {
        "text": "une",
        "meta": "@sys.ignore",
        "userDefined": true
      },
      {
        "text": " ",
        "userDefined": false
      },
      {
        "text": "bonne",
        "meta": "@sys.ignore",
        "userDefined": true
      },
      {
        "text": " nuit",
        "userDefined": false
      }
    ],
    "isTemplate": false,
    "count": 0,
    "updated": 1508522627
  },
  {
    "id": "01102661-e436-47f4-87e0-fc556201b10b",
    "data": [
      {
        "text": "bonne",
        "meta": "@sys.ignore",
        "userDefined": true
      },
      {
        "text": " nuit",
        "userDefined": false
      }
    ],
    "isTemplate": false,
    "count": 1,
    "updated": 1508522627
  },
  {
    "id": "62db7898-ce6d-40a0-9a5f-0d07bfed07b3",
    "data": [
      {
        "text": "dors bien",
        "userDefined": false
      }
    ],
    "isTemplate": false,
    "count": 0,
    "updated": 1508522627
  },
  {
    "id": "1c2c5dba-8d94-44e1-8500-e8896514e160",
    "data": [
      {
        "text": "bonne",
        "meta": "@sys.ignore",
        "userDefined": false
      },
      {
        "text": " nuit toi",
        "userDefined": false
      }
    ],
    "isTemplate": false,
    "count": 0,
    "updated": 1508522627
  },
  {
    "id": "81428d49-d98c-44c2-bf59-5c605b66037e",
    "data": [
      {
        "text": "beaux rêves",
        "userDefined": false
      }
    ],
    "isTemplate": false,
    "count": 0,
    "updated": 1508522627
  },
  {
    "id": "487ab03d-1513-4333-81d1-cd10429cd155",
    "data": [
      {
        "text": "je te souhaite de passer ",
        "userDefined": false
      },
      {
        "text": "une",
        "meta": "@sys.ignore",
        "userDefined": false
      },
      {
        "text": " ",
        "userDefined": false
      },
      {
        "text": "bonne",
        "meta": "@sys.ignore",
        "userDefined": false
      },
      {
        "text": " nuit",
        "userDefined": false
      }
    ],
    "isTemplate": false,
    "count": 0,
    "updated": 1508522627
  },
  {
    "id": "cbe6ccd0-f002-4c32-a553-da7e6030df4a",
    "data": [
      {
        "text": "bonne",
        "meta": "@sys.ignore",
        "userDefined": true
      },
      {
        "text": " nuit à toi",
        "userDefined": false
      }
    ],
    "isTemplate": false,
    "count": 0,
    "updated": 1508522627
  },
  {
    "id": "b46fdd6c-5dcb-44bd-8f89-05be1db29b43",
    "data": [
      {
        "text": "je te souhaite ",
        "userDefined": false
      },
      {
        "text": "une",
        "meta": "@sys.ignore",
        "userDefined": false
      },
      {
        "text": " ",
        "userDefined": false
      },
      {
        "text": "bonne",
        "meta": "@sys.ignore",
        "userDefined": false
      },
      {
        "text": " nuit",
        "userDefined": false
      }
    ],
    "isTemplate": false,
    "count": 0,
    "updated": 1508522627
  },
  {
    "id": "bedb5488-80c5-4968-b959-71d15a602e64",
    "data": [
      {
        "text": "fais des beaux rêves",
        "userDefined": false
      }
    ],
    "isTemplate": false,
    "count": 0,
    "updated": 1508522627
  },
  {
    "id": "2379b6a1-2854-4b7c-a3f6-8ef50009f1b5",
    "data": [
      {
        "text": "fais de beaux rêves",
        "userDefined": false
      }
    ],
    "isTemplate": false,
    "count": 0,
    "updated": 1508522627
  }
]