[
  {
    "id": "f89e9b09-4bac-4437-a84d-76e412c92307",
    "data": [
      {
        "text": "Tu vas bien ?",
        "userDefined": false
      }
    ],
    "isTemplate": false,
    "count": 0,
    "updated": 0
  },
  {
    "id": "1f69c8e0-1dce-4d2d-988b-7cfc531b39a5",
    "data": [
      {
        "text": "Comment tu-vas ?",
        "userDefined": false
      }
    ],
    "isTemplate": false,
    "count": 0,
    "updated": 0
  },
  {
    "id": "ead53590-c1b0-4e9b-ab75-722d40836d35",
    "data": [
      {
        "text": "vous allez bien",
        "userDefined": false
      }
    ],
    "isTemplate": false,
    "count": 0,
    "updated": 0
  },
  {
    "id": "5e94c22f-4adf-477b-a04f-007888118b66",
    "data": [
      {
        "text": "tu vas bien",
        "userDefined": false
      }
    ],
    "isTemplate": false,
    "count": 0,
    "updated": 0
  },
  {
    "id": "f5b41c96-556b-446a-ad58-2be7e078b148",
    "data": [
      {
        "text": "ça va",
        "userDefined": false
      }
    ],
    "isTemplate": false,
    "count": 3,
    "updated": 0
  },
  {
    "id": "457a04e7-ab18-4137-8466-893b591c6d39",
    "data": [
      {
        "text": "comment ça va",
        "userDefined": false
      }
    ],
    "isTemplate": false,
    "count": 1,
    "updated": 0
  },
  {
    "id": "24f84d06-a01d-43f1-b377-52cf3c3abf64",
    "data": [
      {
        "text": "vas tu bien",
        "userDefined": false
      }
    ],
    "isTemplate": false,
    "count": 0,
    "updated": 0
  },
  {
    "id": "e258a16d-5ed4-47bf-ae38-db77c468d3b8",
    "data": [
      {
        "text": "ca va",
        "userDefined": false
      }
    ],
    "isTemplate": false,
    "count": 0,
    "updated": 0
  },
  {
    "id": "18f169a7-2f9c-4212-8a08-fc25456302c3",
    "data": [
      {
        "text": "comment ca baigne",
        "userDefined": false
      }
    ],
    "isTemplate": false,
    "count": 0,
    "updated": 0
  },
  {
    "id": "59c34320-2b74-4ae4-899d-45951734d1d0",
    "data": [
      {
        "text": "comment vous portez vous",
        "userDefined": false
      }
    ],
    "isTemplate": false,
    "count": 0,
    "updated": 0
  },
  {
    "id": "067e0356-bfc3-4a2c-8dd0-0ae486425a0d",
    "data": [
      {
        "text": "comment ça roule",
        "userDefined": false
      }
    ],
    "isTemplate": false,
    "count": 0,
    "updated": 0
  },
  {
    "id": "728b1074-28a0-4473-b733-6815db65376b",
    "data": [
      {
        "text": "sa roule",
        "userDefined": false
      }
    ],
    "isTemplate": false,
    "count": 0,
    "updated": 0
  },
  {
    "id": "3e0d03d2-fcc3-4ba4-a1b7-24962cfaa1b2",
    "data": [
      {
        "text": "allez-vous bien",
        "userDefined": false
      }
    ],
    "isTemplate": false,
    "count": 0,
    "updated": 0
  },
  {
    "id": "ab4ae0cd-b086-4189-90af-96cbd68994cd",
    "data": [
      {
        "text": "comment ça baigne",
        "userDefined": false
      }
    ],
    "isTemplate": false,
    "count": 0,
    "updated": 0
  },
  {
    "id": "b80e39af-b849-4b53-80f1-f14fdca98cdc",
    "data": [
      {
        "text": "comment ca marche",
        "userDefined": false
      }
    ],
    "isTemplate": false,
    "count": 0,
    "updated": 0
  },
  {
    "id": "f4cc5e15-4919-415f-8612-557d19a12b6d",
    "data": [
      {
        "text": "comment ca roule",
        "userDefined": false
      }
    ],
    "isTemplate": false,
    "count": 0,
    "updated": 0
  },
  {
    "id": "0231e708-a805-4d58-91af-59472c94748f",
    "data": [
      {
        "text": "comment ça marche",
        "userDefined": false
      }
    ],
    "isTemplate": false,
    "count": 2,
    "updated": 0
  },
  {
    "id": "24f6cb77-2c1c-4561-b16a-b1c2b3aef95b",
    "data": [
      {
        "text": "ca roule",
        "userDefined": false
      }
    ],
    "isTemplate": false,
    "count": 0,
    "updated": 0
  },
  {
    "id": "1ea9bc6a-cdda-4963-96f0-7226bb60f684",
    "data": [
      {
        "text": "ça baigne",
        "userDefined": false
      }
    ],
    "isTemplate": false,
    "count": 0,
    "updated": 0
  },
  {
    "id": "ec14afe5-7818-4a37-943a-51c732e89cf0",
    "data": [
      {
        "text": "comment allez-vous",
        "userDefined": false
      }
    ],
    "isTemplate": false,
    "count": 0,
    "updated": 0
  },
  {
    "id": "101947f2-748a-45fd-a0c4-6a5bf1a21407",
    "data": [
      {
        "text": "comment vas-tu",
        "userDefined": false
      }
    ],
    "isTemplate": false,
    "count": 0,
    "updated": 0
  },
  {
    "id": "5729ea04-78f2-4a07-8402-5821965ade40",
    "data": [
      {
        "text": "sava",
        "userDefined": false
      }
    ],
    "isTemplate": false,
    "count": 0,
    "updated": 0
  },
  {
    "id": "a5776078-7a25-42b8-b608-82d7b5f33091",
    "data": [
      {
        "text": "ça roule ma poule",
        "userDefined": false
      }
    ],
    "isTemplate": false,
    "count": 0,
    "updated": 0
  },
  {
    "id": "ed278860-e716-49c9-9755-c45b27b9ab75",
    "data": [
      {
        "text": "ça roule",
        "userDefined": false
      }
    ],
    "isTemplate": false,
    "count": 0,
    "updated": 0
  },
  {
    "id": "0535c40a-a25a-4bb6-9dcc-b18eace03083",
    "data": [
      {
        "text": "ca baigne",
        "userDefined": false
      }
    ],
    "isTemplate": false,
    "count": 0,
    "updated": 0
  },
  {
    "id": "935f2d73-ad0e-46f9-8710-24f5e96375f1",
    "data": [
      {
        "text": "ca marche",
        "userDefined": false
      }
    ],
    "isTemplate": false,
    "count": 0,
    "updated": 0
  },
  {
    "id": "2680051d-03b0-41c6-b2e1-fe7847fe6ac2",
    "data": [
      {
        "text": "sa va",
        "userDefined": false
      }
    ],
    "isTemplate": false,
    "count": 0,
    "updated": 0
  },
  {
    "id": "6523dddb-e00f-4f36-86cd-6c666a30d492",
    "data": [
      {
        "text": "ça marche",
        "userDefined": false
      }
    ],
    "isTemplate": false,
    "count": 0,
    "updated": 0
  },
  {
    "id": "8a6398be-8a20-42f1-823a-d098e9c3e321",
    "data": [
      {
        "text": "comment ca va",
        "userDefined": false
      }
    ],
    "isTemplate": false,
    "count": 0,
    "updated": 0
  },
  {
    "id": "26023f11-dae4-4e4b-b7bd-a4d005d602a8",
    "data": [
      {
        "text": "sa baigne",
        "userDefined": false
      }
    ],
    "isTemplate": false,
    "count": 0,
    "updated": 0
  },
  {
    "id": "804915e1-442a-47e7-9ceb-7e8fe434ef57",
    "data": [
      {
        "text": "sa marche",
        "userDefined": false
      }
    ],
    "isTemplate": false,
    "count": 0,
    "updated": 0
  },
  {
    "id": "ef043d48-df40-4086-9bfb-a4f04260b085",
    "data": [
      {
        "text": "ca roule ma poule",
        "userDefined": false
      }
    ],
    "isTemplate": false,
    "count": 0,
    "updated": 0
  },
  {
    "id": "1ebd14f5-cb64-4142-9fef-ec7602d71581",
    "data": [
      {
        "text": "sa roule ma poule",
        "userDefined": false
      }
    ],
    "isTemplate": false,
    "count": 0,
    "updated": 0
  },
  {
    "id": "ee8464c3-ef72-4d6f-8171-f3d2029c564c",
    "data": [
      {
        "text": "comment te porte tu",
        "userDefined": false
      }
    ],
    "isTemplate": false,
    "count": 0,
    "updated": 0
  },
  {
    "id": "25f3a0b7-cc98-4ebc-8b49-b153a9c0e527",
    "data": [
      {
        "text": "ça va mon ami",
        "userDefined": false
      }
    ],
    "isTemplate": false,
    "count": 0,
    "updated": 0
  },
  {
    "id": "37a3670a-e75a-431d-896a-b28412939f0e",
    "data": [
      {
        "text": "tu vas bien toi",
        "userDefined": false
      }
    ],
    "isTemplate": false,
    "count": 4,
    "updated": 0
  },
  {
    "id": "f1f05e52-4566-4043-bee3-aa339d4b9402",
    "data": [
      {
        "text": "dis-moi tu vas bien",
        "userDefined": false
      }
    ],
    "isTemplate": false,
    "count": 0,
    "updated": 0
  },
  {
    "id": "19ac2e25-b8c2-4155-80a6-d3a1a0263472",
    "data": [
      {
        "text": "salut ça va",
        "userDefined": false
      }
    ],
    "isTemplate": false,
    "count": 4,
    "updated": 0
  },
  {
    "id": "091b7ff9-b339-4469-b3df-913165d1c6d5",
    "data": [
      {
        "text": "comment te portes tu",
        "userDefined": false
      }
    ],
    "isTemplate": false,
    "count": 0,
    "updated": 0
  },
  {
    "id": "a4b12d81-f3f2-4acd-b112-54dd57541042",
    "data": [
      {
        "text": "ça va ou pas finalement",
        "userDefined": false
      }
    ],
    "isTemplate": false,
    "count": 1,
    "updated": 0
  }
]