[
  {
    "id": "0d0e6be1-2580-4687-9c45-8b0e46e82df7",
    "data": [
      {
        "text": "sais-tu comment je suis",
        "userDefined": false
      }
    ],
    "isTemplate": false,
    "count": 0,
    "updated": 1508522628
  },
  {
    "id": "04428a24-e6c9-4e8d-991b-e9d49a939ea3",
    "data": [
      {
        "text": "comment je suis",
        "userDefined": false
      }
    ],
    "isTemplate": false,
    "count": 0,
    "updated": 1508522628
  },
  {
    "id": "159a9a68-c105-4972-8952-5f08c34d82ac",
    "data": [
      {
        "text": "à quoi est-ce que je ressemble",
        "userDefined": false
      }
    ],
    "isTemplate": false,
    "count": 0,
    "updated": 1508522628
  },
  {
    "id": "8726c4e9-eb4a-4717-82c9-2632485b33a8",
    "data": [
      {
        "text": "je ressemble à quoi selon toi",
        "userDefined": false
      }
    ],
    "isTemplate": false,
    "count": 0,
    "updated": 1508522628
  },
  {
    "id": "6e1de2ac-0d30-456f-b3c0-0522bf2eca02",
    "data": [
      {
        "text": "comment suis-je",
        "userDefined": false
      }
    ],
    "isTemplate": false,
    "count": 0,
    "updated": 1508522628
  },
  {
    "id": "adab41d3-a0c5-42e1-8739-c71ebdbf612f",
    "data": [
      {
        "text": "ai-je l\u0027air bien",
        "userDefined": false
      }
    ],
    "isTemplate": false,
    "count": 0,
    "updated": 1508522628
  },
  {
    "id": "57edab1e-2eda-453d-8027-e2d1e17fd386",
    "data": [
      {
        "text": "sais-tu à quoi je ressemble",
        "userDefined": false
      }
    ],
    "isTemplate": false,
    "count": 0,
    "updated": 1508522628
  },
  {
    "id": "02b2dcda-dd6b-4864-b0fd-a59d6e7b45a9",
    "data": [
      {
        "text": "connais-tu ",
        "userDefined": false
      },
      {
        "text": "mon",
        "meta": "@sys.ignore",
        "userDefined": false
      },
      {
        "text": " apparence",
        "userDefined": false
      }
    ],
    "isTemplate": false,
    "count": 0,
    "updated": 1508522628
  },
  {
    "id": "890817d9-3c94-47c2-b898-da75daf3c1d2",
    "data": [
      {
        "text": "à quoi je ressemble",
        "userDefined": false
      }
    ],
    "isTemplate": false,
    "count": 0,
    "updated": 1508522628
  },
  {
    "id": "8b17b094-89b6-470b-b852-ac02b229bbec",
    "data": [
      {
        "text": "est-ce que j\u0027ai l\u0027air bien",
        "userDefined": false
      }
    ],
    "isTemplate": false,
    "count": 0,
    "updated": 1508522628
  }
]