[
  {
    "id": "330794e8-ca27-4238-8a53-e0ef7efdc385",
    "data": [
      {
        "text": "je suis si seul",
        "userDefined": false
      }
    ],
    "isTemplate": false,
    "count": 0,
    "updated": 0
  },
  {
    "id": "afce22aa-9ee7-4911-bb7a-becc91226626",
    "data": [
      {
        "text": "je suis tout seul",
        "userDefined": false
      }
    ],
    "isTemplate": false,
    "count": 0,
    "updated": 0
  },
  {
    "id": "22bd092e-a952-41e3-a0e1-88dd9b0ac791",
    "data": [
      {
        "text": "je n\u0027ai personne",
        "userDefined": false
      }
    ],
    "isTemplate": false,
    "count": 0,
    "updated": 0
  },
  {
    "id": "12cebf5b-3484-4254-aee1-cdb0b7a67c17",
    "data": [
      {
        "text": "je",
        "meta": "@sys.ignore",
        "userDefined": true
      },
      {
        "text": " suis tellement ",
        "userDefined": false
      },
      {
        "text": "seule",
        "meta": "@sys.ignore",
        "userDefined": true
      }
    ],
    "isTemplate": false,
    "count": 0,
    "updated": 0
  },
  {
    "id": "32f3ebb8-42cb-4e60-bc62-eb57cf9def58",
    "data": [
      {
        "text": "je suis seule",
        "userDefined": false
      }
    ],
    "isTemplate": false,
    "count": 0,
    "updated": 0
  },
  {
    "id": "85019547-0f20-4ba0-bb57-e05e3334f565",
    "data": [
      {
        "text": "je me sens seule",
        "userDefined": false
      }
    ],
    "isTemplate": false,
    "count": 0,
    "updated": 0
  },
  {
    "id": "919388ad-675a-45a6-af3e-88549a97e106",
    "data": [
      {
        "text": "je suis seul",
        "userDefined": false
      }
    ],
    "isTemplate": false,
    "count": 0,
    "updated": 0
  },
  {
    "id": "f9941a8e-b681-4ddb-9fe1-0e89145eb7cb",
    "data": [
      {
        "text": "je",
        "meta": "@sys.ignore",
        "userDefined": true
      },
      {
        "text": " ",
        "userDefined": false
      },
      {
        "text": "me",
        "meta": "@sys.ignore",
        "userDefined": true
      },
      {
        "text": " ",
        "userDefined": false
      },
      {
        "text": "sens",
        "meta": "@sys.ignore",
        "userDefined": true
      },
      {
        "text": " trop ",
        "userDefined": false
      },
      {
        "text": "seule",
        "meta": "@sys.ignore",
        "userDefined": true
      }
    ],
    "isTemplate": false,
    "count": 0,
    "updated": 0
  },
  {
    "id": "a954da1d-ff6c-41e1-9551-2c9a4e94d881",
    "data": [
      {
        "text": "je",
        "meta": "@sys.ignore",
        "userDefined": true
      },
      {
        "text": " ",
        "userDefined": false
      },
      {
        "text": "me",
        "meta": "@sys.ignore",
        "userDefined": true
      },
      {
        "text": " ",
        "userDefined": false
      },
      {
        "text": "sens",
        "meta": "@sys.ignore",
        "userDefined": true
      },
      {
        "text": " tellement ",
        "userDefined": false
      },
      {
        "text": "seule",
        "meta": "@sys.ignore",
        "userDefined": true
      }
    ],
    "isTemplate": false,
    "count": 0,
    "updated": 0
  },
  {
    "id": "4ad07823-974b-4164-b85f-32be49a77564",
    "data": [
      {
        "text": "je me sens seul",
        "userDefined": false
      }
    ],
    "isTemplate": false,
    "count": 0,
    "updated": 0
  },
  {
    "id": "33c36153-5e7f-43e6-af8e-bb9e3c8398ac",
    "data": [
      {
        "text": "je",
        "meta": "@sys.ignore",
        "userDefined": true
      },
      {
        "text": " suis tellement ",
        "userDefined": false
      },
      {
        "text": "seul",
        "meta": "@sys.ignore",
        "userDefined": true
      }
    ],
    "isTemplate": false,
    "count": 0,
    "updated": 0
  }
]