[
  {
    "id": "b1abc86a-e615-4dfc-8631-112fd7c00b65",
    "data": [
      {
        "text": "attends ",
        "userDefined": false
      },
      {
        "text": "un",
        "meta": "@sys.ignore",
        "userDefined": true
      },
      {
        "text": " peu",
        "userDefined": false
      }
    ],
    "isTemplate": false,
    "count": 0,
    "updated": 1508522627
  },
  {
    "id": "4a66b118-e3a1-4a00-9b6e-a87240d57ca4",
    "data": [
      {
        "text": "s",
        "meta": "@sys.ignore",
        "userDefined": true
      },
      {
        "text": "\u0027",
        "userDefined": false
      },
      {
        "text": "il",
        "meta": "@sys.ignore",
        "userDefined": true
      },
      {
        "text": " te plaît attends-moi",
        "userDefined": false
      }
    ],
    "isTemplate": false,
    "count": 0,
    "updated": 1508522627
  },
  {
    "id": "c810be6b-515a-4eea-87db-76d21626961d",
    "data": [
      {
        "text": "oh",
        "meta": "@sys.ignore",
        "userDefined": true
      },
      {
        "text": " attends",
        "userDefined": false
      }
    ],
    "isTemplate": false,
    "count": 0,
    "updated": 1508522627
  },
  {
    "id": "1f4d4426-2a03-4dc7-9835-0db7065a2ffd",
    "data": [
      {
        "text": "atteeends",
        "userDefined": false
      }
    ],
    "isTemplate": false,
    "count": 0,
    "updated": 1508522627
  },
  {
    "id": "08b60fb5-c47b-4543-808a-de72824df115",
    "data": [
      {
        "text": "attends-moi",
        "userDefined": false
      }
    ],
    "isTemplate": false,
    "count": 0,
    "updated": 1508522627
  },
  {
    "id": "3f1dbfeb-f6f0-462a-8186-782cdf4eca94",
    "data": [
      {
        "text": "pourrais-tu ",
        "userDefined": false
      },
      {
        "text": "m",
        "meta": "@sys.ignore",
        "userDefined": true
      },
      {
        "text": "\u0027attendre ",
        "userDefined": false
      },
      {
        "text": "un",
        "meta": "@sys.ignore",
        "userDefined": true
      },
      {
        "text": " ",
        "userDefined": false
      },
      {
        "text": "petit",
        "meta": "@sys.ignore",
        "userDefined": true
      },
      {
        "text": " peu",
        "userDefined": false
      }
    ],
    "isTemplate": false,
    "count": 0,
    "updated": 1508522627
  },
  {
    "id": "838875c4-353b-451e-b165-1bcb27f3c52b",
    "data": [
      {
        "text": "peux-tu ",
        "userDefined": false
      },
      {
        "text": "m",
        "meta": "@sys.ignore",
        "userDefined": true
      },
      {
        "text": "\u0027attendre",
        "userDefined": false
      }
    ],
    "isTemplate": false,
    "count": 0,
    "updated": 1508522627
  },
  {
    "id": "4d3433c6-89ea-448b-8391-67fd00653bcc",
    "data": [
      {
        "text": "attends",
        "userDefined": false
      }
    ],
    "isTemplate": false,
    "count": 0,
    "updated": 1508522627
  },
  {
    "id": "1f9e719b-b8d3-469c-971d-82b69fe287a3",
    "data": [
      {
        "text": "peux-tu attendre",
        "userDefined": false
      }
    ],
    "isTemplate": false,
    "count": 0,
    "updated": 1508522627
  },
  {
    "id": "f06e7b40-30df-4383-bf3c-cc3e531ee522",
    "data": [
      {
        "text": "attends ",
        "userDefined": false
      },
      {
        "text": "un",
        "meta": "@sys.ignore",
        "userDefined": true
      },
      {
        "text": " ",
        "userDefined": false
      },
      {
        "text": "petit",
        "meta": "@sys.ignore",
        "userDefined": true
      },
      {
        "text": " peu",
        "userDefined": false
      }
    ],
    "isTemplate": false,
    "count": 0,
    "updated": 1508522627
  },
  {
    "id": "94e4ba76-037a-4e8e-be1c-525949a768c1",
    "data": [
      {
        "text": "il faut que tu ",
        "userDefined": false
      },
      {
        "text": "m",
        "meta": "@sys.ignore",
        "userDefined": false
      },
      {
        "text": "\u0027attendes",
        "userDefined": false
      }
    ],
    "isTemplate": false,
    "count": 0,
    "updated": 1508522627
  }
]