[
  {
    "id": "8f136e29-9f1d-41bf-ac7b-e84dbc5847d9",
    "data": [
      {
        "text": "noon",
        "userDefined": false
      }
    ],
    "isTemplate": false,
    "count": 0,
    "updated": 1508522629
  },
  {
    "id": "aca7a5be-d1d4-4404-b1ae-c116d1b39e25",
    "data": [
      {
        "text": "non merci",
        "userDefined": false
      }
    ],
    "isTemplate": false,
    "count": 0,
    "updated": 1508522629
  },
  {
    "id": "03a4f5ed-407d-40b4-9d3d-c8b6201b766e",
    "data": [
      {
        "text": "ça me va pas",
        "userDefined": false
      }
    ],
    "isTemplate": false,
    "count": 0,
    "updated": 1508522629
  },
  {
    "id": "8a5334e3-0d6e-4018-963a-12f8baf63df7",
    "data": [
      {
        "text": "ça ne me va pas",
        "userDefined": false
      }
    ],
    "isTemplate": false,
    "count": 0,
    "updated": 1508522629
  },
  {
    "id": "c738088a-41a7-45c2-9573-c1a330c7090f",
    "data": [
      {
        "text": "pas du tout",
        "userDefined": false
      }
    ],
    "isTemplate": false,
    "count": 0,
    "updated": 1508522629
  },
  {
    "id": "75f916c8-7a05-4a80-ab56-6dac38643b42",
    "data": [
      {
        "text": "non",
        "userDefined": false
      }
    ],
    "isTemplate": false,
    "count": 0,
    "updated": 1508522629
  },
  {
    "id": "78826ecd-df1a-4dd9-87e3-256395a76946",
    "data": [
      {
        "text": "non pas du tout",
        "userDefined": false
      }
    ],
    "isTemplate": false,
    "count": 0,
    "updated": 1508522629
  },
  {
    "id": "32351cb6-18f0-4176-9672-e98233e627fa",
    "data": [
      {
        "text": "du tout",
        "userDefined": false
      }
    ],
    "isTemplate": false,
    "count": 0,
    "updated": 1508522629
  },
  {
    "id": "94066d44-2794-416a-98c1-f98567cc56c3",
    "data": [
      {
        "text": "nan",
        "userDefined": false
      }
    ],
    "isTemplate": false,
    "count": 0,
    "updated": 1508522629
  }
]