[
  {
    "id": "375f22d0-cbb1-4a87-a94e-f3c3b09030bb",
    "data": [
      {
        "text": "je suis tout triste",
        "userDefined": false
      }
    ],
    "isTemplate": false,
    "count": 0,
    "updated": 0
  },
  {
    "id": "48923854-1f8e-4212-8c7a-0bd5d5e34eee",
    "data": [
      {
        "text": "je",
        "meta": "@sys.ignore",
        "userDefined": true
      },
      {
        "text": " ",
        "userDefined": false
      },
      {
        "text": "me",
        "meta": "@sys.ignore",
        "userDefined": true
      },
      {
        "text": " ",
        "userDefined": false
      },
      {
        "text": "sens",
        "meta": "@sys.ignore",
        "userDefined": true
      },
      {
        "text": " trop triste",
        "userDefined": false
      }
    ],
    "isTemplate": false,
    "count": 0,
    "updated": 0
  },
  {
    "id": "5eeeedda-6cc7-4dd0-8f48-a1bca97be731",
    "data": [
      {
        "text": "je",
        "meta": "@sys.ignore",
        "userDefined": true
      },
      {
        "text": " suis très triste",
        "userDefined": false
      }
    ],
    "isTemplate": false,
    "count": 0,
    "updated": 0
  },
  {
    "id": "7b4bfc79-f15b-4cbf-b298-2eb0c81770eb",
    "data": [
      {
        "text": "je",
        "meta": "@sys.ignore",
        "userDefined": true
      },
      {
        "text": " ",
        "userDefined": false
      },
      {
        "text": "me",
        "meta": "@sys.ignore",
        "userDefined": true
      },
      {
        "text": " ",
        "userDefined": false
      },
      {
        "text": "sens",
        "meta": "@sys.ignore",
        "userDefined": true
      },
      {
        "text": " très triste",
        "userDefined": false
      }
    ],
    "isTemplate": false,
    "count": 0,
    "updated": 0
  },
  {
    "id": "b522fc46-46ee-438e-9f28-7730a8fbbacd",
    "data": [
      {
        "text": "je me sens triste",
        "userDefined": false
      }
    ],
    "isTemplate": false,
    "count": 0,
    "updated": 0
  },
  {
    "id": "afe02cba-8d20-4542-8963-ec47b02870cf",
    "data": [
      {
        "text": "j\u0027ai envie de pleurer",
        "userDefined": false
      }
    ],
    "isTemplate": false,
    "count": 0,
    "updated": 0
  },
  {
    "id": "a89a6061-a382-4887-b721-38f633481769",
    "data": [
      {
        "text": "je",
        "meta": "@sys.ignore",
        "userDefined": true
      },
      {
        "text": " suis trop triste",
        "userDefined": false
      }
    ],
    "isTemplate": false,
    "count": 0,
    "updated": 0
  },
  {
    "id": "68dc71e6-4a99-4782-882e-bfd9cf4cff48",
    "data": [
      {
        "text": "je suis triste",
        "userDefined": false
      }
    ],
    "isTemplate": false,
    "count": 0,
    "updated": 0
  },
  {
    "id": "f362d8fa-1193-4546-8732-ddf24b6bdbfc",
    "data": [
      {
        "text": "ça me donne envie de pleurer",
        "userDefined": false
      }
    ],
    "isTemplate": false,
    "count": 0,
    "updated": 0
  },
  {
    "id": "b712f9be-da81-4625-80f8-aab241146e30",
    "data": [
      {
        "text": "je suis de l\u0027humeur triste",
        "userDefined": false
      }
    ],
    "isTemplate": false,
    "count": 0,
    "updated": 0
  },
  {
    "id": "7425dcdf-8abe-4b7a-9262-218b20c4d72c",
    "data": [
      {
        "text": "c\u0027est trop triste",
        "userDefined": false
      }
    ],
    "isTemplate": false,
    "count": 0,
    "updated": 0
  }
]