[
  {
    "id": "f2ba387b-1b31-4680-af33-66a4e48e7c05",
    "data": [
      {
        "text": "grand merci",
        "userDefined": false
      }
    ],
    "isTemplate": false,
    "count": 0,
    "updated": 1508522628
  },
  {
    "id": "2fba89cb-4101-4764-b4cc-5f7d0c43e39d",
    "data": [
      {
        "text": "merci bien",
        "userDefined": false
      }
    ],
    "isTemplate": false,
    "count": 0,
    "updated": 1508522628
  },
  {
    "id": "5a8b6965-0c84-4e35-9a56-cdb9d9315af6",
    "data": [
      {
        "text": "gratitude",
        "userDefined": false
      }
    ],
    "isTemplate": false,
    "count": 0,
    "updated": 1508522628
  },
  {
    "id": "3772bdd1-0919-49f5-9a09-946dafb05694",
    "data": [
      {
        "text": "j\u0027apprécie ça",
        "userDefined": false
      }
    ],
    "isTemplate": false,
    "count": 0,
    "updated": 1508522628
  },
  {
    "id": "104a4581-13dc-4e44-a386-6d31a94d0cc8",
    "data": [
      {
        "text": "merci beaucoup",
        "userDefined": false
      }
    ],
    "isTemplate": false,
    "count": 0,
    "updated": 1508522628
  },
  {
    "id": "7d82ee20-1105-4b52-88ef-07b115ec6906",
    "data": [
      {
        "text": "je suis reconnaissante",
        "userDefined": false
      }
    ],
    "isTemplate": false,
    "count": 0,
    "updated": 1508522628
  },
  {
    "id": "af4735be-02a3-40e7-9fdc-2595c326cdce",
    "data": [
      {
        "text": "oui merci",
        "userDefined": false
      }
    ],
    "isTemplate": false,
    "count": 0,
    "updated": 1508522628
  },
  {
    "id": "6ba3c84f-d5c6-4b3d-ad31-7859846928a9",
    "data": [
      {
        "text": "j\u0027apprécie cela",
        "userDefined": false
      }
    ],
    "isTemplate": false,
    "count": 0,
    "updated": 1508522628
  },
  {
    "id": "4626cd23-3300-4fba-b701-87b926d69be0",
    "data": [
      {
        "text": "merci",
        "userDefined": false
      }
    ],
    "isTemplate": false,
    "count": 0,
    "updated": 1508522628
  },
  {
    "id": "dbaa1a67-ab5c-45c1-a97e-a9c9b4e0fd64",
    "data": [
      {
        "text": "remerciement",
        "userDefined": false
      }
    ],
    "isTemplate": false,
    "count": 0,
    "updated": 1508522628
  },
  {
    "id": "215082b9-1239-4221-88b7-d49448d77c17",
    "data": [
      {
        "text": "je te remercie",
        "userDefined": false
      }
    ],
    "isTemplate": false,
    "count": 1,
    "updated": 1508522628
  },
  {
    "id": "a42f1721-3e00-4dc3-8633-eab811ec0b93",
    "data": [
      {
        "text": "je l\u0027apprécie",
        "userDefined": false
      }
    ],
    "isTemplate": false,
    "count": 0,
    "updated": 1508522628
  },
  {
    "id": "17876f81-6ce9-4b4a-afe7-703a043e55c3",
    "data": [
      {
        "text": "je suis reconnaissant",
        "userDefined": false
      }
    ],
    "isTemplate": false,
    "count": 2,
    "updated": 1508522628
  },
  {
    "id": "5867d722-4961-4016-a8a2-20c340204ee3",
    "data": [
      {
        "text": "chus reconnaissante",
        "userDefined": false
      }
    ],
    "isTemplate": false,
    "count": 0,
    "updated": 1508522628
  },
  {
    "id": "d7370f2e-5451-446f-a77f-9516b83e4f17",
    "data": [
      {
        "text": "chu",
        "meta": "@sys.ignore",
        "userDefined": true
      },
      {
        "text": " reconnaissant",
        "userDefined": false
      }
    ],
    "isTemplate": false,
    "count": 0,
    "updated": 1508522628
  },
  {
    "id": "8b7efae3-8135-4d4f-bb02-d1d34e6c8340",
    "data": [
      {
        "text": "super merci",
        "userDefined": false
      }
    ],
    "isTemplate": false,
    "count": 0,
    "updated": 1508522628
  },
  {
    "id": "a5a486d3-8cfd-4cb6-893b-6aac027c11a8",
    "data": [
      {
        "text": "eh bien merci",
        "userDefined": false
      }
    ],
    "isTemplate": false,
    "count": 0,
    "updated": 1508522628
  },
  {
    "id": "9bbfccb2-527d-40e5-aeab-a72750667e3b",
    "data": [
      {
        "text": "chus reconnaissant",
        "userDefined": false
      }
    ],
    "isTemplate": false,
    "count": 0,
    "updated": 1508522628
  },
  {
    "id": "a034cee9-001f-4b67-8748-41329a4b562f",
    "data": [
      {
        "text": "je te remercie beaucoup",
        "userDefined": false
      }
    ],
    "isTemplate": false,
    "count": 0,
    "updated": 1508522628
  },
  {
    "id": "68670588-d378-4e43-9cca-4da5498344e5",
    "data": [
      {
        "text": "merci toi aussi",
        "userDefined": false
      }
    ],
    "isTemplate": false,
    "count": 0,
    "updated": 1508522628
  },
  {
    "id": "fff535d2-9aa6-4ce1-b387-fbf5b83d2234",
    "data": [
      {
        "text": "merci bien à toi",
        "userDefined": false
      }
    ],
    "isTemplate": false,
    "count": 0,
    "updated": 1508522628
  },
  {
    "id": "b5d2242c-4639-4e63-86c8-9098b85bcc5e",
    "data": [
      {
        "text": "merci mon ami",
        "userDefined": false
      }
    ],
    "isTemplate": false,
    "count": 0,
    "updated": 1508522628
  },
  {
    "id": "fcdb64c2-3ffc-4e2d-9feb-d32dc5fdc094",
    "data": [
      {
        "text": "merci à toi aussi",
        "userDefined": false
      }
    ],
    "isTemplate": false,
    "count": 0,
    "updated": 1508522628
  },
  {
    "id": "17e1b023-3c6d-46ba-968e-684a1ac8e5ba",
    "data": [
      {
        "text": "non merci",
        "userDefined": false
      }
    ],
    "isTemplate": false,
    "count": 0,
    "updated": 1508522628
  },
  {
    "id": "8ecf8431-2bea-4e09-9c74-b1fd1680961f",
    "data": [
      {
        "text": "merci à toi",
        "userDefined": false
      }
    ],
    "isTemplate": false,
    "count": 0,
    "updated": 1508522628
  },
  {
    "id": "b56f3b44-7177-4e53-a52a-1d09cd313269",
    "data": [
      {
        "text": "merci bcp toi",
        "userDefined": false
      }
    ],
    "isTemplate": false,
    "count": 0,
    "updated": 1508522628
  }
]