[
  {
    "id": "b352fcfd-dca4-4324-871e-a0fe74426d5f",
    "data": [
      {
        "text": "j\u0027en ai hâte",
        "userDefined": false
      }
    ],
    "isTemplate": false,
    "count": 0,
    "updated": 0
  },
  {
    "id": "a4e13f27-afd7-4e44-ba0e-b80fe8663a7c",
    "data": [
      {
        "text": "je suis impatient",
        "userDefined": false
      }
    ],
    "isTemplate": false,
    "count": 0,
    "updated": 0
  },
  {
    "id": "abb7e635-30d4-4e15-9394-bf8f309f209d",
    "data": [
      {
        "text": "je suis trop enthousiasmée pour ça",
        "userDefined": false
      }
    ],
    "isTemplate": false,
    "count": 0,
    "updated": 0
  },
  {
    "id": "74360a05-4479-441c-ba05-5f5f142f2293",
    "data": [
      {
        "text": "je suis enthousiasmé",
        "userDefined": false
      }
    ],
    "isTemplate": false,
    "count": 0,
    "updated": 0
  },
  {
    "id": "4b3b2589-e8e1-4f59-aed6-edf54a198cd4",
    "data": [
      {
        "text": "j\u0027ai hâte",
        "userDefined": false
      }
    ],
    "isTemplate": false,
    "count": 0,
    "updated": 0
  }
]