[
  {
    "id": "43846fde-92e6-4283-815b-a647defafd8c",
    "data": [
      {
        "text": "bienvenu",
        "userDefined": false
      }
    ],
    "isTemplate": false,
    "count": 0,
    "updated": 0
  },
  {
    "id": "76a4c4df-84e1-48b2-a398-1891fb011adf",
    "data": [
      {
        "text": "sois le bienvenu",
        "userDefined": false
      }
    ],
    "isTemplate": false,
    "count": 0,
    "updated": 0
  },
  {
    "id": "f31a1fce-23e4-4210-a99d-35fc69b4797f",
    "data": [
      {
        "text": "soyez les bienvenus",
        "userDefined": false
      }
    ],
    "isTemplate": false,
    "count": 0,
    "updated": 0
  },
  {
    "id": "01deac6f-cc4e-4dd5-a693-487ffe57f720",
    "data": [
      {
        "text": "bienvenue",
        "userDefined": false
      }
    ],
    "isTemplate": false,
    "count": 0,
    "updated": 0
  },
  {
    "id": "d9252734-f977-4960-8abb-124736f3bc67",
    "data": [
      {
        "text": "la bienvenue",
        "userDefined": false
      }
    ],
    "isTemplate": false,
    "count": 0,
    "updated": 0
  },
  {
    "id": "b904bdf5-85bc-4dba-84d4-42baccb3402d",
    "data": [
      {
        "text": "soyez le bienvenu",
        "userDefined": false
      }
    ],
    "isTemplate": false,
    "count": 0,
    "updated": 0
  },
  {
    "id": "a6047b20-0de8-4569-a98a-7d0f881143f2",
    "data": [
      {
        "text": "de rien",
        "userDefined": false
      }
    ],
    "isTemplate": false,
    "count": 0,
    "updated": 0
  },
  {
    "id": "86f6356f-00e8-4dc2-ac88-d2e250a9d677",
    "data": [
      {
        "text": "sois la bienvenue",
        "userDefined": false
      }
    ],
    "isTemplate": false,
    "count": 1,
    "updated": 0
  },
  {
    "id": "13bbe2f6-c4aa-4258-8693-ccb2d6d53cf2",
    "data": [
      {
        "text": "soyez la bienvenue",
        "userDefined": false
      }
    ],
    "isTemplate": false,
    "count": 0,
    "updated": 0
  },
  {
    "id": "ef16d63b-089a-4df9-ad06-b4412659a99c",
    "data": [
      {
        "text": "soyez les bienvenues",
        "userDefined": false
      }
    ],
    "isTemplate": false,
    "count": 0,
    "updated": 0
  }
]