[
  {
    "id": "74ddbcb1-4cc7-4ea0-aae5-b66a895d4619",
    "data": [
      {
        "text": "je",
        "meta": "@sys.ignore",
        "userDefined": true
      },
      {
        "text": " ",
        "userDefined": false
      },
      {
        "text": "m",
        "meta": "@sys.ignore",
        "userDefined": true
      },
      {
        "text": "\u0027endors là",
        "userDefined": false
      }
    ],
    "isTemplate": false,
    "count": 0,
    "updated": 1508522629
  },
  {
    "id": "d635dd47-a0cf-437f-8863-e3e3f618692f",
    "data": [
      {
        "text": "je",
        "meta": "@sys.ignore",
        "userDefined": true
      },
      {
        "text": " ",
        "userDefined": false
      },
      {
        "text": "m",
        "meta": "@sys.ignore",
        "userDefined": true
      },
      {
        "text": "\u0027endors",
        "userDefined": false
      }
    ],
    "isTemplate": false,
    "count": 0,
    "updated": 1508522629
  },
  {
    "id": "5f7a4026-4af2-49f2-9842-cddacaae15a0",
    "data": [
      {
        "text": "je dors",
        "userDefined": false
      }
    ],
    "isTemplate": false,
    "count": 0,
    "updated": 1508522629
  },
  {
    "id": "c5e3babe-2548-43ae-9aa9-b1585005790b",
    "data": [
      {
        "text": "je veux dormir",
        "userDefined": false
      }
    ],
    "isTemplate": false,
    "count": 0,
    "updated": 1508522629
  },
  {
    "id": "77bd24d0-929c-4370-a3c8-54dfc7db48d3",
    "data": [
      {
        "text": "je me suis presque endormie",
        "userDefined": false
      }
    ],
    "isTemplate": false,
    "count": 0,
    "updated": 1508522629
  },
  {
    "id": "925dcb2a-7ce6-44e4-bfbe-6cf402317525",
    "data": [
      {
        "text": "j\u0027ai sommeil là",
        "userDefined": false
      }
    ],
    "isTemplate": false,
    "count": 0,
    "updated": 1508522629
  },
  {
    "id": "495b0364-b996-4845-a1a8-8c8faaaad346",
    "data": [
      {
        "text": "j\u0027ai sommeil",
        "userDefined": false
      }
    ],
    "isTemplate": false,
    "count": 0,
    "updated": 1508522629
  },
  {
    "id": "5ba868ec-4141-4912-8485-5828ddb298e2",
    "data": [
      {
        "text": "j\u0027ai tellement sommeil",
        "userDefined": false
      }
    ],
    "isTemplate": false,
    "count": 0,
    "updated": 1508522629
  },
  {
    "id": "f55f3a7b-16ce-461c-9058-460052c31c14",
    "data": [
      {
        "text": "ça me donne envie de dormir",
        "userDefined": false
      }
    ],
    "isTemplate": false,
    "count": 0,
    "updated": 1508522629
  },
  {
    "id": "8e1fc340-389e-48ef-b29e-3b6ae63343a9",
    "data": [
      {
        "text": "je suis presque endormi",
        "userDefined": false
      }
    ],
    "isTemplate": false,
    "count": 0,
    "updated": 1508522629
  },
  {
    "id": "4cd5f210-8ab8-4111-b46c-a8399820af94",
    "data": [
      {
        "text": "je",
        "meta": "@sys.ignore",
        "userDefined": true
      },
      {
        "text": " suis en ",
        "userDefined": false
      },
      {
        "text": "train",
        "meta": "@sys.ignore",
        "userDefined": true
      },
      {
        "text": " ",
        "userDefined": false
      },
      {
        "text": "de",
        "meta": "@sys.ignore",
        "userDefined": true
      },
      {
        "text": " ",
        "userDefined": false
      },
      {
        "text": "m",
        "meta": "@sys.ignore",
        "userDefined": true
      },
      {
        "text": "\u0027endormir",
        "userDefined": false
      }
    ],
    "isTemplate": false,
    "count": 0,
    "updated": 1508522629
  }
]