[
  {
    "id": "e3573316-f782-4bfd-9ebb-90df14376ec0",
    "data": [
      {
        "text": "je serai bientôt de retour",
        "userDefined": false
      }
    ],
    "isTemplate": false,
    "count": 0,
    "updated": 0
  },
  {
    "id": "515ec574-dd99-4c28-b214-e0af0669c81b",
    "data": [
      {
        "text": "je",
        "meta": "@sys.ignore",
        "userDefined": true
      },
      {
        "text": " ",
        "userDefined": false
      },
      {
        "text": "reviens",
        "meta": "@sys.ignore",
        "userDefined": true
      },
      {
        "text": " bientôt",
        "userDefined": false
      }
    ],
    "isTemplate": false,
    "count": 0,
    "updated": 0
  },
  {
    "id": "8c9d3cf1-afa0-4290-83d0-a44a482a512e",
    "data": [
      {
        "text": "je",
        "meta": "@sys.ignore",
        "userDefined": true
      },
      {
        "text": " reviendrai bientôt",
        "userDefined": false
      }
    ],
    "isTemplate": false,
    "count": 0,
    "updated": 0
  },
  {
    "id": "ddb7bef4-d678-41e9-8c8a-273f4b39fdef",
    "data": [
      {
        "text": "je reviendrais très bientôt",
        "userDefined": false
      }
    ],
    "isTemplate": false,
    "count": 0,
    "updated": 0
  },
  {
    "id": "f0f55ae4-4e43-4a9e-99d1-b4a28e045bd0",
    "data": [
      {
        "text": "je",
        "meta": "@sys.ignore",
        "userDefined": true
      },
      {
        "text": " serai ",
        "userDefined": false
      },
      {
        "text": "de",
        "meta": "@sys.ignore",
        "userDefined": true
      },
      {
        "text": " ",
        "userDefined": false
      },
      {
        "text": "retour",
        "meta": "@sys.ignore",
        "userDefined": true
      },
      {
        "text": " ",
        "userDefined": false
      },
      {
        "text": "tout",
        "meta": "@sys.ignore",
        "userDefined": true
      },
      {
        "text": " à ",
        "userDefined": false
      },
      {
        "text": "l",
        "meta": "@sys.ignore",
        "userDefined": true
      },
      {
        "text": "\u0027",
        "userDefined": false
      },
      {
        "text": "heure",
        "meta": "@sys.ignore",
        "userDefined": true
      }
    ],
    "isTemplate": false,
    "count": 0,
    "updated": 0
  },
  {
    "id": "202f549d-6f2d-4d23-aaf5-66250b5e9ef4",
    "data": [
      {
        "text": "je reviens",
        "userDefined": false
      }
    ],
    "isTemplate": false,
    "count": 0,
    "updated": 0
  },
  {
    "id": "aa39548a-c5d3-4a25-81b6-bae5ea24a203",
    "data": [
      {
        "text": "je",
        "meta": "@sys.ignore",
        "userDefined": true
      },
      {
        "text": " reviendrai",
        "userDefined": false
      }
    ],
    "isTemplate": false,
    "count": 0,
    "updated": 0
  },
  {
    "id": "453d7ecc-f20e-48ef-92c9-a73787eddf2e",
    "data": [
      {
        "text": "je serai de retour",
        "userDefined": false
      }
    ],
    "isTemplate": false,
    "count": 0,
    "updated": 0
  }
]