[
  {
    "id": "31514c63-1015-4795-86be-4ddada9f582d",
    "data": [
      {
        "text": "ohlala",
        "userDefined": false
      }
    ],
    "isTemplate": false,
    "count": 0,
    "updated": 1508522626
  },
  {
    "id": "54e48e89-f00a-4f50-986c-0c0b2e7f4f86",
    "data": [
      {
        "text": "ahlala",
        "userDefined": false
      }
    ],
    "isTemplate": false,
    "count": 0,
    "updated": 1508522626
  },
  {
    "id": "8098c2ad-3fe0-4d84-a514-94390887c65f",
    "data": [
      {
        "text": "oh lalalala",
        "userDefined": false
      }
    ],
    "isTemplate": false,
    "count": 0,
    "updated": 1508522626
  },
  {
    "id": "f3eee4c5-f223-4a9a-815b-9552ef8b1cee",
    "data": [
      {
        "text": "wow wow",
        "userDefined": false
      }
    ],
    "isTemplate": false,
    "count": 0,
    "updated": 1508522626
  },
  {
    "id": "c60debdc-adeb-4e3d-8d27-a70ff48f8002",
    "data": [
      {
        "text": "ah la la",
        "userDefined": false
      }
    ],
    "isTemplate": false,
    "count": 0,
    "updated": 1508522626
  },
  {
    "id": "8815652e-f61b-48be-9ab6-268e3baddf3f",
    "data": [
      {
        "text": "waouuuh",
        "userDefined": false
      }
    ],
    "isTemplate": false,
    "count": 0,
    "updated": 1508522626
  },
  {
    "id": "5b9a5664-0c56-448b-bd30-e03692126edc",
    "data": [
      {
        "text": "oh la la",
        "userDefined": false
      }
    ],
    "isTemplate": false,
    "count": 0,
    "updated": 1508522626
  },
  {
    "id": "51c97606-a34f-4364-b3ed-ea08f8078cb7",
    "data": [
      {
        "text": "wow wow wow",
        "userDefined": false
      }
    ],
    "isTemplate": false,
    "count": 0,
    "updated": 1508522626
  },
  {
    "id": "3c822520-97d4-4acf-a279-6cb4210a6c51",
    "data": [
      {
        "text": "wow",
        "userDefined": false
      }
    ],
    "isTemplate": false,
    "count": 0,
    "updated": 1508522626
  },
  {
    "id": "23f7bf5f-4432-4764-adf7-fb7e963f75bd",
    "data": [
      {
        "text": "waou",
        "userDefined": false
      }
    ],
    "isTemplate": false,
    "count": 0,
    "updated": 1508522626
  },
  {
    "id": "d53e93b2-2e8f-4bad-972e-59acefaff09a",
    "data": [
      {
        "text": "waouh",
        "userDefined": false
      }
    ],
    "isTemplate": false,
    "count": 0,
    "updated": 1508522626
  }
]