[
  {
    "id": "1eb85ab1-254b-4adf-8940-da01b491b1f9",
    "data": [
      {
        "text": "coucou",
        "meta": "@sys.ignore",
        "userDefined": false
      },
      {
        "text": " ",
        "userDefined": false
      },
      {
        "text": "bonne",
        "meta": "@sys.ignore",
        "userDefined": false
      },
      {
        "text": " ",
        "userDefined": false
      },
      {
        "text": "matinée",
        "meta": "@sys.ignore",
        "userDefined": false
      }
    ],
    "isTemplate": false,
    "count": 0,
    "updated": 1508522626
  },
  {
    "id": "d0eb9eb2-9a44-4cdc-8153-00095d30eaba",
    "data": [
      {
        "text": "coucou",
        "meta": "@sys.ignore",
        "userDefined": false
      },
      {
        "text": " c\u0027est ",
        "userDefined": false
      },
      {
        "text": "un",
        "meta": "@sys.ignore",
        "userDefined": false
      },
      {
        "text": " ",
        "userDefined": false
      },
      {
        "text": "bon",
        "meta": "@sys.ignore",
        "userDefined": false
      },
      {
        "text": " ",
        "userDefined": false
      },
      {
        "text": "matin",
        "meta": "@sys.ignore",
        "userDefined": false
      }
    ],
    "isTemplate": false,
    "count": 0,
    "updated": 1508522626
  },
  {
    "id": "78ea1aca-8e06-4916-9d5a-f3153c42b451",
    "data": [
      {
        "text": "je",
        "meta": "@sys.ignore",
        "userDefined": false
      },
      {
        "text": " te souhaite ",
        "userDefined": false
      },
      {
        "text": "une",
        "meta": "@sys.ignore",
        "userDefined": false
      },
      {
        "text": " ",
        "userDefined": false
      },
      {
        "text": "bonne",
        "meta": "@sys.ignore",
        "userDefined": false
      },
      {
        "text": " matinée",
        "userDefined": false
      }
    ],
    "isTemplate": false,
    "count": 0,
    "updated": 1508522626
  },
  {
    "id": "949f7e09-cb7e-4e2d-82d8-b83a3b0bcb45",
    "data": [
      {
        "text": "bonne",
        "meta": "@sys.ignore",
        "userDefined": false
      },
      {
        "text": " matinée",
        "userDefined": false
      }
    ],
    "isTemplate": false,
    "count": 0,
    "updated": 1508522626
  },
  {
    "id": "2e083e48-db51-4788-a313-3caf4f9b62e8",
    "data": [
      {
        "text": "passe ",
        "userDefined": false
      },
      {
        "text": "une",
        "meta": "@sys.ignore",
        "userDefined": false
      },
      {
        "text": " ",
        "userDefined": false
      },
      {
        "text": "bonne",
        "meta": "@sys.ignore",
        "userDefined": false
      },
      {
        "text": " matinée",
        "userDefined": false
      }
    ],
    "isTemplate": false,
    "count": 0,
    "updated": 1508522626
  },
  {
    "id": "db6618b7-4e51-4ee7-8b18-7340684b8d1c",
    "data": [
      {
        "text": "bon",
        "meta": "@sys.ignore",
        "userDefined": false
      },
      {
        "text": " ",
        "userDefined": false
      },
      {
        "text": "matinée",
        "meta": "@sys.ignore",
        "userDefined": false
      },
      {
        "text": " à ",
        "userDefined": false
      },
      {
        "text": "toi",
        "meta": "@sys.ignore",
        "userDefined": false
      }
    ],
    "isTemplate": false,
    "count": 1,
    "updated": 1508522626
  }
]