[
  {
    "id": "76d60226-88a0-4710-a79d-473f66c5a294",
    "data": [
      {
        "text": "oui",
        "userDefined": false
      }
    ],
    "isTemplate": false,
    "count": 0,
    "updated": 1508522628
  },
  {
    "id": "9f32c67d-7abd-4857-a25d-9cb288ee0dae",
    "data": [
      {
        "text": "o k",
        "userDefined": false
      }
    ],
    "isTemplate": false,
    "count": 0,
    "updated": 1508522628
  },
  {
    "id": "3a967e88-45ab-4a6b-83fa-4d5289d252c6",
    "data": [
      {
        "text": "oké",
        "userDefined": false
      }
    ],
    "isTemplate": false,
    "count": 0,
    "updated": 1508522628
  },
  {
    "id": "7e637f38-c144-4218-971e-8431b70e8f5d",
    "data": [
      {
        "text": "oué",
        "userDefined": false
      }
    ],
    "isTemplate": false,
    "count": 0,
    "updated": 1508522628
  },
  {
    "id": "782cf06d-4a7f-4998-8d97-e21c626b0b57",
    "data": [
      {
        "text": "ouii",
        "userDefined": false
      }
    ],
    "isTemplate": false,
    "count": 0,
    "updated": 1508522628
  },
  {
    "id": "faf72d3a-42e7-4adb-9c6a-c0202e670b67",
    "data": [
      {
        "text": "moui",
        "userDefined": false
      }
    ],
    "isTemplate": false,
    "count": 0,
    "updated": 1508522628
  },
  {
    "id": "f4e59903-dd3f-4f2f-bc10-811254c2f45a",
    "data": [
      {
        "text": "ouai",
        "userDefined": false
      }
    ],
    "isTemplate": false,
    "count": 0,
    "updated": 1508522628
  },
  {
    "id": "3e3dfe7a-99de-40ba-a481-6ef2715af8ec",
    "data": [
      {
        "text": "ouaip",
        "userDefined": false
      }
    ],
    "isTemplate": false,
    "count": 0,
    "updated": 1508522628
  },
  {
    "id": "bd7b4692-2e82-457c-a86d-7adbcd9b1b02",
    "data": [
      {
        "text": "mouais",
        "userDefined": false
      }
    ],
    "isTemplate": false,
    "count": 0,
    "updated": 1508522628
  },
  {
    "id": "b567aaf0-127b-46fd-be31-1c9d0d917279",
    "data": [
      {
        "text": "pourquoi pas",
        "userDefined": false
      }
    ],
    "isTemplate": false,
    "count": 0,
    "updated": 1508522628
  },
  {
    "id": "09c8ae2a-9967-4fc2-838c-87352479c0b3",
    "data": [
      {
        "text": "cela me va",
        "userDefined": false
      }
    ],
    "isTemplate": false,
    "count": 0,
    "updated": 1508522628
  },
  {
    "id": "d8418d9d-ead5-479f-a5d0-59eac899afbf",
    "data": [
      {
        "text": "okay",
        "userDefined": false
      }
    ],
    "isTemplate": false,
    "count": 0,
    "updated": 1508522628
  },
  {
    "id": "cd107ad8-55d5-4ffc-8d82-7e4352969db8",
    "data": [
      {
        "text": "d\u0027acc",
        "userDefined": false
      }
    ],
    "isTemplate": false,
    "count": 0,
    "updated": 1508522628
  },
  {
    "id": "7d999237-9b17-4b9a-a4a1-743dd1c9ba63",
    "data": [
      {
        "text": "okidok",
        "userDefined": false
      }
    ],
    "isTemplate": false,
    "count": 0,
    "updated": 1508522628
  },
  {
    "id": "8bca19e3-8704-4b48-b117-a0d625e5b61b",
    "data": [
      {
        "text": "ok",
        "userDefined": false
      }
    ],
    "isTemplate": false,
    "count": 0,
    "updated": 1508522628
  },
  {
    "id": "15e95a06-6c40-4caf-9a2b-03e4befb42c9",
    "data": [
      {
        "text": "oki doki",
        "userDefined": false
      }
    ],
    "isTemplate": false,
    "count": 0,
    "updated": 1508522628
  },
  {
    "id": "ae970d09-badc-472c-95d3-ccf99cca545d",
    "data": [
      {
        "text": "ça me va",
        "userDefined": false
      }
    ],
    "isTemplate": false,
    "count": 0,
    "updated": 1508522628
  },
  {
    "id": "9d122074-ef0e-4ab8-b8ac-319489bb132d",
    "data": [
      {
        "text": "ouais",
        "userDefined": false
      }
    ],
    "isTemplate": false,
    "count": 0,
    "updated": 1508522628
  },
  {
    "id": "3bcd32fa-4bfb-47aa-b1de-480ef53ea59e",
    "data": [
      {
        "text": "je veux bien",
        "userDefined": false
      }
    ],
    "isTemplate": false,
    "count": 0,
    "updated": 1508522628
  },
  {
    "id": "dc3f8b61-f472-49d7-a625-72f171059610",
    "data": [
      {
        "text": "oki dok",
        "userDefined": false
      }
    ],
    "isTemplate": false,
    "count": 0,
    "updated": 1508522628
  },
  {
    "id": "1b5a36cb-305c-4ff1-8f5a-96c15335baac",
    "data": [
      {
        "text": "ouaiii",
        "userDefined": false
      }
    ],
    "isTemplate": false,
    "count": 0,
    "updated": 1508522628
  },
  {
    "id": "e3645150-8f81-4c28-ae29-c31cbd39e6b3",
    "data": [
      {
        "text": "voui",
        "userDefined": false
      }
    ],
    "isTemplate": false,
    "count": 0,
    "updated": 1508522628
  },
  {
    "id": "9bc661d8-e030-4823-b9b8-866cd575e2ad",
    "data": [
      {
        "text": "wé",
        "userDefined": false
      }
    ],
    "isTemplate": false,
    "count": 0,
    "updated": 1508522628
  },
  {
    "id": "22fee515-677c-4ea0-8ad0-93000bf7a4b0",
    "data": [
      {
        "text": "d\u0027accord",
        "userDefined": false
      }
    ],
    "isTemplate": false,
    "count": 0,
    "updated": 1508522628
  }
]