[
  {
    "id": "4a59886b-ccd8-468d-9b63-f542bb64a672",
    "data": [
      {
        "text": "ça me met en colère",
        "userDefined": false
      }
    ],
    "isTemplate": false,
    "count": 0,
    "updated": 1508522626
  },
  {
    "id": "092d8c1d-cf9d-42f0-b857-186c0181335f",
    "data": [
      {
        "text": "je suis en colère",
        "userDefined": false
      }
    ],
    "isTemplate": false,
    "count": 0,
    "updated": 1508522626
  },
  {
    "id": "31437fce-1c4f-43fd-bc53-6246d0bf0847",
    "data": [
      {
        "text": "ça",
        "meta": "@sys.ignore",
        "userDefined": true
      },
      {
        "text": " ",
        "userDefined": false
      },
      {
        "text": "m",
        "meta": "@sys.ignore",
        "userDefined": true
      },
      {
        "text": "\u0027énerve",
        "userDefined": false
      }
    ],
    "isTemplate": false,
    "count": 0,
    "updated": 1508522626
  },
  {
    "id": "f6a14d1b-3245-4278-9863-e43efd0ba683",
    "data": [
      {
        "text": "je",
        "meta": "@sys.ignore",
        "userDefined": true
      },
      {
        "text": " suis ",
        "userDefined": false
      },
      {
        "text": "super",
        "meta": "@sys.ignore",
        "userDefined": true
      },
      {
        "text": " fâchée",
        "userDefined": false
      }
    ],
    "isTemplate": false,
    "count": 0,
    "updated": 1508522626
  },
  {
    "id": "10e22cb4-8cf1-45c4-9a83-b6c84c0a5fa4",
    "data": [
      {
        "text": "je",
        "meta": "@sys.ignore",
        "userDefined": true
      },
      {
        "text": " suis ",
        "userDefined": false
      },
      {
        "text": "super",
        "meta": "@sys.ignore",
        "userDefined": true
      },
      {
        "text": " fâché",
        "userDefined": false
      }
    ],
    "isTemplate": false,
    "count": 0,
    "updated": 1508522626
  },
  {
    "id": "1a1f8565-c8e9-436c-9227-be77a703c0a9",
    "data": [
      {
        "text": "je",
        "meta": "@sys.ignore",
        "userDefined": true
      },
      {
        "text": " suis trop fâché",
        "userDefined": false
      }
    ],
    "isTemplate": false,
    "count": 0,
    "updated": 1508522626
  },
  {
    "id": "a841cc4d-309d-46e8-9dbb-43ab32e0fac6",
    "data": [
      {
        "text": "je",
        "meta": "@sys.ignore",
        "userDefined": true
      },
      {
        "text": " suis énervé",
        "userDefined": false
      }
    ],
    "isTemplate": false,
    "count": 0,
    "updated": 1508522626
  },
  {
    "id": "0e3a0092-b5d5-4995-b0c0-3f9838a5abad",
    "data": [
      {
        "text": "je",
        "meta": "@sys.ignore",
        "userDefined": true
      },
      {
        "text": " suis énervée",
        "userDefined": false
      }
    ],
    "isTemplate": false,
    "count": 0,
    "updated": 1508522626
  },
  {
    "id": "830a1523-d54f-471b-859b-cff2dc0e4572",
    "data": [
      {
        "text": "je",
        "meta": "@sys.ignore",
        "userDefined": true
      },
      {
        "text": " suis trop fâchée",
        "userDefined": false
      }
    ],
    "isTemplate": false,
    "count": 0,
    "updated": 1508522626
  },
  {
    "id": "bba79188-534b-4ee0-b247-925a3f213245",
    "data": [
      {
        "text": "ça me rend furieux",
        "userDefined": false
      }
    ],
    "isTemplate": false,
    "count": 0,
    "updated": 1508522626
  },
  {
    "id": "c1ce967b-7651-475c-a615-79f331d5bf3f",
    "data": [
      {
        "text": "fachée",
        "userDefined": false
      }
    ],
    "isTemplate": false,
    "count": 0,
    "updated": 1508522626
  },
  {
    "id": "73c25156-4931-4030-9c87-6720e31cb901",
    "data": [
      {
        "text": "fâchés",
        "userDefined": false
      }
    ],
    "isTemplate": false,
    "count": 0,
    "updated": 1508522626
  },
  {
    "id": "d99b557e-85d6-4d4b-ace3-223a8bee462f",
    "data": [
      {
        "text": "je",
        "meta": "@sys.ignore",
        "userDefined": true
      },
      {
        "text": " suis fâchée",
        "userDefined": false
      }
    ],
    "isTemplate": false,
    "count": 0,
    "updated": 1508522626
  },
  {
    "id": "f9ee3af6-7a3a-45f4-b6fa-4b4316bbff43",
    "data": [
      {
        "text": "fâchée",
        "userDefined": false
      }
    ],
    "isTemplate": false,
    "count": 0,
    "updated": 1508522626
  },
  {
    "id": "246098d0-21f6-4a13-a394-ed8bc16f4fdb",
    "data": [
      {
        "text": "je suis furieuse",
        "userDefined": false
      }
    ],
    "isTemplate": false,
    "count": 0,
    "updated": 1508522626
  },
  {
    "id": "1c31771e-60b5-4891-adf8-8ad35026f897",
    "data": [
      {
        "text": "fâché",
        "userDefined": false
      }
    ],
    "isTemplate": false,
    "count": 0,
    "updated": 1508522626
  },
  {
    "id": "47184b44-abd1-4c71-8ca5-22e1ce4306e2",
    "data": [
      {
        "text": "je suis furieux",
        "userDefined": false
      }
    ],
    "isTemplate": false,
    "count": 0,
    "updated": 1508522626
  },
  {
    "id": "1ff4a29b-42e9-4183-b6a6-d5668dc9b421",
    "data": [
      {
        "text": "faché",
        "userDefined": false
      }
    ],
    "isTemplate": false,
    "count": 0,
    "updated": 1508522626
  },
  {
    "id": "c811305f-0504-4907-a207-43cf06366830",
    "data": [
      {
        "text": "fâchées",
        "userDefined": false
      }
    ],
    "isTemplate": false,
    "count": 0,
    "updated": 1508522626
  },
  {
    "id": "bff2d5ba-d706-476f-91b6-f447d507d4e4",
    "data": [
      {
        "text": "je",
        "meta": "@sys.ignore",
        "userDefined": true
      },
      {
        "text": " suis fâché",
        "userDefined": false
      }
    ],
    "isTemplate": false,
    "count": 1,
    "updated": 1508522626
  }
]