[
  {
    "id": "423d8f5b-17bd-48db-ad6b-b28c5bf8eee0",
    "data": [
      {
        "text": "null",
        "userDefined": false
      }
    ],
    "isTemplate": false,
    "count": 0,
    "updated": 0
  },
  {
    "id": "22f64609-e6ce-45ce-8a8a-fbfc1b705d85",
    "data": [
      {
        "text": "atroce",
        "userDefined": false
      }
    ],
    "isTemplate": false,
    "count": 0,
    "updated": 0
  },
  {
    "id": "34a446de-2a5b-4044-b8a4-0967d4fd3c19",
    "data": [
      {
        "text": "c\u0027est horrible",
        "userDefined": false
      }
    ],
    "isTemplate": false,
    "count": 0,
    "updated": 0
  },
  {
    "id": "6212977e-6e1c-48fa-b7a9-a2df545b0913",
    "data": [
      {
        "text": "c\u0027est mauvais",
        "userDefined": false
      }
    ],
    "isTemplate": false,
    "count": 0,
    "updated": 0
  },
  {
    "id": "73e358e5-601f-47c3-950d-6436a78a16f2",
    "data": [
      {
        "text": "mauvais",
        "userDefined": false
      }
    ],
    "isTemplate": false,
    "count": 0,
    "updated": 0
  },
  {
    "id": "ca0ec56a-ff59-494a-adf1-a82caa868c70",
    "data": [
      {
        "text": "ce n\u0027est pas bien",
        "userDefined": false
      }
    ],
    "isTemplate": false,
    "count": 0,
    "updated": 0
  },
  {
    "id": "5d335daf-1567-4571-a21b-5fcbc8abc5cf",
    "data": [
      {
        "text": "c\u0027est très mauvais",
        "userDefined": false
      }
    ],
    "isTemplate": false,
    "count": 0,
    "updated": 0
  },
  {
    "id": "ca9482f4-2f7c-4354-bd5a-1dc6bc93de62",
    "data": [
      {
        "text": "mal",
        "userDefined": false
      }
    ],
    "isTemplate": false,
    "count": 0,
    "updated": 0
  },
  {
    "id": "75a62ef3-f28b-4671-ad8b-ef53b603451f",
    "data": [
      {
        "text": "abominable",
        "userDefined": false
      }
    ],
    "isTemplate": false,
    "count": 0,
    "updated": 0
  },
  {
    "id": "0a207080-e9eb-4fb1-958d-98d7dd1a0a74",
    "data": [
      {
        "text": "mauvaise",
        "userDefined": false
      }
    ],
    "isTemplate": false,
    "count": 0,
    "updated": 0
  },
  {
    "id": "55ba8291-6451-4236-abb3-3ff683abecf3",
    "data": [
      {
        "text": "dégoûtant",
        "userDefined": false
      }
    ],
    "isTemplate": false,
    "count": 0,
    "updated": 0
  },
  {
    "id": "a03c4ede-b49e-466f-8800-7a255740fc44",
    "data": [
      {
        "text": "nul",
        "meta": "@sys.ignore",
        "userDefined": false
      }
    ],
    "isTemplate": false,
    "count": 0,
    "updated": 0
  },
  {
    "id": "01da9984-4eaf-4526-9102-5923b89ec0d4",
    "data": [
      {
        "text": "épouvantable",
        "userDefined": false
      }
    ],
    "isTemplate": false,
    "count": 0,
    "updated": 0
  },
  {
    "id": "31f88c58-13cf-434c-bb4f-90ccd5a2b13d",
    "data": [
      {
        "text": "répugnante",
        "userDefined": false
      }
    ],
    "isTemplate": false,
    "count": 0,
    "updated": 0
  },
  {
    "id": "5265e51a-66a0-442e-a9db-50f7f6408e90",
    "data": [
      {
        "text": "moche",
        "userDefined": false
      }
    ],
    "isTemplate": false,
    "count": 0,
    "updated": 0
  },
  {
    "id": "22ea36f6-c9ca-4eae-a900-a084e92b10a6",
    "data": [
      {
        "text": "détestable",
        "userDefined": false
      }
    ],
    "isTemplate": false,
    "count": 0,
    "updated": 0
  },
  {
    "id": "3ff365f7-4b05-4149-99d4-eab3c225cfbc",
    "data": [
      {
        "text": "dégueulas",
        "userDefined": false
      }
    ],
    "isTemplate": false,
    "count": 0,
    "updated": 0
  },
  {
    "id": "d90b4184-2824-4cfb-a6fa-17baba0d62e4",
    "data": [
      {
        "text": "mediocre",
        "userDefined": false
      }
    ],
    "isTemplate": false,
    "count": 0,
    "updated": 0
  },
  {
    "id": "da6b4888-8883-4cc6-9bae-562b49683142",
    "data": [
      {
        "text": "répugnant",
        "userDefined": false
      }
    ],
    "isTemplate": false,
    "count": 0,
    "updated": 0
  },
  {
    "id": "3f21e75d-7554-461a-be8d-796a3052ae65",
    "data": [
      {
        "text": "déplorable",
        "userDefined": false
      }
    ],
    "isTemplate": false,
    "count": 0,
    "updated": 0
  },
  {
    "id": "be1e15bc-7756-4066-9b77-d913db5ee4f7",
    "data": [
      {
        "text": "désagréable",
        "userDefined": false
      }
    ],
    "isTemplate": false,
    "count": 0,
    "updated": 0
  },
  {
    "id": "1302791d-d47b-406e-aec8-7e07cd793f05",
    "data": [
      {
        "text": "foutu",
        "userDefined": false
      }
    ],
    "isTemplate": false,
    "count": 0,
    "updated": 0
  },
  {
    "id": "3a69225d-eaf0-4629-b06a-905de3beafcb",
    "data": [
      {
        "text": "pas ",
        "userDefined": false
      },
      {
        "text": "bon",
        "meta": "@sys.ignore",
        "userDefined": false
      }
    ],
    "isTemplate": false,
    "count": 0,
    "updated": 0
  },
  {
    "id": "7657d84b-7e79-45f8-8096-b1f648ec0673",
    "data": [
      {
        "text": "pas ",
        "userDefined": false
      },
      {
        "text": "bonne",
        "meta": "@sys.ignore",
        "userDefined": false
      }
    ],
    "isTemplate": false,
    "count": 0,
    "updated": 0
  },
  {
    "id": "b895885f-b7ae-457c-a8d7-06eeedc52a7f",
    "data": [
      {
        "text": "dégoûtante",
        "userDefined": false
      }
    ],
    "isTemplate": false,
    "count": 0,
    "updated": 0
  },
  {
    "id": "b3c31cdd-2beb-41a5-b43b-2b5954d95642",
    "data": [
      {
        "text": "fichu",
        "userDefined": false
      }
    ],
    "isTemplate": false,
    "count": 0,
    "updated": 0
  },
  {
    "id": "31fe7214-6203-4feb-9787-7b65871634f1",
    "data": [
      {
        "text": "déplaisant",
        "userDefined": false
      }
    ],
    "isTemplate": false,
    "count": 0,
    "updated": 0
  },
  {
    "id": "d962dcca-28d4-4bfd-a8ff-2f0ac47bd6a8",
    "data": [
      {
        "text": "pitoyable",
        "userDefined": false
      }
    ],
    "isTemplate": false,
    "count": 0,
    "updated": 0
  },
  {
    "id": "7fa20ece-98ba-48e9-b836-958a139b911b",
    "data": [
      {
        "text": "raté",
        "userDefined": false
      }
    ],
    "isTemplate": false,
    "count": 0,
    "updated": 0
  },
  {
    "id": "4659f6fc-3b07-48cb-afcb-367e77fb981b",
    "data": [
      {
        "text": "ignoble",
        "userDefined": false
      }
    ],
    "isTemplate": false,
    "count": 0,
    "updated": 0
  },
  {
    "id": "7be2a2fd-7e97-46f3-9905-28d217323f03",
    "data": [
      {
        "text": "horrible",
        "userDefined": false
      }
    ],
    "isTemplate": false,
    "count": 0,
    "updated": 0
  },
  {
    "id": "374ccba4-8f40-4fd0-b357-3c17fc71874d",
    "data": [
      {
        "text": "dégueulasse",
        "userDefined": false
      }
    ],
    "isTemplate": false,
    "count": 0,
    "updated": 0
  },
  {
    "id": "19691b21-13c0-425b-bf10-d77bab44ca44",
    "data": [
      {
        "text": "minable",
        "userDefined": false
      }
    ],
    "isTemplate": false,
    "count": 0,
    "updated": 0
  },
  {
    "id": "0f1a1dac-ac77-4454-a0af-51a4f3d8cf20",
    "data": [
      {
        "text": "affreux",
        "userDefined": false
      }
    ],
    "isTemplate": false,
    "count": 0,
    "updated": 0
  },
  {
    "id": "3d5c846a-51b5-4937-89d2-e7c974b2e1c8",
    "data": [
      {
        "text": "ignobles",
        "userDefined": false
      }
    ],
    "isTemplate": false,
    "count": 0,
    "updated": 0
  },
  {
    "id": "3dac90e7-3fb6-4868-8698-5065d73905a0",
    "data": [
      {
        "text": "pas bien",
        "userDefined": false
      }
    ],
    "isTemplate": false,
    "count": 0,
    "updated": 0
  },
  {
    "id": "610b6903-e98d-4559-afd8-06faa6330eb2",
    "data": [
      {
        "text": "terrible",
        "userDefined": false
      }
    ],
    "isTemplate": false,
    "count": 0,
    "updated": 0
  },
  {
    "id": "765ec5cd-beb3-4024-a01d-b84c82de39bf",
    "data": [
      {
        "text": "pas cools",
        "userDefined": false
      }
    ],
    "isTemplate": false,
    "count": 0,
    "updated": 0
  },
  {
    "id": "268afd1a-4f3e-4468-8378-639ce7cc2ea7",
    "data": [
      {
        "text": "dégueulasses",
        "userDefined": false
      }
    ],
    "isTemplate": false,
    "count": 0,
    "updated": 0
  },
  {
    "id": "e3d76957-f976-48f0-8671-1afcf9d37162",
    "data": [
      {
        "text": "répugnants",
        "userDefined": false
      }
    ],
    "isTemplate": false,
    "count": 0,
    "updated": 0
  },
  {
    "id": "e603615d-1d53-482f-9a0b-4f168f2e2f27",
    "data": [
      {
        "text": "répugnantes",
        "userDefined": false
      }
    ],
    "isTemplate": false,
    "count": 0,
    "updated": 0
  },
  {
    "id": "dd167b55-05be-44b8-9a84-def01ffebc15",
    "data": [
      {
        "text": "terribles",
        "userDefined": false
      }
    ],
    "isTemplate": false,
    "count": 0,
    "updated": 0
  },
  {
    "id": "494859fc-ec48-4768-8e9f-5423e30591a2",
    "data": [
      {
        "text": "dégoûtants",
        "userDefined": false
      }
    ],
    "isTemplate": false,
    "count": 0,
    "updated": 0
  },
  {
    "id": "e72fa568-e5da-47c4-a3cf-b10d557569d6",
    "data": [
      {
        "text": "atroces",
        "userDefined": false
      }
    ],
    "isTemplate": false,
    "count": 0,
    "updated": 0
  },
  {
    "id": "4f01f7fd-63a8-47a8-82dc-c2821837d6b1",
    "data": [
      {
        "text": "pas ",
        "userDefined": false
      },
      {
        "text": "bons",
        "meta": "@sys.ignore",
        "userDefined": false
      }
    ],
    "isTemplate": false,
    "count": 0,
    "updated": 0
  },
  {
    "id": "16fd4819-0f93-4560-a7b7-001d9ba4334c",
    "data": [
      {
        "text": "pas ",
        "userDefined": false
      },
      {
        "text": "cool",
        "meta": "@sys.ignore",
        "userDefined": false
      }
    ],
    "isTemplate": false,
    "count": 0,
    "updated": 0
  },
  {
    "id": "1e3a3db2-6d81-4f73-a638-8cf3bd596d43",
    "data": [
      {
        "text": "déplorables",
        "userDefined": false
      }
    ],
    "isTemplate": false,
    "count": 0,
    "updated": 0
  },
  {
    "id": "27c1c1f4-79ec-4d42-80d2-150d8a44c4ff",
    "data": [
      {
        "text": "pas ",
        "userDefined": false
      },
      {
        "text": "bonnes",
        "meta": "@sys.ignore",
        "userDefined": false
      }
    ],
    "isTemplate": false,
    "count": 0,
    "updated": 0
  },
  {
    "id": "49436e71-28dc-4bb6-a3db-1cda8b8c1ba6",
    "data": [
      {
        "text": "épouvantables",
        "userDefined": false
      }
    ],
    "isTemplate": false,
    "count": 0,
    "updated": 0
  },
  {
    "id": "1080df86-6f6a-4298-a3f5-3f550800bf12",
    "data": [
      {
        "text": "abominables",
        "userDefined": false
      }
    ],
    "isTemplate": false,
    "count": 0,
    "updated": 0
  },
  {
    "id": "355924ab-e229-470b-97fd-2df74b1f6135",
    "data": [
      {
        "text": "minables",
        "userDefined": false
      }
    ],
    "isTemplate": false,
    "count": 0,
    "updated": 0
  },
  {
    "id": "ebe26129-466b-4040-95e5-579e8328507d",
    "data": [
      {
        "text": "mediocres",
        "userDefined": false
      }
    ],
    "isTemplate": false,
    "count": 0,
    "updated": 0
  },
  {
    "id": "1c58f29c-f306-47f2-b4ee-470b60b2fbd8",
    "data": [
      {
        "text": "affreuse",
        "userDefined": false
      }
    ],
    "isTemplate": false,
    "count": 0,
    "updated": 0
  },
  {
    "id": "403bc594-5886-4bb3-a77f-8f917a655dc0",
    "data": [
      {
        "text": "dégoûtantes",
        "userDefined": false
      }
    ],
    "isTemplate": false,
    "count": 0,
    "updated": 0
  },
  {
    "id": "c5efed12-3d2c-4aab-9802-0732db8a4967",
    "data": [
      {
        "text": "affreuses",
        "userDefined": false
      }
    ],
    "isTemplate": false,
    "count": 0,
    "updated": 0
  },
  {
    "id": "40c1f1d3-0af6-41c7-8530-a17708f93af0",
    "data": [
      {
        "text": "détestables",
        "userDefined": false
      }
    ],
    "isTemplate": false,
    "count": 0,
    "updated": 0
  },
  {
    "id": "8cd969d7-9a8d-46c2-aea5-7f82eac1de2c",
    "data": [
      {
        "text": "déplaisants",
        "userDefined": false
      }
    ],
    "isTemplate": false,
    "count": 0,
    "updated": 0
  },
  {
    "id": "dbcea0dc-b4fd-4ceb-b8e3-053691542a58",
    "data": [
      {
        "text": "foutues",
        "userDefined": false
      }
    ],
    "isTemplate": false,
    "count": 0,
    "updated": 0
  },
  {
    "id": "0a6499aa-d648-4e37-a89d-b55a0736ff1b",
    "data": [
      {
        "text": "foutus",
        "userDefined": false
      }
    ],
    "isTemplate": false,
    "count": 0,
    "updated": 0
  },
  {
    "id": "114cde20-5c6b-4594-a1d5-05ffdc5c9cd3",
    "data": [
      {
        "text": "ratée",
        "userDefined": false
      }
    ],
    "isTemplate": false,
    "count": 0,
    "updated": 0
  },
  {
    "id": "183d06b4-446c-4082-bd25-01c75cf3730a",
    "data": [
      {
        "text": "nulle",
        "userDefined": false
      }
    ],
    "isTemplate": false,
    "count": 0,
    "updated": 0
  },
  {
    "id": "d8590e49-26ee-4970-a499-297374e9b694",
    "data": [
      {
        "text": "c\u0027est trop ",
        "userDefined": false
      },
      {
        "text": "nul",
        "meta": "@sys.ignore",
        "userDefined": false
      }
    ],
    "isTemplate": false,
    "count": 0,
    "updated": 0
  },
  {
    "id": "ec145308-6455-458e-8b10-51d1be3988b5",
    "data": [
      {
        "text": "c\u0027est très ",
        "userDefined": false
      },
      {
        "text": "nul",
        "meta": "@sys.ignore",
        "userDefined": false
      }
    ],
    "isTemplate": false,
    "count": 0,
    "updated": 0
  },
  {
    "id": "3d7aa95b-646d-4b29-a64e-6f1e4c802483",
    "data": [
      {
        "text": "nuls",
        "userDefined": false
      }
    ],
    "isTemplate": false,
    "count": 0,
    "updated": 0
  },
  {
    "id": "d61d0a5d-15cf-4b28-befd-4c2fd9e2e743",
    "data": [
      {
        "text": "fichue",
        "userDefined": false
      }
    ],
    "isTemplate": false,
    "count": 0,
    "updated": 0
  },
  {
    "id": "e14cdc2a-4b9b-4b58-945a-f8e7bc2a2ccd",
    "data": [
      {
        "text": "horribles",
        "userDefined": false
      }
    ],
    "isTemplate": false,
    "count": 0,
    "updated": 0
  },
  {
    "id": "893c6f2e-2cf7-4f1e-8759-8a9d90520e4a",
    "data": [
      {
        "text": "c\u0027est mal",
        "userDefined": false
      }
    ],
    "isTemplate": false,
    "count": 1,
    "updated": 0
  },
  {
    "id": "22c0c065-1e7f-4b0d-b05f-7b864b97da6e",
    "data": [
      {
        "text": "pitoyables",
        "userDefined": false
      }
    ],
    "isTemplate": false,
    "count": 0,
    "updated": 0
  },
  {
    "id": "e63ac282-4ba2-45bb-8915-4ad949a0176f",
    "data": [
      {
        "text": "c\u0027est trop mal",
        "userDefined": false
      }
    ],
    "isTemplate": false,
    "count": 0,
    "updated": 0
  },
  {
    "id": "5bfe6f42-721e-4079-85c2-22bf70b576bf",
    "data": [
      {
        "text": "désagréables",
        "userDefined": false
      }
    ],
    "isTemplate": false,
    "count": 0,
    "updated": 0
  },
  {
    "id": "47f37cd3-ee75-4440-bbff-11651d41b61d",
    "data": [
      {
        "text": "c\u0027est ",
        "userDefined": false
      },
      {
        "text": "nul",
        "meta": "@sys.ignore",
        "userDefined": false
      }
    ],
    "isTemplate": false,
    "count": 0,
    "updated": 0
  },
  {
    "id": "9dfb6b3f-1ac1-4bea-8218-a33f98ec0e9c",
    "data": [
      {
        "text": "fichues",
        "userDefined": false
      }
    ],
    "isTemplate": false,
    "count": 0,
    "updated": 0
  },
  {
    "id": "19efcd6f-66ea-44af-b68c-7233e95d0b03",
    "data": [
      {
        "text": "foutue",
        "userDefined": false
      }
    ],
    "isTemplate": false,
    "count": 0,
    "updated": 0
  },
  {
    "id": "8a621616-1cf5-4ed9-99c0-2aed7e87eedc",
    "data": [
      {
        "text": "c\u0027est très mal",
        "userDefined": false
      }
    ],
    "isTemplate": false,
    "count": 1,
    "updated": 0
  },
  {
    "id": "6642f819-65a8-452a-b82c-3b60f143395e",
    "data": [
      {
        "text": "déplaisantes",
        "userDefined": false
      }
    ],
    "isTemplate": false,
    "count": 0,
    "updated": 0
  },
  {
    "id": "fd75ea49-53eb-4640-9736-3b00916d0b0a",
    "data": [
      {
        "text": "ratées",
        "userDefined": false
      }
    ],
    "isTemplate": false,
    "count": 0,
    "updated": 0
  },
  {
    "id": "413292a8-6af9-4d50-8715-fe3e69781785",
    "data": [
      {
        "text": "ratés",
        "userDefined": false
      }
    ],
    "isTemplate": false,
    "count": 0,
    "updated": 0
  },
  {
    "id": "99abc3ba-4524-44d7-8bc8-8dcb7b4dd5f2",
    "data": [
      {
        "text": "fichus",
        "userDefined": false
      }
    ],
    "isTemplate": false,
    "count": 0,
    "updated": 0
  },
  {
    "id": "8f9d3fa3-cc13-44cc-8496-ce05c2bde5f1",
    "data": [
      {
        "text": "nulles",
        "userDefined": false
      }
    ],
    "isTemplate": false,
    "count": 0,
    "updated": 0
  },
  {
    "id": "8f2fc669-83ba-4ec3-97e7-a0c5226e016a",
    "data": [
      {
        "text": "c\u0027est pas bien",
        "userDefined": false
      }
    ],
    "isTemplate": false,
    "count": 1,
    "updated": 0
  },
  {
    "id": "236262e7-d286-423c-85fe-72be83411f7e",
    "data": [
      {
        "text": "moches",
        "userDefined": false
      }
    ],
    "isTemplate": false,
    "count": 0,
    "updated": 0
  },
  {
    "id": "69e88958-3717-445a-92df-b4236b29f388",
    "data": [
      {
        "text": "ceci est trop mal",
        "userDefined": false
      }
    ],
    "isTemplate": false,
    "count": 0,
    "updated": 0
  },
  {
    "id": "91a32af6-4722-495b-a1a5-167d61ee633e",
    "data": [
      {
        "text": "nuul",
        "userDefined": false
      }
    ],
    "isTemplate": false,
    "count": 0,
    "updated": 0
  },
  {
    "id": "98c03b1c-e043-48dd-8447-6a14252f64dc",
    "data": [
      {
        "text": "cela est mal",
        "userDefined": false
      }
    ],
    "isTemplate": false,
    "count": 0,
    "updated": 0
  },
  {
    "id": "a7a155a3-1b38-4180-91e3-8bbdbc85e37a",
    "data": [
      {
        "text": "c\u0027est trop trop ",
        "userDefined": false
      },
      {
        "text": "nul",
        "meta": "@sys.ignore",
        "userDefined": false
      }
    ],
    "isTemplate": false,
    "count": 0,
    "updated": 0
  },
  {
    "id": "0110b4e6-c4fe-4fbd-b55f-aa1a9a6ec67e",
    "data": [
      {
        "text": "cela est mauvais",
        "userDefined": false
      }
    ],
    "isTemplate": false,
    "count": 0,
    "updated": 0
  },
  {
    "id": "bdb162f9-b061-41be-b0c9-9c15c7b1d3e4",
    "data": [
      {
        "text": "ceci est trop mauvais",
        "userDefined": false
      }
    ],
    "isTemplate": false,
    "count": 0,
    "updated": 0
  },
  {
    "id": "ed189788-6d1b-44d6-94cf-579ac16ad8a9",
    "data": [
      {
        "text": "nuuul",
        "userDefined": false
      }
    ],
    "isTemplate": false,
    "count": 0,
    "updated": 0
  },
  {
    "id": "f4fc26c2-e208-4c65-b7cf-2ea564cc9a7b",
    "data": [
      {
        "text": "trop ",
        "userDefined": false
      },
      {
        "text": "nul",
        "meta": "@sys.ignore",
        "userDefined": false
      }
    ],
    "isTemplate": false,
    "count": 0,
    "updated": 0
  },
  {
    "id": "11bb1bca-88b6-49ee-8f41-d90b985db192",
    "data": [
      {
        "text": "cela est trop mal",
        "userDefined": false
      }
    ],
    "isTemplate": false,
    "count": 0,
    "updated": 0
  },
  {
    "id": "f77685f9-ffd3-4d13-b180-de9086e67f96",
    "data": [
      {
        "text": "cela est trop mauvais",
        "userDefined": false
      }
    ],
    "isTemplate": false,
    "count": 0,
    "updated": 0
  },
  {
    "id": "7b3c8899-c33b-442b-a74c-a98356615082",
    "data": [
      {
        "text": "ceci est mal",
        "userDefined": false
      }
    ],
    "isTemplate": false,
    "count": 0,
    "updated": 0
  },
  {
    "id": "333fc76a-dbd7-4769-8092-12fafc8c1f34",
    "data": [
      {
        "text": "ceci est mauvais",
        "userDefined": false
      }
    ],
    "isTemplate": false,
    "count": 0,
    "updated": 0
  }
]