[
  {
    "id": "ab58231e-3153-4e54-b738-744d5fa3b813",
    "data": [
      {
        "text": "c\u0027est très mauvais",
        "userDefined": false
      }
    ],
    "isTemplate": false,
    "count": 0,
    "updated": 1508522626
  },
  {
    "id": "8c1a9029-a0c3-45c2-b62e-e8f405214bb1",
    "data": [
      {
        "text": "c\u0027est horrible",
        "userDefined": false
      }
    ],
    "isTemplate": false,
    "count": 0,
    "updated": 1508522626
  },
  {
    "id": "deecc9b7-13e4-46b7-b878-7e094a85a39f",
    "data": [
      {
        "text": "dégueulasse",
        "userDefined": false
      }
    ],
    "isTemplate": false,
    "count": 0,
    "updated": 1508522626
  },
  {
    "id": "f671ee7b-7ec0-4e78-9c52-22a696a3910d",
    "data": [
      {
        "text": "horrible",
        "userDefined": false
      }
    ],
    "isTemplate": false,
    "count": 0,
    "updated": 1508522626
  },
  {
    "id": "7095620c-eed0-4cee-8058-16d65abc1b23",
    "data": [
      {
        "text": "pas ",
        "userDefined": false
      },
      {
        "text": "cool",
        "meta": "@sys.ignore",
        "userDefined": false
      }
    ],
    "isTemplate": false,
    "count": 0,
    "updated": 1508522626
  },
  {
    "id": "e1d12fb1-2fe2-46b7-b21a-a0a82dad4ffe",
    "data": [
      {
        "text": "horribles",
        "userDefined": false
      }
    ],
    "isTemplate": false,
    "count": 0,
    "updated": 1508522626
  },
  {
    "id": "676926e2-4ec3-4718-aee3-60465a2419fa",
    "data": [
      {
        "text": "foutus",
        "userDefined": false
      }
    ],
    "isTemplate": false,
    "count": 0,
    "updated": 1508522626
  },
  {
    "id": "24dbcdb0-b7a8-4965-83fd-67c1baaeec31",
    "data": [
      {
        "text": "cela est trop mauvais",
        "userDefined": false
      }
    ],
    "isTemplate": false,
    "count": 0,
    "updated": 1508522626
  },
  {
    "id": "b3b4b274-c011-4f3d-b528-068284af05e8",
    "data": [
      {
        "text": "mauvais",
        "userDefined": false
      }
    ],
    "isTemplate": false,
    "count": 0,
    "updated": 1508522626
  },
  {
    "id": "14dcb98b-bb19-477d-b716-535a3047d98d",
    "data": [
      {
        "text": "détestable",
        "userDefined": false
      }
    ],
    "isTemplate": false,
    "count": 0,
    "updated": 1508522626
  },
  {
    "id": "ce826527-82aa-4e39-a017-b24405e9b68b",
    "data": [
      {
        "text": "mediocres",
        "userDefined": false
      }
    ],
    "isTemplate": false,
    "count": 0,
    "updated": 1508522626
  },
  {
    "id": "c06a4eaa-36f9-4b17-833a-beed68959712",
    "data": [
      {
        "text": "nulle",
        "userDefined": false
      }
    ],
    "isTemplate": false,
    "count": 0,
    "updated": 1508522626
  },
  {
    "id": "4d596452-9244-4bcc-982e-14c16be40d64",
    "data": [
      {
        "text": "c\u0027est mal",
        "userDefined": false
      }
    ],
    "isTemplate": false,
    "count": 1,
    "updated": 1508522626
  },
  {
    "id": "03c7d250-dcbe-421d-8350-787cde9f92c9",
    "data": [
      {
        "text": "affreux",
        "userDefined": false
      }
    ],
    "isTemplate": false,
    "count": 0,
    "updated": 1508522626
  },
  {
    "id": "dd04d176-9fd7-4c84-9a6c-694cd918c5af",
    "data": [
      {
        "text": "répugnantes",
        "userDefined": false
      }
    ],
    "isTemplate": false,
    "count": 0,
    "updated": 1508522626
  },
  {
    "id": "b37204b1-ea46-45d2-b05c-2168aa28c172",
    "data": [
      {
        "text": "désagréables",
        "userDefined": false
      }
    ],
    "isTemplate": false,
    "count": 0,
    "updated": 1508522626
  },
  {
    "id": "c2f48f63-07bc-40fc-a25f-df6981a99fc1",
    "data": [
      {
        "text": "foutues",
        "userDefined": false
      }
    ],
    "isTemplate": false,
    "count": 0,
    "updated": 1508522626
  },
  {
    "id": "80a4e653-0b50-4344-ac02-2ea963929316",
    "data": [
      {
        "text": "c\u0027est très mal",
        "userDefined": false
      }
    ],
    "isTemplate": false,
    "count": 1,
    "updated": 1508522626
  },
  {
    "id": "ef8670c4-2c10-47b0-a02c-8192f95d1583",
    "data": [
      {
        "text": "ceci est mal",
        "userDefined": false
      }
    ],
    "isTemplate": false,
    "count": 0,
    "updated": 1508522626
  },
  {
    "id": "dd54cbdb-c71a-45a6-b337-6a7557809ff1",
    "data": [
      {
        "text": "pitoyable",
        "userDefined": false
      }
    ],
    "isTemplate": false,
    "count": 0,
    "updated": 1508522626
  },
  {
    "id": "afcd8cf6-6199-4b70-b606-5477bbabe40d",
    "data": [
      {
        "text": "ratées",
        "userDefined": false
      }
    ],
    "isTemplate": false,
    "count": 0,
    "updated": 1508522626
  },
  {
    "id": "b16a4297-ebac-4b9d-862d-28c2a0cf7597",
    "data": [
      {
        "text": "abominable",
        "userDefined": false
      }
    ],
    "isTemplate": false,
    "count": 0,
    "updated": 1508522626
  },
  {
    "id": "ea2cd462-4b4d-4eff-a007-3b5f86ab9786",
    "data": [
      {
        "text": "déplaisant",
        "userDefined": false
      }
    ],
    "isTemplate": false,
    "count": 0,
    "updated": 1508522626
  },
  {
    "id": "f0c363f8-c31e-4789-b8de-8b4e9de79b32",
    "data": [
      {
        "text": "pas bien",
        "userDefined": false
      }
    ],
    "isTemplate": false,
    "count": 0,
    "updated": 1508522626
  },
  {
    "id": "49769fc5-9687-44ee-80df-84848888d308",
    "data": [
      {
        "text": "c\u0027est ",
        "userDefined": false
      },
      {
        "text": "nul",
        "meta": "@sys.ignore",
        "userDefined": false
      }
    ],
    "isTemplate": false,
    "count": 0,
    "updated": 1508522626
  },
  {
    "id": "92a8b79e-1383-4298-97c4-eb48058c087a",
    "data": [
      {
        "text": "mal",
        "userDefined": false
      }
    ],
    "isTemplate": false,
    "count": 0,
    "updated": 1508522626
  },
  {
    "id": "2daf103c-9325-4a92-9453-07d81d3be874",
    "data": [
      {
        "text": "dégoûtant",
        "userDefined": false
      }
    ],
    "isTemplate": false,
    "count": 0,
    "updated": 1508522626
  },
  {
    "id": "3a2b81c6-02d1-4e3a-8f32-e8861a1f9209",
    "data": [
      {
        "text": "répugnant",
        "userDefined": false
      }
    ],
    "isTemplate": false,
    "count": 0,
    "updated": 1508522626
  },
  {
    "id": "f4e5aa7a-64f1-4246-82f5-094441425353",
    "data": [
      {
        "text": "pas ",
        "userDefined": false
      },
      {
        "text": "bonne",
        "meta": "@sys.ignore",
        "userDefined": false
      }
    ],
    "isTemplate": false,
    "count": 0,
    "updated": 1508522626
  },
  {
    "id": "fcd66f42-2bcc-4a1a-bb4a-10d410707720",
    "data": [
      {
        "text": "dégoûtantes",
        "userDefined": false
      }
    ],
    "isTemplate": false,
    "count": 0,
    "updated": 1508522626
  },
  {
    "id": "8a9ee3f7-2dee-4445-95e8-a363abd1f3bf",
    "data": [
      {
        "text": "dégueulasses",
        "userDefined": false
      }
    ],
    "isTemplate": false,
    "count": 0,
    "updated": 1508522626
  },
  {
    "id": "bc57fcbb-3bbd-491c-8955-a0d44be6e2b6",
    "data": [
      {
        "text": "déplaisants",
        "userDefined": false
      }
    ],
    "isTemplate": false,
    "count": 0,
    "updated": 1508522626
  },
  {
    "id": "13c66b4b-0665-4ac9-9a1e-bdc6ddee696d",
    "data": [
      {
        "text": "moches",
        "userDefined": false
      }
    ],
    "isTemplate": false,
    "count": 0,
    "updated": 1508522626
  },
  {
    "id": "3f0c191d-a2e6-41dc-b3ef-1fe7f315f6a9",
    "data": [
      {
        "text": "nuuul",
        "userDefined": false
      }
    ],
    "isTemplate": false,
    "count": 0,
    "updated": 1508522626
  },
  {
    "id": "0c313e47-affa-4b63-9335-b3a2cd743cd4",
    "data": [
      {
        "text": "pas ",
        "userDefined": false
      },
      {
        "text": "bon",
        "meta": "@sys.ignore",
        "userDefined": false
      }
    ],
    "isTemplate": false,
    "count": 0,
    "updated": 1508522626
  },
  {
    "id": "dcd31aaa-abd0-45a0-950f-40906491e936",
    "data": [
      {
        "text": "abominables",
        "userDefined": false
      }
    ],
    "isTemplate": false,
    "count": 0,
    "updated": 1508522626
  },
  {
    "id": "a10f9202-0e1e-4b14-8a92-45bb38af7dab",
    "data": [
      {
        "text": "atroces",
        "userDefined": false
      }
    ],
    "isTemplate": false,
    "count": 0,
    "updated": 1508522626
  },
  {
    "id": "8b77bc93-0062-4263-b74b-7c870462b7a1",
    "data": [
      {
        "text": "ratés",
        "userDefined": false
      }
    ],
    "isTemplate": false,
    "count": 0,
    "updated": 1508522626
  },
  {
    "id": "e3e86314-ec7e-46da-a9ef-8b73d0903c61",
    "data": [
      {
        "text": "nuul",
        "userDefined": false
      }
    ],
    "isTemplate": false,
    "count": 0,
    "updated": 1508522626
  },
  {
    "id": "74444b3d-5100-4c78-badb-c7d2d5d2aa27",
    "data": [
      {
        "text": "raté",
        "userDefined": false
      }
    ],
    "isTemplate": false,
    "count": 0,
    "updated": 1508522626
  },
  {
    "id": "1760ae06-3fb8-4de7-8a92-b755f9fddad8",
    "data": [
      {
        "text": "déplaisantes",
        "userDefined": false
      }
    ],
    "isTemplate": false,
    "count": 0,
    "updated": 1508522626
  },
  {
    "id": "68b8e798-f1e1-4da8-a8bd-ece5f1f61a14",
    "data": [
      {
        "text": "c\u0027est trop mal",
        "userDefined": false
      }
    ],
    "isTemplate": false,
    "count": 0,
    "updated": 1508522626
  },
  {
    "id": "2ebeeeea-c4db-4f82-9d81-d4669a45eb2b",
    "data": [
      {
        "text": "ceci est trop mal",
        "userDefined": false
      }
    ],
    "isTemplate": false,
    "count": 0,
    "updated": 1508522626
  },
  {
    "id": "00fea306-d971-402d-b961-25a1d6044e33",
    "data": [
      {
        "text": "foutu",
        "userDefined": false
      }
    ],
    "isTemplate": false,
    "count": 0,
    "updated": 1508522626
  },
  {
    "id": "8096a2ec-9a29-4130-a371-854128119db8",
    "data": [
      {
        "text": "minables",
        "userDefined": false
      }
    ],
    "isTemplate": false,
    "count": 0,
    "updated": 1508522626
  },
  {
    "id": "f1807a29-010e-497c-8384-33a518bac266",
    "data": [
      {
        "text": "répugnants",
        "userDefined": false
      }
    ],
    "isTemplate": false,
    "count": 0,
    "updated": 1508522626
  },
  {
    "id": "f5facbed-5bdb-4230-9bf1-3cac793e9830",
    "data": [
      {
        "text": "c\u0027est très ",
        "userDefined": false
      },
      {
        "text": "nul",
        "meta": "@sys.ignore",
        "userDefined": false
      }
    ],
    "isTemplate": false,
    "count": 0,
    "updated": 1508522626
  },
  {
    "id": "1db18d8b-a63b-4a00-ae9e-d7bebb0f1b15",
    "data": [
      {
        "text": "trop ",
        "userDefined": false
      },
      {
        "text": "nul",
        "meta": "@sys.ignore",
        "userDefined": false
      }
    ],
    "isTemplate": false,
    "count": 0,
    "updated": 1508522626
  },
  {
    "id": "45299107-ea60-4c18-ac9f-b59c6c67a846",
    "data": [
      {
        "text": "atroce",
        "userDefined": false
      }
    ],
    "isTemplate": false,
    "count": 0,
    "updated": 1508522626
  },
  {
    "id": "04b05fb7-728b-4b33-98f1-ac5aab8728a4",
    "data": [
      {
        "text": "déplorable",
        "userDefined": false
      }
    ],
    "isTemplate": false,
    "count": 0,
    "updated": 1508522626
  },
  {
    "id": "3519ee5c-5086-4fcf-8e62-f3405fad18a2",
    "data": [
      {
        "text": "minable",
        "userDefined": false
      }
    ],
    "isTemplate": false,
    "count": 0,
    "updated": 1508522626
  },
  {
    "id": "ec00e1ae-a0f0-4aa2-8afd-1fabd4d5d90c",
    "data": [
      {
        "text": "répugnante",
        "userDefined": false
      }
    ],
    "isTemplate": false,
    "count": 0,
    "updated": 1508522626
  },
  {
    "id": "52441444-9546-42ac-930f-0f6ac3359b59",
    "data": [
      {
        "text": "fichu",
        "userDefined": false
      }
    ],
    "isTemplate": false,
    "count": 0,
    "updated": 1508522626
  },
  {
    "id": "eb5749d9-e0f3-423d-8d56-842ab28054ec",
    "data": [
      {
        "text": "terrible",
        "userDefined": false
      }
    ],
    "isTemplate": false,
    "count": 0,
    "updated": 1508522626
  },
  {
    "id": "dfd6ef4b-f5c9-4467-942d-e639afc1649f",
    "data": [
      {
        "text": "déplorables",
        "userDefined": false
      }
    ],
    "isTemplate": false,
    "count": 0,
    "updated": 1508522626
  },
  {
    "id": "e296ebfa-3ad2-4849-a78e-720a971b8717",
    "data": [
      {
        "text": "nulles",
        "userDefined": false
      }
    ],
    "isTemplate": false,
    "count": 0,
    "updated": 1508522626
  },
  {
    "id": "d423bb2c-e2f1-4ce0-9f75-075900437c15",
    "data": [
      {
        "text": "ratée",
        "userDefined": false
      }
    ],
    "isTemplate": false,
    "count": 0,
    "updated": 1508522626
  },
  {
    "id": "4a0584a7-667c-402e-a88f-227e227f4566",
    "data": [
      {
        "text": "c\u0027est trop ",
        "userDefined": false
      },
      {
        "text": "nul",
        "meta": "@sys.ignore",
        "userDefined": false
      }
    ],
    "isTemplate": false,
    "count": 0,
    "updated": 1508522626
  },
  {
    "id": "27cd14e1-fc1e-47ae-817e-a7f9bb7d4d6c",
    "data": [
      {
        "text": "c\u0027est trop trop ",
        "userDefined": false
      },
      {
        "text": "nul",
        "meta": "@sys.ignore",
        "userDefined": false
      }
    ],
    "isTemplate": false,
    "count": 0,
    "updated": 1508522626
  },
  {
    "id": "13da802c-e890-4842-91f9-51a5f991eb0e",
    "data": [
      {
        "text": "c\u0027est mauvais",
        "userDefined": false
      }
    ],
    "isTemplate": false,
    "count": 0,
    "updated": 1508522626
  },
  {
    "id": "86622d98-7690-4dca-be72-77c5a4f2dd96",
    "data": [
      {
        "text": "mauvaise",
        "userDefined": false
      }
    ],
    "isTemplate": false,
    "count": 0,
    "updated": 1508522626
  },
  {
    "id": "ec29904d-1330-44f5-a94d-c88e1b279845",
    "data": [
      {
        "text": "épouvantable",
        "userDefined": false
      }
    ],
    "isTemplate": false,
    "count": 0,
    "updated": 1508522626
  },
  {
    "id": "1e4ba6ec-cc42-4234-9e89-0dd85f61eecd",
    "data": [
      {
        "text": "nul",
        "meta": "@sys.ignore",
        "userDefined": false
      }
    ],
    "isTemplate": false,
    "count": 0,
    "updated": 1508522626
  },
  {
    "id": "43865b40-143e-404d-aa7e-615c8278db2e",
    "data": [
      {
        "text": "terribles",
        "userDefined": false
      }
    ],
    "isTemplate": false,
    "count": 0,
    "updated": 1508522626
  },
  {
    "id": "4e12aef4-264d-404a-8726-50c76755ec75",
    "data": [
      {
        "text": "nuls",
        "userDefined": false
      }
    ],
    "isTemplate": false,
    "count": 0,
    "updated": 1508522626
  },
  {
    "id": "918ffe84-2b37-4e56-8b71-2656696bda68",
    "data": [
      {
        "text": "fichue",
        "userDefined": false
      }
    ],
    "isTemplate": false,
    "count": 0,
    "updated": 1508522626
  },
  {
    "id": "c365fb5b-d8f1-47b3-8919-c2ac9804f0eb",
    "data": [
      {
        "text": "c\u0027est pas bien",
        "userDefined": false
      }
    ],
    "isTemplate": false,
    "count": 1,
    "updated": 1508522626
  },
  {
    "id": "d3aaea98-af03-42fd-b799-8ead1a3251f7",
    "data": [
      {
        "text": "cela est mauvais",
        "userDefined": false
      }
    ],
    "isTemplate": false,
    "count": 0,
    "updated": 1508522626
  },
  {
    "id": "a0a0ad18-4b93-42b5-8696-c58503c448b0",
    "data": [
      {
        "text": "dégoûtante",
        "userDefined": false
      }
    ],
    "isTemplate": false,
    "count": 0,
    "updated": 1508522626
  },
  {
    "id": "7545d44d-59ee-441f-aadf-7f5eab12b1a1",
    "data": [
      {
        "text": "désagréable",
        "userDefined": false
      }
    ],
    "isTemplate": false,
    "count": 0,
    "updated": 1508522626
  },
  {
    "id": "99092627-8b1c-4533-a03c-3d732bd42fce",
    "data": [
      {
        "text": "moche",
        "userDefined": false
      }
    ],
    "isTemplate": false,
    "count": 0,
    "updated": 1508522626
  },
  {
    "id": "589f1534-af7e-4e1e-935d-d13e42feb157",
    "data": [
      {
        "text": "ignobles",
        "userDefined": false
      }
    ],
    "isTemplate": false,
    "count": 0,
    "updated": 1508522626
  },
  {
    "id": "2109e84a-850f-485e-86c1-32e7f4f67423",
    "data": [
      {
        "text": "épouvantables",
        "userDefined": false
      }
    ],
    "isTemplate": false,
    "count": 0,
    "updated": 1508522626
  },
  {
    "id": "6142720e-d4c0-49cb-a023-7117b4cdcd2b",
    "data": [
      {
        "text": "détestables",
        "userDefined": false
      }
    ],
    "isTemplate": false,
    "count": 0,
    "updated": 1508522626
  },
  {
    "id": "3c729e61-6033-4e6f-bcc1-e00e97817bf7",
    "data": [
      {
        "text": "affreuse",
        "userDefined": false
      }
    ],
    "isTemplate": false,
    "count": 0,
    "updated": 1508522626
  },
  {
    "id": "c2ab1202-b26c-4f48-aa38-53168de18977",
    "data": [
      {
        "text": "fichues",
        "userDefined": false
      }
    ],
    "isTemplate": false,
    "count": 0,
    "updated": 1508522626
  },
  {
    "id": "d892dc03-4092-42eb-a2bb-9f75aefbcb63",
    "data": [
      {
        "text": "foutue",
        "userDefined": false
      }
    ],
    "isTemplate": false,
    "count": 0,
    "updated": 1508522626
  },
  {
    "id": "67cdc00a-b666-4e6f-8713-d8bbfcbc5b9b",
    "data": [
      {
        "text": "cela est mal",
        "userDefined": false
      }
    ],
    "isTemplate": false,
    "count": 0,
    "updated": 1508522626
  },
  {
    "id": "cddbbb04-302d-41ae-8ae3-e3473b21653e",
    "data": [
      {
        "text": "ce n\u0027est pas bien",
        "userDefined": false
      }
    ],
    "isTemplate": false,
    "count": 0,
    "updated": 1508522626
  },
  {
    "id": "78fa1b3d-fa16-4215-a653-b73d450934ae",
    "data": [
      {
        "text": "dégueulas",
        "userDefined": false
      }
    ],
    "isTemplate": false,
    "count": 0,
    "updated": 1508522626
  },
  {
    "id": "a243e989-8241-44dd-a652-2c737f73a754",
    "data": [
      {
        "text": "affreuses",
        "userDefined": false
      }
    ],
    "isTemplate": false,
    "count": 0,
    "updated": 1508522626
  },
  {
    "id": "a7c1456d-833b-4a03-9357-d86dcd4ecf8b",
    "data": [
      {
        "text": "pitoyables",
        "userDefined": false
      }
    ],
    "isTemplate": false,
    "count": 0,
    "updated": 1508522626
  },
  {
    "id": "bdff3937-e6a9-4ebd-a2ba-76f890604aaa",
    "data": [
      {
        "text": "mediocre",
        "userDefined": false
      }
    ],
    "isTemplate": false,
    "count": 0,
    "updated": 1508522626
  },
  {
    "id": "675e6db1-f904-44f5-8be6-fcd7d98e62a0",
    "data": [
      {
        "text": "dégoûtants",
        "userDefined": false
      }
    ],
    "isTemplate": false,
    "count": 0,
    "updated": 1508522626
  },
  {
    "id": "75e106bf-8a20-43e7-8f2b-7f18bd6b9bf6",
    "data": [
      {
        "text": "cela est trop mal",
        "userDefined": false
      }
    ],
    "isTemplate": false,
    "count": 0,
    "updated": 1508522626
  },
  {
    "id": "75793e29-c09e-4bfd-8c33-9fa19f508801",
    "data": [
      {
        "text": "ignoble",
        "userDefined": false
      }
    ],
    "isTemplate": false,
    "count": 0,
    "updated": 1508522626
  },
  {
    "id": "1118384d-e6d0-4f19-aa51-bf2d76938ea4",
    "data": [
      {
        "text": "pas ",
        "userDefined": false
      },
      {
        "text": "bons",
        "meta": "@sys.ignore",
        "userDefined": false
      }
    ],
    "isTemplate": false,
    "count": 0,
    "updated": 1508522626
  },
  {
    "id": "b65ed02c-ff90-4272-a213-111124547e2b",
    "data": [
      {
        "text": "pas ",
        "userDefined": false
      },
      {
        "text": "bonnes",
        "meta": "@sys.ignore",
        "userDefined": false
      }
    ],
    "isTemplate": false,
    "count": 0,
    "updated": 1508522626
  },
  {
    "id": "b3228eb1-15fe-4589-905e-d59b19288970",
    "data": [
      {
        "text": "pas cools",
        "userDefined": false
      }
    ],
    "isTemplate": false,
    "count": 0,
    "updated": 1508522626
  },
  {
    "id": "380fbdc4-3b32-47b7-9a76-cf0d620c1ced",
    "data": [
      {
        "text": "fichus",
        "userDefined": false
      }
    ],
    "isTemplate": false,
    "count": 0,
    "updated": 1508522626
  },
  {
    "id": "76b41239-3e4f-4c01-9ef0-7b09780fa946",
    "data": [
      {
        "text": "ceci est mauvais",
        "userDefined": false
      }
    ],
    "isTemplate": false,
    "count": 0,
    "updated": 1508522626
  },
  {
    "id": "1fdd0301-d0b5-48c6-811f-ca5ef0adb9d8",
    "data": [
      {
        "text": "ceci est trop mauvais",
        "userDefined": false
      }
    ],
    "isTemplate": false,
    "count": 0,
    "updated": 1508522626
  }
]