[
  {
    "id": "82a418a8-f09e-4a76-82ee-912ac9ccaa9d",
    "data": [
      {
        "text": "je vais aller dormir",
        "userDefined": false
      }
    ],
    "isTemplate": false,
    "count": 0,
    "updated": 0
  },
  {
    "id": "ece9c079-3e77-49f4-8de4-7b0604a4a5da",
    "data": [
      {
        "text": "il est temps d\u0027aller au lit",
        "userDefined": false
      }
    ],
    "isTemplate": false,
    "count": 0,
    "updated": 0
  },
  {
    "id": "d2bbf3e2-7a7d-4912-883a-b57c5a387d89",
    "data": [
      {
        "text": "je vais dormir",
        "userDefined": false
      }
    ],
    "isTemplate": false,
    "count": 0,
    "updated": 0
  },
  {
    "id": "326ece42-a930-4ed4-9637-ddab668cb346",
    "data": [
      {
        "text": "il faut que j\u0027aille dormir",
        "userDefined": false
      }
    ],
    "isTemplate": false,
    "count": 0,
    "updated": 0
  },
  {
    "id": "8a6d2cf1-27f1-49bf-a46f-7d73f033d6eb",
    "data": [
      {
        "text": "je vais dormir là",
        "userDefined": false
      }
    ],
    "isTemplate": false,
    "count": 0,
    "updated": 0
  },
  {
    "id": "71f5558d-81c5-4f64-a964-6f46eda54195",
    "data": [
      {
        "text": "j\u0027irai dormir",
        "userDefined": false
      }
    ],
    "isTemplate": false,
    "count": 0,
    "updated": 0
  },
  {
    "id": "26ab2ab1-02a7-49c0-90d9-db9bb027e29b",
    "data": [
      {
        "text": "c\u0027est l\u0027heure de dormir",
        "userDefined": false
      }
    ],
    "isTemplate": false,
    "count": 0,
    "updated": 0
  },
  {
    "id": "1ea48ea2-e1ac-4ee3-928e-603ad971d585",
    "data": [
      {
        "text": "maintenant je vais dormir",
        "userDefined": false
      }
    ],
    "isTemplate": false,
    "count": 0,
    "updated": 0
  },
  {
    "id": "142395d5-4d19-46bb-83b2-2c4836ba9a9d",
    "data": [
      {
        "text": "je vais au lit",
        "userDefined": false
      }
    ],
    "isTemplate": false,
    "count": 0,
    "updated": 0
  },
  {
    "id": "34d7c599-f544-490c-9d65-55e6ec3c6fe8",
    "data": [
      {
        "text": "il est temps d\u0027aller dormir",
        "userDefined": false
      }
    ],
    "isTemplate": false,
    "count": 0,
    "updated": 0
  },
  {
    "id": "04c37971-6367-4c67-ae8e-9f3256254077",
    "data": [
      {
        "text": "et maintenant je vais ",
        "userDefined": false
      },
      {
        "text": "m",
        "meta": "@sys.ignore",
        "userDefined": false
      },
      {
        "text": "\u0027endormir",
        "userDefined": false
      }
    ],
    "isTemplate": false,
    "count": 0,
    "updated": 0
  }
]