[
  {
    "id": "9ea42633-59f9-4797-9f06-7df481cd7d0c",
    "data": [
      {
        "text": "bien joué",
        "userDefined": false
      }
    ],
    "isTemplate": false,
    "count": 0,
    "updated": 1508522629
  },
  {
    "id": "519e2331-3f15-4900-98aa-858b5f5c488d",
    "data": [
      {
        "text": "ceci est bien joué",
        "userDefined": false
      }
    ],
    "isTemplate": false,
    "count": 0,
    "updated": 1508522629
  },
  {
    "id": "706b89e6-ce34-4272-8000-116c66b1380e",
    "data": [
      {
        "text": "c\u0027est bien",
        "meta": "@sys.ignore",
        "userDefined": false
      },
      {
        "text": " joué",
        "userDefined": false
      }
    ],
    "isTemplate": false,
    "count": 0,
    "updated": 1508522629
  },
  {
    "id": "7576f626-aedf-4d3a-83f3-87303bc0555d",
    "data": [
      {
        "text": "bravo",
        "meta": "@sys.ignore",
        "userDefined": false
      }
    ],
    "isTemplate": false,
    "count": 0,
    "updated": 1508522629
  },
  {
    "id": "aaa9d460-ba9f-475a-85ad-c0bcc693a52f",
    "data": [
      {
        "text": "un",
        "meta": "@sys.ignore",
        "userDefined": false
      },
      {
        "text": " ",
        "userDefined": false
      },
      {
        "text": "grand",
        "meta": "@sys.ignore",
        "userDefined": false
      },
      {
        "text": " ",
        "userDefined": false
      },
      {
        "text": "bravo",
        "meta": "@sys.ignore",
        "userDefined": false
      }
    ],
    "isTemplate": false,
    "count": 0,
    "updated": 1508522629
  },
  {
    "id": "20c4d456-d122-4220-be32-7c44c65afc4f",
    "data": [
      {
        "text": "cela est bien fait",
        "userDefined": false
      }
    ],
    "isTemplate": false,
    "count": 0,
    "updated": 1508522629
  },
  {
    "id": "4253ec2a-27bf-4fe5-a056-d25869396539",
    "data": [
      {
        "text": "bien fait",
        "userDefined": false
      }
    ],
    "isTemplate": false,
    "count": 0,
    "updated": 1508522629
  },
  {
    "id": "4078904e-f797-4e5b-9660-9d12b957d6b0",
    "data": [
      {
        "text": "travail",
        "meta": "@sys.ignore",
        "userDefined": false
      },
      {
        "text": " bien fait",
        "userDefined": false
      }
    ],
    "isTemplate": false,
    "count": 0,
    "updated": 1508522629
  },
  {
    "id": "64a008b8-8166-4d8c-abca-421942cc1c0f",
    "data": [
      {
        "text": "cela est bien joué",
        "userDefined": false
      }
    ],
    "isTemplate": false,
    "count": 0,
    "updated": 1508522629
  },
  {
    "id": "b2edae24-ae66-4472-af25-c47bca66fd49",
    "data": [
      {
        "text": "c\u0027est bien",
        "meta": "@sys.ignore",
        "userDefined": false
      },
      {
        "text": " fait",
        "userDefined": false
      }
    ],
    "isTemplate": false,
    "count": 0,
    "updated": 1508522629
  },
  {
    "id": "03c9868f-d2ec-4dbb-916d-e961e9f99de5",
    "data": [
      {
        "text": "ceci est bien fait",
        "userDefined": false
      }
    ],
    "isTemplate": false,
    "count": 0,
    "updated": 1508522629
  },
  {
    "id": "cc42be7b-6804-4425-8482-ab4bfcc2c35b",
    "data": [
      {
        "text": "chapeau",
        "meta": "@sys.ignore",
        "userDefined": false
      }
    ],
    "isTemplate": false,
    "count": 0,
    "updated": 1508522629
  }
]