[
  {
    "id": "e294061d-2f93-4e4e-86c2-ef51903f1d2b",
    "data": [
      {
        "text": "je",
        "meta": "@sys.ignore",
        "userDefined": true
      },
      {
        "text": " ",
        "userDefined": false
      },
      {
        "text": "m",
        "meta": "@sys.ignore",
        "userDefined": true
      },
      {
        "text": "\u0027endors là",
        "userDefined": false
      }
    ],
    "isTemplate": false,
    "count": 0,
    "updated": 0
  },
  {
    "id": "59c6ebc9-6886-43be-939c-ae0657da8b7c",
    "data": [
      {
        "text": "j\u0027ai sommeil",
        "userDefined": false
      }
    ],
    "isTemplate": false,
    "count": 0,
    "updated": 0
  },
  {
    "id": "3981a61c-3886-4f4d-9391-a90caf50f908",
    "data": [
      {
        "text": "je dors",
        "userDefined": false
      }
    ],
    "isTemplate": false,
    "count": 0,
    "updated": 0
  },
  {
    "id": "8afc95d9-023d-486d-af7e-01f27523e8bb",
    "data": [
      {
        "text": "j\u0027ai tellement sommeil",
        "userDefined": false
      }
    ],
    "isTemplate": false,
    "count": 0,
    "updated": 0
  },
  {
    "id": "10882368-02bd-4bbb-811b-90f8f95cc6d2",
    "data": [
      {
        "text": "je suis presque endormi",
        "userDefined": false
      }
    ],
    "isTemplate": false,
    "count": 0,
    "updated": 0
  },
  {
    "id": "02a2793e-1eeb-4a57-a043-ae7d15508858",
    "data": [
      {
        "text": "je",
        "meta": "@sys.ignore",
        "userDefined": true
      },
      {
        "text": " ",
        "userDefined": false
      },
      {
        "text": "m",
        "meta": "@sys.ignore",
        "userDefined": true
      },
      {
        "text": "\u0027endors",
        "userDefined": false
      }
    ],
    "isTemplate": false,
    "count": 0,
    "updated": 0
  },
  {
    "id": "02cc5721-b172-4767-b321-7564f9d61aff",
    "data": [
      {
        "text": "je me suis presque endormie",
        "userDefined": false
      }
    ],
    "isTemplate": false,
    "count": 0,
    "updated": 0
  },
  {
    "id": "19118fca-566d-413e-aac1-f9e1d0169956",
    "data": [
      {
        "text": "j\u0027ai sommeil là",
        "userDefined": false
      }
    ],
    "isTemplate": false,
    "count": 0,
    "updated": 0
  },
  {
    "id": "5b1055eb-7622-4280-b470-9e2b8226c557",
    "data": [
      {
        "text": "ça me donne envie de dormir",
        "userDefined": false
      }
    ],
    "isTemplate": false,
    "count": 0,
    "updated": 0
  },
  {
    "id": "11fd35c1-fb76-45a0-b634-e6c4cbd39705",
    "data": [
      {
        "text": "je",
        "meta": "@sys.ignore",
        "userDefined": true
      },
      {
        "text": " suis en ",
        "userDefined": false
      },
      {
        "text": "train",
        "meta": "@sys.ignore",
        "userDefined": true
      },
      {
        "text": " ",
        "userDefined": false
      },
      {
        "text": "de",
        "meta": "@sys.ignore",
        "userDefined": true
      },
      {
        "text": " ",
        "userDefined": false
      },
      {
        "text": "m",
        "meta": "@sys.ignore",
        "userDefined": true
      },
      {
        "text": "\u0027endormir",
        "userDefined": false
      }
    ],
    "isTemplate": false,
    "count": 0,
    "updated": 0
  },
  {
    "id": "a5788f81-870f-4f72-ba60-694e31e950d6",
    "data": [
      {
        "text": "je veux dormir",
        "userDefined": false
      }
    ],
    "isTemplate": false,
    "count": 0,
    "updated": 0
  }
]