[
  {
    "id": "88eb8cb4-0eb4-4881-880f-7c3cc85c6eeb",
    "data": [
      {
        "text": "c\u0027est l\u0027heure de dormir",
        "userDefined": false
      }
    ],
    "isTemplate": false,
    "count": 0,
    "updated": 1508522627
  },
  {
    "id": "07f05457-12d2-418e-a006-4e2e7f179837",
    "data": [
      {
        "text": "je vais dormir là",
        "userDefined": false
      }
    ],
    "isTemplate": false,
    "count": 0,
    "updated": 1508522627
  },
  {
    "id": "9c6ae582-392e-46cd-bbd3-239c9aeb5279",
    "data": [
      {
        "text": "je vais au lit",
        "userDefined": false
      }
    ],
    "isTemplate": false,
    "count": 0,
    "updated": 1508522627
  },
  {
    "id": "7d84f23f-f5e3-44cd-8c9e-d898e30badbf",
    "data": [
      {
        "text": "il est temps d\u0027aller dormir",
        "userDefined": false
      }
    ],
    "isTemplate": false,
    "count": 0,
    "updated": 1508522627
  },
  {
    "id": "d021db44-e94f-43f6-8510-ba324e55edff",
    "data": [
      {
        "text": "j\u0027irai dormir",
        "userDefined": false
      }
    ],
    "isTemplate": false,
    "count": 0,
    "updated": 1508522627
  },
  {
    "id": "60d25a3c-f022-4d81-afad-439a569a15cf",
    "data": [
      {
        "text": "maintenant je vais dormir",
        "userDefined": false
      }
    ],
    "isTemplate": false,
    "count": 0,
    "updated": 1508522627
  },
  {
    "id": "bf367918-9331-4261-9da2-c580af6a2325",
    "data": [
      {
        "text": "je vais dormir",
        "userDefined": false
      }
    ],
    "isTemplate": false,
    "count": 0,
    "updated": 1508522627
  },
  {
    "id": "12fc7a3e-4f41-4ef8-b2be-c17c6cece650",
    "data": [
      {
        "text": "je vais aller dormir",
        "userDefined": false
      }
    ],
    "isTemplate": false,
    "count": 0,
    "updated": 1508522627
  },
  {
    "id": "30a4f7e7-6185-4c5b-bee2-fbaad5caf9ac",
    "data": [
      {
        "text": "et maintenant je vais ",
        "userDefined": false
      },
      {
        "text": "m",
        "meta": "@sys.ignore",
        "userDefined": false
      },
      {
        "text": "\u0027endormir",
        "userDefined": false
      }
    ],
    "isTemplate": false,
    "count": 0,
    "updated": 1508522627
  },
  {
    "id": "a9d38249-04bf-4364-a449-dce91341f7ef",
    "data": [
      {
        "text": "il faut que j\u0027aille dormir",
        "userDefined": false
      }
    ],
    "isTemplate": false,
    "count": 0,
    "updated": 1508522627
  },
  {
    "id": "1fdb1818-003e-434a-bbbb-1dd1cf710f5f",
    "data": [
      {
        "text": "il est temps d\u0027aller au lit",
        "userDefined": false
      }
    ],
    "isTemplate": false,
    "count": 0,
    "updated": 1508522627
  }
]