[
  {
    "id": "5c47a385-f9ad-47bd-8c7e-9370222f8535",
    "data": [
      {
        "text": "je vais aller dormir",
        "userDefined": false
      }
    ],
    "isTemplate": false,
    "count": 0,
    "updated": 1508522629
  },
  {
    "id": "5c98c5bd-afba-411a-8b89-f416cfe62145",
    "data": [
      {
        "text": "je vais au lit",
        "userDefined": false
      }
    ],
    "isTemplate": false,
    "count": 0,
    "updated": 1508522629
  },
  {
    "id": "273b6578-82d9-4476-bca3-f45d9224b757",
    "data": [
      {
        "text": "je vais dormir là",
        "userDefined": false
      }
    ],
    "isTemplate": false,
    "count": 0,
    "updated": 1508522629
  },
  {
    "id": "c89749a4-1e6d-472a-9cb5-86ad67b65c14",
    "data": [
      {
        "text": "il est temps d\u0027aller au lit",
        "userDefined": false
      }
    ],
    "isTemplate": false,
    "count": 0,
    "updated": 1508522629
  },
  {
    "id": "377ed9fa-3360-4e6b-82c9-9dcd68768eba",
    "data": [
      {
        "text": "maintenant je vais dormir",
        "userDefined": false
      }
    ],
    "isTemplate": false,
    "count": 0,
    "updated": 1508522629
  },
  {
    "id": "fad09048-6761-4595-aad8-0258bd050db5",
    "data": [
      {
        "text": "il est temps d\u0027aller dormir",
        "userDefined": false
      }
    ],
    "isTemplate": false,
    "count": 0,
    "updated": 1508522629
  },
  {
    "id": "05b31680-6e0e-44b5-ae9a-43b56fb38122",
    "data": [
      {
        "text": "et maintenant je vais ",
        "userDefined": false
      },
      {
        "text": "m",
        "meta": "@sys.ignore",
        "userDefined": false
      },
      {
        "text": "\u0027endormir",
        "userDefined": false
      }
    ],
    "isTemplate": false,
    "count": 0,
    "updated": 1508522629
  },
  {
    "id": "09fa7367-875b-4d69-81ed-27ea27984f70",
    "data": [
      {
        "text": "il faut que j\u0027aille dormir",
        "userDefined": false
      }
    ],
    "isTemplate": false,
    "count": 0,
    "updated": 1508522629
  },
  {
    "id": "bbe97792-2a10-4fca-91f8-144982c1c1e0",
    "data": [
      {
        "text": "je vais dormir",
        "userDefined": false
      }
    ],
    "isTemplate": false,
    "count": 0,
    "updated": 1508522629
  },
  {
    "id": "83e7687a-9cb7-4970-98c0-6f44669772b4",
    "data": [
      {
        "text": "j\u0027irai dormir",
        "userDefined": false
      }
    ],
    "isTemplate": false,
    "count": 0,
    "updated": 1508522629
  },
  {
    "id": "f12e510e-118e-45ab-afb2-d57ee32d82a2",
    "data": [
      {
        "text": "c\u0027est l\u0027heure de dormir",
        "userDefined": false
      }
    ],
    "isTemplate": false,
    "count": 0,
    "updated": 1508522629
  }
]