[
  {
    "id": "e2c11432-a2ab-47ab-88a3-75853140bf6a",
    "data": [
      {
        "text": "travail",
        "meta": "@sys.ignore",
        "userDefined": false
      },
      {
        "text": " bien fait",
        "userDefined": false
      }
    ],
    "isTemplate": false,
    "count": 0,
    "updated": 1508522627
  },
  {
    "id": "89f56343-1e23-4c5a-aca1-45d153cea7ab",
    "data": [
      {
        "text": "c\u0027est bien",
        "meta": "@sys.ignore",
        "userDefined": false
      },
      {
        "text": " joué",
        "userDefined": false
      }
    ],
    "isTemplate": false,
    "count": 0,
    "updated": 1508522627
  },
  {
    "id": "f130a340-522f-4587-9cfe-5682ea3d757c",
    "data": [
      {
        "text": "ceci est bien joué",
        "userDefined": false
      }
    ],
    "isTemplate": false,
    "count": 0,
    "updated": 1508522627
  },
  {
    "id": "d30c2e5c-aa17-4c90-9165-1c8c8d0a39bd",
    "data": [
      {
        "text": "bravo",
        "meta": "@sys.ignore",
        "userDefined": false
      }
    ],
    "isTemplate": false,
    "count": 0,
    "updated": 1508522627
  },
  {
    "id": "f5d462a9-d53a-47ec-9ed6-94de4e012c8c",
    "data": [
      {
        "text": "chapeau",
        "meta": "@sys.ignore",
        "userDefined": false
      }
    ],
    "isTemplate": false,
    "count": 0,
    "updated": 1508522627
  },
  {
    "id": "d5a0ad89-2223-420f-a9ac-ccdd0cfdfe14",
    "data": [
      {
        "text": "bien joué",
        "userDefined": false
      }
    ],
    "isTemplate": false,
    "count": 0,
    "updated": 1508522627
  },
  {
    "id": "1807e764-c1eb-478a-bc6f-4d15c7b78b27",
    "data": [
      {
        "text": "un",
        "meta": "@sys.ignore",
        "userDefined": false
      },
      {
        "text": " ",
        "userDefined": false
      },
      {
        "text": "grand",
        "meta": "@sys.ignore",
        "userDefined": false
      },
      {
        "text": " ",
        "userDefined": false
      },
      {
        "text": "bravo",
        "meta": "@sys.ignore",
        "userDefined": false
      }
    ],
    "isTemplate": false,
    "count": 0,
    "updated": 1508522627
  },
  {
    "id": "514902fc-f1bd-4188-9a7b-ace9e80ba25a",
    "data": [
      {
        "text": "ceci est bien fait",
        "userDefined": false
      }
    ],
    "isTemplate": false,
    "count": 0,
    "updated": 1508522627
  },
  {
    "id": "69669ce5-541d-40f2-85dc-d66362070df3",
    "data": [
      {
        "text": "cela est bien joué",
        "userDefined": false
      }
    ],
    "isTemplate": false,
    "count": 0,
    "updated": 1508522627
  },
  {
    "id": "8b9552be-21f2-4984-94cd-5a09c17d82b6",
    "data": [
      {
        "text": "cela est bien fait",
        "userDefined": false
      }
    ],
    "isTemplate": false,
    "count": 0,
    "updated": 1508522627
  },
  {
    "id": "dca3bb4f-72c1-42cf-9cc2-4ba144815578",
    "data": [
      {
        "text": "bien fait",
        "userDefined": false
      }
    ],
    "isTemplate": false,
    "count": 0,
    "updated": 1508522627
  },
  {
    "id": "3950ab3a-888c-4ab9-87e8-a76964ceecef",
    "data": [
      {
        "text": "c\u0027est bien",
        "meta": "@sys.ignore",
        "userDefined": false
      },
      {
        "text": " fait",
        "userDefined": false
      }
    ],
    "isTemplate": false,
    "count": 0,
    "updated": 1508522627
  }
]