[
  {
    "id": "fa83072f-847a-43a5-a199-8c2ed812440d",
    "data": [
      {
        "text": "comment suis-je",
        "userDefined": false
      }
    ],
    "isTemplate": false,
    "count": 0,
    "updated": 1508522626
  },
  {
    "id": "d5846fcc-9af4-482b-8c52-ea8764ec43bc",
    "data": [
      {
        "text": "comment je suis",
        "userDefined": false
      }
    ],
    "isTemplate": false,
    "count": 0,
    "updated": 1508522626
  },
  {
    "id": "3f595bb9-9dfa-4232-9436-dba50adc495d",
    "data": [
      {
        "text": "sais-tu comment je suis",
        "userDefined": false
      }
    ],
    "isTemplate": false,
    "count": 0,
    "updated": 1508522626
  },
  {
    "id": "54375e66-e33e-4bff-9910-6eca6e6ee19f",
    "data": [
      {
        "text": "ai-je l\u0027air bien",
        "userDefined": false
      }
    ],
    "isTemplate": false,
    "count": 0,
    "updated": 1508522626
  },
  {
    "id": "b7d6b290-0545-455d-bf01-b3d145b6e0a8",
    "data": [
      {
        "text": "à quoi est-ce que je ressemble",
        "userDefined": false
      }
    ],
    "isTemplate": false,
    "count": 0,
    "updated": 1508522626
  },
  {
    "id": "7e6f018a-bd29-415c-af73-465d1e7f0f0b",
    "data": [
      {
        "text": "est-ce que j\u0027ai l\u0027air bien",
        "userDefined": false
      }
    ],
    "isTemplate": false,
    "count": 0,
    "updated": 1508522626
  },
  {
    "id": "a1ee3874-5adf-4070-bd7f-5274a40bc6ac",
    "data": [
      {
        "text": "je ressemble à quoi selon toi",
        "userDefined": false
      }
    ],
    "isTemplate": false,
    "count": 0,
    "updated": 1508522626
  },
  {
    "id": "8da41e31-85de-41c4-b613-74b4c39c6ec5",
    "data": [
      {
        "text": "à quoi je ressemble",
        "userDefined": false
      }
    ],
    "isTemplate": false,
    "count": 0,
    "updated": 1508522626
  },
  {
    "id": "896bc112-d6ab-44a4-87fe-d21e7c3e70fb",
    "data": [
      {
        "text": "connais-tu ",
        "userDefined": false
      },
      {
        "text": "mon",
        "meta": "@sys.ignore",
        "userDefined": false
      },
      {
        "text": " apparence",
        "userDefined": false
      }
    ],
    "isTemplate": false,
    "count": 0,
    "updated": 1508522626
  },
  {
    "id": "6e241ace-e15c-4747-91ed-0f8fd46b8858",
    "data": [
      {
        "text": "sais-tu à quoi je ressemble",
        "userDefined": false
      }
    ],
    "isTemplate": false,
    "count": 0,
    "updated": 1508522626
  }
]