[
  {
    "id": "62fa1154-f111-4a51-aa51-47ddea105cc3",
    "data": [
      {
        "text": "j\u0027ai tellement sommeil",
        "userDefined": false
      }
    ],
    "isTemplate": false,
    "count": 0,
    "updated": 1508522626
  },
  {
    "id": "14259c24-ec9e-49f5-a0ff-a7333d71eda6",
    "data": [
      {
        "text": "je suis presque endormi",
        "userDefined": false
      }
    ],
    "isTemplate": false,
    "count": 0,
    "updated": 1508522626
  },
  {
    "id": "35e4fb5b-bff9-419e-a6d9-d6bd768efcdb",
    "data": [
      {
        "text": "ça me donne envie de dormir",
        "userDefined": false
      }
    ],
    "isTemplate": false,
    "count": 0,
    "updated": 1508522626
  },
  {
    "id": "229f6005-1200-4b2d-87ee-8f5e744ae6f2",
    "data": [
      {
        "text": "j\u0027ai sommeil",
        "userDefined": false
      }
    ],
    "isTemplate": false,
    "count": 0,
    "updated": 1508522626
  },
  {
    "id": "27d256c0-be4b-459d-bc5c-795dac3e7f51",
    "data": [
      {
        "text": "je dors",
        "userDefined": false
      }
    ],
    "isTemplate": false,
    "count": 0,
    "updated": 1508522626
  },
  {
    "id": "ac9fdc5e-427b-4f08-9564-363e6a4438da",
    "data": [
      {
        "text": "je",
        "meta": "@sys.ignore",
        "userDefined": true
      },
      {
        "text": " ",
        "userDefined": false
      },
      {
        "text": "m",
        "meta": "@sys.ignore",
        "userDefined": true
      },
      {
        "text": "\u0027endors",
        "userDefined": false
      }
    ],
    "isTemplate": false,
    "count": 0,
    "updated": 1508522626
  },
  {
    "id": "40083f2b-3075-4d2a-b38e-938edc215cb0",
    "data": [
      {
        "text": "je",
        "meta": "@sys.ignore",
        "userDefined": true
      },
      {
        "text": " suis en ",
        "userDefined": false
      },
      {
        "text": "train",
        "meta": "@sys.ignore",
        "userDefined": true
      },
      {
        "text": " ",
        "userDefined": false
      },
      {
        "text": "de",
        "meta": "@sys.ignore",
        "userDefined": true
      },
      {
        "text": " ",
        "userDefined": false
      },
      {
        "text": "m",
        "meta": "@sys.ignore",
        "userDefined": true
      },
      {
        "text": "\u0027endormir",
        "userDefined": false
      }
    ],
    "isTemplate": false,
    "count": 0,
    "updated": 1508522626
  },
  {
    "id": "85bd8f79-2ced-4f83-a1fb-43bede26073b",
    "data": [
      {
        "text": "j\u0027ai sommeil là",
        "userDefined": false
      }
    ],
    "isTemplate": false,
    "count": 0,
    "updated": 1508522626
  },
  {
    "id": "acfc52d0-48cc-4703-949a-b3e5940fdc85",
    "data": [
      {
        "text": "je me suis presque endormie",
        "userDefined": false
      }
    ],
    "isTemplate": false,
    "count": 0,
    "updated": 1508522626
  },
  {
    "id": "3e41d0bb-5174-41bf-a81e-5ead8eb8e874",
    "data": [
      {
        "text": "je",
        "meta": "@sys.ignore",
        "userDefined": true
      },
      {
        "text": " ",
        "userDefined": false
      },
      {
        "text": "m",
        "meta": "@sys.ignore",
        "userDefined": true
      },
      {
        "text": "\u0027endors là",
        "userDefined": false
      }
    ],
    "isTemplate": false,
    "count": 0,
    "updated": 1508522626
  },
  {
    "id": "267e06da-468d-4715-bb86-d911d968a1e1",
    "data": [
      {
        "text": "je veux dormir",
        "userDefined": false
      }
    ],
    "isTemplate": false,
    "count": 0,
    "updated": 1508522626
  }
]