[
  {
    "id": "6258c7d7-26db-4ef2-89a1-8e7b531b0789",
    "data": [
      {
        "text": "précise ",
        "userDefined": false
      },
      {
        "text": "ce",
        "meta": "@sys.ignore",
        "userDefined": true
      },
      {
        "text": " que ",
        "userDefined": false
      },
      {
        "text": "tu",
        "meta": "@sys.ignore",
        "userDefined": true
      },
      {
        "text": " veux dire",
        "userDefined": false
      }
    ],
    "isTemplate": false,
    "count": 0,
    "updated": 0
  },
  {
    "id": "0fa02619-ab0f-4d98-b8f0-fa82ceac4773",
    "data": [
      {
        "text": "vous",
        "meta": "@sys.ignore",
        "userDefined": true
      },
      {
        "text": " voulez dire quoi",
        "userDefined": false
      }
    ],
    "isTemplate": false,
    "count": 0,
    "updated": 0
  },
  {
    "id": "4a4bdd2f-8e5c-478f-a105-930b9edf67ec",
    "data": [
      {
        "text": "c\u0027est quoi que tu veux dire",
        "userDefined": false
      }
    ],
    "isTemplate": false,
    "count": 0,
    "updated": 0
  },
  {
    "id": "7a5eec6b-1470-49b4-8a37-b29bd23c8921",
    "data": [
      {
        "text": "tu",
        "meta": "@sys.ignore",
        "userDefined": true
      },
      {
        "text": " veux dire quoi ",
        "userDefined": false
      },
      {
        "text": "par là",
        "meta": "@sys.ignore",
        "userDefined": true
      }
    ],
    "isTemplate": false,
    "count": 0,
    "updated": 0
  },
  {
    "id": "16952967-c36b-4fc3-80eb-981c1fce72b7",
    "data": [
      {
        "text": "tu veux dire quoi précisément",
        "userDefined": false
      }
    ],
    "isTemplate": false,
    "count": 0,
    "updated": 0
  },
  {
    "id": "557c69d6-1fa1-4bf4-a033-db3d84f793c2",
    "data": [
      {
        "text": "tu",
        "meta": "@sys.ignore",
        "userDefined": true
      },
      {
        "text": " veux quoi dire",
        "userDefined": false
      }
    ],
    "isTemplate": false,
    "count": 0,
    "updated": 0
  },
  {
    "id": "0d28fa50-676a-4430-9c6a-75a3969b94ee",
    "data": [
      {
        "text": "tu",
        "meta": "@sys.ignore",
        "userDefined": true
      },
      {
        "text": " veux dire quoi ",
        "userDefined": false
      },
      {
        "text": "au",
        "meta": "@sys.ignore",
        "userDefined": true
      },
      {
        "text": " ",
        "userDefined": false
      },
      {
        "text": "juste",
        "meta": "@sys.ignore",
        "userDefined": true
      }
    ],
    "isTemplate": false,
    "count": 1,
    "updated": 0
  },
  {
    "id": "702ac125-ea7a-4cba-87d0-36f74ea4260e",
    "data": [
      {
        "text": "qu\u0027est-ce que tu essaie de dire",
        "userDefined": false
      }
    ],
    "isTemplate": false,
    "count": 0,
    "updated": 0
  },
  {
    "id": "8c2e23a6-f947-4b30-9c0c-ac221bebd25f",
    "data": [
      {
        "text": "tu",
        "meta": "@sys.ignore",
        "userDefined": true
      },
      {
        "text": " veux dire quoi",
        "userDefined": false
      }
    ],
    "isTemplate": false,
    "count": 0,
    "updated": 0
  },
  {
    "id": "90eaf905-a71e-4fb5-8002-e4050dfc1969",
    "data": [
      {
        "text": "qu\u0027est-ce que tu veux dire",
        "userDefined": false
      }
    ],
    "isTemplate": false,
    "count": 1,
    "updated": 0
  }
]