[
  {
    "id": "39ef6503-0561-4be1-91af-ffa24565e8c7",
    "data": [
      {
        "text": "j\u0027ai trop à faire maintenant",
        "userDefined": false
      }
    ],
    "isTemplate": false,
    "count": 0,
    "updated": 0
  },
  {
    "id": "b283b85b-acbd-4bbf-822f-a5772a0fe7b5",
    "data": [
      {
        "text": "je suis trop occupé pour ça",
        "userDefined": false
      }
    ],
    "isTemplate": false,
    "count": 0,
    "updated": 0
  },
  {
    "id": "85e6d9fa-4f12-497c-b94b-bc52c36faf03",
    "data": [
      {
        "text": "je n\u0027ai pas le temps de faire ça en ce moment",
        "userDefined": false
      }
    ],
    "isTemplate": false,
    "count": 0,
    "updated": 0
  },
  {
    "id": "6785f5f3-51cb-4b89-84ed-a70a2b5fda8f",
    "data": [
      {
        "text": "je suis très occupée",
        "userDefined": false
      }
    ],
    "isTemplate": false,
    "count": 0,
    "updated": 0
  },
  {
    "id": "37dab816-4e54-425d-a6b6-8b0dfa4eb3ac",
    "data": [
      {
        "text": "j\u0027ai beaucoup de choses à faire",
        "userDefined": false
      }
    ],
    "isTemplate": false,
    "count": 0,
    "updated": 0
  },
  {
    "id": "4d429d58-83dd-474b-92b0-4f60b8a4618d",
    "data": [
      {
        "text": "j\u0027ai trop à faire",
        "userDefined": false
      }
    ],
    "isTemplate": false,
    "count": 0,
    "updated": 0
  },
  {
    "id": "2cb7f97c-a691-4bb8-a1cf-808a8e12244f",
    "data": [
      {
        "text": "pas de temps",
        "userDefined": false
      }
    ],
    "isTemplate": false,
    "count": 0,
    "updated": 0
  },
  {
    "id": "cc4ba13d-9f3d-4c6b-90ad-b25005f1994e",
    "data": [
      {
        "text": "je suis occupé en ce moment",
        "userDefined": false
      }
    ],
    "isTemplate": false,
    "count": 0,
    "updated": 0
  },
  {
    "id": "0d04ad0e-e913-475d-ab18-bf7ffbf7501b",
    "data": [
      {
        "text": "je suis occupé",
        "userDefined": false
      }
    ],
    "isTemplate": false,
    "count": 0,
    "updated": 0
  },
  {
    "id": "a3da1f3b-bf55-4746-8cbd-efb3b57a7e1d",
    "data": [
      {
        "text": "je suis occupée",
        "userDefined": false
      }
    ],
    "isTemplate": false,
    "count": 0,
    "updated": 0
  },
  {
    "id": "5ea83374-846f-4eff-9b5e-92a223d4d8a9",
    "data": [
      {
        "text": "je n\u0027ai pas le temps",
        "userDefined": false
      }
    ],
    "isTemplate": false,
    "count": 0,
    "updated": 0
  }
]