[
  {
    "id": "bda9a4c5-f9d4-43cf-9408-430f525363dd",
    "data": [
      {
        "text": "salut bonsoir",
        "userDefined": false
      }
    ],
    "isTemplate": false,
    "count": 0,
    "updated": 0
  },
  {
    "id": "2fba1762-d188-471d-9f30-4fb8238c5e5b",
    "data": [
      {
        "text": "bonsoir",
        "userDefined": false
      }
    ],
    "isTemplate": false,
    "count": 0,
    "updated": 0
  },
  {
    "id": "9770ba42-2f06-47d3-8254-9af74a0ad8f9",
    "data": [
      {
        "text": "soir",
        "meta": "@sys.ignore",
        "userDefined": false
      }
    ],
    "isTemplate": false,
    "count": 0,
    "updated": 0
  },
  {
    "id": "8f7f5d59-3ea4-4217-be04-4896b7b785e6",
    "data": [
      {
        "text": "bon",
        "meta": "@sys.ignore",
        "userDefined": false
      },
      {
        "text": " ",
        "userDefined": false
      },
      {
        "text": "soir",
        "meta": "@sys.ignore",
        "userDefined": false
      }
    ],
    "isTemplate": false,
    "count": 0,
    "updated": 0
  },
  {
    "id": "f0753a8b-116f-4269-a58d-7481b65a55cb",
    "data": [
      {
        "text": "j\u0027espère que tu passes ",
        "userDefined": false
      },
      {
        "text": "une",
        "meta": "@sys.ignore",
        "userDefined": false
      },
      {
        "text": " ",
        "userDefined": false
      },
      {
        "text": "bonne",
        "meta": "@sys.ignore",
        "userDefined": false
      },
      {
        "text": " soirée",
        "userDefined": false
      }
    ],
    "isTemplate": false,
    "count": 0,
    "updated": 0
  },
  {
    "id": "3526cbf8-512a-480f-8ba3-a55a387d74c6",
    "data": [
      {
        "text": "bonsoir à vous",
        "userDefined": false
      }
    ],
    "isTemplate": false,
    "count": 0,
    "updated": 0
  },
  {
    "id": "9a2314f9-0e09-49b3-b5bc-d164edb53f82",
    "data": [
      {
        "text": "soir",
        "meta": "@sys.ignore",
        "userDefined": false
      },
      {
        "text": " à toi",
        "userDefined": false
      }
    ],
    "isTemplate": false,
    "count": 0,
    "updated": 0
  },
  {
    "id": "4d980dbd-ef20-4534-81fe-c5a6cf089569",
    "data": [
      {
        "text": "est-ce que tu passes ",
        "userDefined": false
      },
      {
        "text": "une",
        "meta": "@sys.ignore",
        "userDefined": false
      },
      {
        "text": " ",
        "userDefined": false
      },
      {
        "text": "bonne",
        "meta": "@sys.ignore",
        "userDefined": false
      },
      {
        "text": " soirée",
        "userDefined": false
      }
    ],
    "isTemplate": false,
    "count": 0,
    "updated": 0
  },
  {
    "id": "e002c1f1-5a0f-4654-9db6-246e658f18bb",
    "data": [
      {
        "text": "bonsoir à toi",
        "userDefined": false
      }
    ],
    "isTemplate": false,
    "count": 0,
    "updated": 0
  },
  {
    "id": "8a429460-62b8-4284-94ac-4864e14484d4",
    "data": [
      {
        "text": "tu passes ",
        "userDefined": false
      },
      {
        "text": "une",
        "meta": "@sys.ignore",
        "userDefined": false
      },
      {
        "text": " ",
        "userDefined": false
      },
      {
        "text": "bonne",
        "meta": "@sys.ignore",
        "userDefined": false
      },
      {
        "text": " soirée",
        "userDefined": false
      }
    ],
    "isTemplate": false,
    "count": 0,
    "updated": 0
  }
]