[
  {
    "id": "2347fe02-7c9b-4af4-b184-7884d10fb697",
    "data": [
      {
        "text": "je",
        "meta": "@sys.ignore",
        "userDefined": true
      },
      {
        "text": " suis énervé",
        "userDefined": false
      }
    ],
    "isTemplate": false,
    "count": 0,
    "updated": 0
  },
  {
    "id": "0ad4f8e3-4360-4b4e-b7ce-ff758ba90bf3",
    "data": [
      {
        "text": "je",
        "meta": "@sys.ignore",
        "userDefined": true
      },
      {
        "text": " suis énervée",
        "userDefined": false
      }
    ],
    "isTemplate": false,
    "count": 0,
    "updated": 0
  },
  {
    "id": "8e1c6487-fc30-480f-8eb0-a536986a21cc",
    "data": [
      {
        "text": "ça",
        "meta": "@sys.ignore",
        "userDefined": true
      },
      {
        "text": " ",
        "userDefined": false
      },
      {
        "text": "m",
        "meta": "@sys.ignore",
        "userDefined": true
      },
      {
        "text": "\u0027énerve",
        "userDefined": false
      }
    ],
    "isTemplate": false,
    "count": 0,
    "updated": 0
  },
  {
    "id": "d7aab342-b583-4822-a5e2-45e43db409b2",
    "data": [
      {
        "text": "je",
        "meta": "@sys.ignore",
        "userDefined": true
      },
      {
        "text": " suis ",
        "userDefined": false
      },
      {
        "text": "super",
        "meta": "@sys.ignore",
        "userDefined": true
      },
      {
        "text": " fâchée",
        "userDefined": false
      }
    ],
    "isTemplate": false,
    "count": 0,
    "updated": 0
  },
  {
    "id": "28c4cde0-f483-4527-b528-44844e7847a6",
    "data": [
      {
        "text": "je",
        "meta": "@sys.ignore",
        "userDefined": true
      },
      {
        "text": " suis ",
        "userDefined": false
      },
      {
        "text": "super",
        "meta": "@sys.ignore",
        "userDefined": true
      },
      {
        "text": " fâché",
        "userDefined": false
      }
    ],
    "isTemplate": false,
    "count": 0,
    "updated": 0
  },
  {
    "id": "7a16331a-df61-4b3d-968b-20d2f74b9b59",
    "data": [
      {
        "text": "je",
        "meta": "@sys.ignore",
        "userDefined": true
      },
      {
        "text": " suis trop fâché",
        "userDefined": false
      }
    ],
    "isTemplate": false,
    "count": 0,
    "updated": 0
  },
  {
    "id": "03ac9aad-4a9e-422b-9830-e94bf47fc0c7",
    "data": [
      {
        "text": "ça me met en colère",
        "userDefined": false
      }
    ],
    "isTemplate": false,
    "count": 0,
    "updated": 0
  },
  {
    "id": "4e494fee-0173-4702-8cb3-54127c8de8eb",
    "data": [
      {
        "text": "ça me rend furieux",
        "userDefined": false
      }
    ],
    "isTemplate": false,
    "count": 0,
    "updated": 0
  },
  {
    "id": "b20a6422-aa78-4b40-9e39-90cbf0a31461",
    "data": [
      {
        "text": "je",
        "meta": "@sys.ignore",
        "userDefined": true
      },
      {
        "text": " suis trop fâchée",
        "userDefined": false
      }
    ],
    "isTemplate": false,
    "count": 0,
    "updated": 0
  },
  {
    "id": "ab736bff-b876-4681-9266-7032887989bf",
    "data": [
      {
        "text": "fâchées",
        "userDefined": false
      }
    ],
    "isTemplate": false,
    "count": 0,
    "updated": 0
  },
  {
    "id": "e8e1d931-0124-4777-91e1-d9562bd0c1e1",
    "data": [
      {
        "text": "je suis en colère",
        "userDefined": false
      }
    ],
    "isTemplate": false,
    "count": 0,
    "updated": 0
  },
  {
    "id": "de992ad9-a52d-408a-bc1a-c4e04d228bb4",
    "data": [
      {
        "text": "fâchée",
        "userDefined": false
      }
    ],
    "isTemplate": false,
    "count": 0,
    "updated": 0
  },
  {
    "id": "223c25ee-9742-45f5-b4d4-8a5dc45ed78e",
    "data": [
      {
        "text": "je",
        "meta": "@sys.ignore",
        "userDefined": true
      },
      {
        "text": " suis fâché",
        "userDefined": false
      }
    ],
    "isTemplate": false,
    "count": 1,
    "updated": 0
  },
  {
    "id": "98a46ff7-5be4-4b9a-a0dc-ec0a271676af",
    "data": [
      {
        "text": "fâchés",
        "userDefined": false
      }
    ],
    "isTemplate": false,
    "count": 0,
    "updated": 0
  },
  {
    "id": "821bb0b0-8ac0-47a0-b175-05b92bf4ac9e",
    "data": [
      {
        "text": "je suis furieuse",
        "userDefined": false
      }
    ],
    "isTemplate": false,
    "count": 0,
    "updated": 0
  },
  {
    "id": "2736eead-37da-4aa6-9b77-2bbc5b3e2f39",
    "data": [
      {
        "text": "fâché",
        "userDefined": false
      }
    ],
    "isTemplate": false,
    "count": 0,
    "updated": 0
  },
  {
    "id": "3f946a5b-f4b5-4730-be0d-fae76b2a859c",
    "data": [
      {
        "text": "je suis furieux",
        "userDefined": false
      }
    ],
    "isTemplate": false,
    "count": 0,
    "updated": 0
  },
  {
    "id": "b2ad6f92-f9c1-431d-bed1-0781e1e3f6d2",
    "data": [
      {
        "text": "je",
        "meta": "@sys.ignore",
        "userDefined": true
      },
      {
        "text": " suis fâchée",
        "userDefined": false
      }
    ],
    "isTemplate": false,
    "count": 0,
    "updated": 0
  },
  {
    "id": "29e7ddb9-1893-4d96-90f3-f0e5dfa67f7d",
    "data": [
      {
        "text": "faché",
        "userDefined": false
      }
    ],
    "isTemplate": false,
    "count": 0,
    "updated": 0
  },
  {
    "id": "d4ac278b-674f-45c6-a53f-69723090de1e",
    "data": [
      {
        "text": "fachée",
        "userDefined": false
      }
    ],
    "isTemplate": false,
    "count": 0,
    "updated": 0
  }
]