[
  {
    "id": "e47fd01e-306f-4711-ace3-d7d114f5f8a6",
    "data": [
      {
        "text": "sois la bienvenue",
        "userDefined": false
      }
    ],
    "isTemplate": false,
    "count": 1,
    "updated": 1508522628
  },
  {
    "id": "1614dd10-426b-4f95-91a5-dc772db0ac47",
    "data": [
      {
        "text": "sois le bienvenu",
        "userDefined": false
      }
    ],
    "isTemplate": false,
    "count": 0,
    "updated": 1508522628
  },
  {
    "id": "f4212a68-8607-4740-a7de-da857d0f7e41",
    "data": [
      {
        "text": "la bienvenue",
        "userDefined": false
      }
    ],
    "isTemplate": false,
    "count": 0,
    "updated": 1508522628
  },
  {
    "id": "9f8d8d6e-852f-4076-88df-df1da64b7648",
    "data": [
      {
        "text": "de rien",
        "userDefined": false
      }
    ],
    "isTemplate": false,
    "count": 0,
    "updated": 1508522628
  },
  {
    "id": "874c85d1-0515-49ae-94a4-0dc4f43fe095",
    "data": [
      {
        "text": "soyez les bienvenues",
        "userDefined": false
      }
    ],
    "isTemplate": false,
    "count": 0,
    "updated": 1508522628
  },
  {
    "id": "a6ed4ad3-6174-4693-885d-c4a7d8a9f6b2",
    "data": [
      {
        "text": "soyez la bienvenue",
        "userDefined": false
      }
    ],
    "isTemplate": false,
    "count": 0,
    "updated": 1508522628
  },
  {
    "id": "0c91c85b-2513-4a36-bc27-a8e958e4895a",
    "data": [
      {
        "text": "bienvenu",
        "userDefined": false
      }
    ],
    "isTemplate": false,
    "count": 0,
    "updated": 1508522628
  },
  {
    "id": "0e0d6f53-1b26-4f06-9ca2-a1b79e2ef00b",
    "data": [
      {
        "text": "soyez les bienvenus",
        "userDefined": false
      }
    ],
    "isTemplate": false,
    "count": 0,
    "updated": 1508522628
  },
  {
    "id": "6365d972-7ea8-4299-9dcf-adeb5eaf3943",
    "data": [
      {
        "text": "soyez le bienvenu",
        "userDefined": false
      }
    ],
    "isTemplate": false,
    "count": 0,
    "updated": 1508522628
  },
  {
    "id": "244d4d49-2b69-4c0d-9fea-b471cf617e94",
    "data": [
      {
        "text": "bienvenue",
        "userDefined": false
      }
    ],
    "isTemplate": false,
    "count": 0,
    "updated": 1508522628
  }
]