[
  {
    "id": "8878405f-8fb9-4e89-874e-8bd1409771b3",
    "data": [
      {
        "text": "j\u0027attends encore",
        "userDefined": false
      }
    ],
    "isTemplate": false,
    "count": 0,
    "updated": 1508522628
  },
  {
    "id": "da13cea6-dacc-4e52-ba88-d128fac91500",
    "data": [
      {
        "text": "je vais attendre encore ",
        "userDefined": false
      },
      {
        "text": "un",
        "meta": "@sys.ignore",
        "userDefined": false
      },
      {
        "text": " peu",
        "userDefined": false
      }
    ],
    "isTemplate": false,
    "count": 0,
    "updated": 1508522628
  },
  {
    "id": "750e13d3-0909-46f4-a90a-d2c27e379a01",
    "data": [
      {
        "text": "je ",
        "userDefined": false
      },
      {
        "text": "t",
        "meta": "@sys.ignore",
        "userDefined": false
      },
      {
        "text": "\u0027attends",
        "userDefined": false
      }
    ],
    "isTemplate": false,
    "count": 0,
    "updated": 1508522628
  },
  {
    "id": "d8cb679c-e818-4c55-8929-81b1f90d59bb",
    "data": [
      {
        "text": "je vais attendre",
        "userDefined": false
      }
    ],
    "isTemplate": false,
    "count": 0,
    "updated": 1508522628
  },
  {
    "id": "40469452-492d-46ec-b041-1419fd9eb9b3",
    "data": [
      {
        "text": "je ",
        "userDefined": false
      },
      {
        "text": "t",
        "meta": "@sys.ignore",
        "userDefined": false
      },
      {
        "text": "\u0027attendrai",
        "userDefined": false
      }
    ],
    "isTemplate": false,
    "count": 0,
    "updated": 1508522628
  },
  {
    "id": "4ce366a6-0083-4aa3-be7e-33be251bc30f",
    "data": [
      {
        "text": "j\u0027attends toujours",
        "userDefined": false
      }
    ],
    "isTemplate": false,
    "count": 0,
    "updated": 1508522628
  },
  {
    "id": "39ba1efc-383f-4d24-9db4-8972bc452f0b",
    "data": [
      {
        "text": "j\u0027ai assez attendu",
        "userDefined": false
      }
    ],
    "isTemplate": false,
    "count": 0,
    "updated": 1508522628
  },
  {
    "id": "83e860eb-0b38-4d23-a01f-e6895bc4a18d",
    "data": [
      {
        "text": "je",
        "meta": "@sys.ignore",
        "userDefined": true
      },
      {
        "text": " suis en ",
        "userDefined": false
      },
      {
        "text": "train",
        "meta": "@sys.ignore",
        "userDefined": true
      },
      {
        "text": " ",
        "userDefined": false
      },
      {
        "text": "d",
        "meta": "@sys.ignore",
        "userDefined": true
      },
      {
        "text": "\u0027attendre",
        "userDefined": false
      }
    ],
    "isTemplate": false,
    "count": 0,
    "updated": 1508522628
  },
  {
    "id": "f30208a5-d373-4bfd-8c6c-cd59133fe0ae",
    "data": [
      {
        "text": "j\u0027attends",
        "meta": "@sys.ignore",
        "userDefined": true
      },
      {
        "text": " là",
        "userDefined": false
      }
    ],
    "isTemplate": false,
    "count": 0,
    "updated": 1508522628
  },
  {
    "id": "12ec072e-4d68-4a77-a9ef-7ba4179c4d83",
    "data": [
      {
        "text": "ne je veux plus attendre",
        "userDefined": false
      }
    ],
    "isTemplate": false,
    "count": 0,
    "updated": 1508522628
  },
  {
    "id": "b957d040-c769-40eb-b69b-ea2ef5082061",
    "data": [
      {
        "text": "j\u0027attends",
        "userDefined": false
      }
    ],
    "isTemplate": false,
    "count": 0,
    "updated": 1508522628
  },
  {
    "id": "6d2f8a18-13bf-43c0-8ee2-9df1869bf2fc",
    "data": [
      {
        "text": "j",
        "meta": "@sys.ignore",
        "userDefined": true
      },
      {
        "text": "\u0027",
        "userDefined": false
      },
      {
        "text": "ai",
        "meta": "@sys.ignore",
        "userDefined": true
      },
      {
        "text": " ",
        "userDefined": false
      },
      {
        "text": "attendu",
        "meta": "@sys.ignore",
        "userDefined": true
      }
    ],
    "isTemplate": false,
    "count": 0,
    "updated": 1508522628
  }
]