[
  {
    "id": "2d8c110b-e697-4b68-819a-d6387642d255",
    "data": [
      {
        "text": "que font tes développeurs",
        "userDefined": false
      }
    ],
    "isTemplate": false,
    "count": 0,
    "updated": 0
  },
  {
    "id": "5ca1b17e-1e4d-4e4a-a189-8af04ddcfbf0",
    "data": [
      {
        "text": "parle-moi de toi",
        "userDefined": false
      }
    ],
    "isTemplate": false,
    "count": 0,
    "updated": 0
  },
  {
    "id": "dc64a69f-3f31-468b-97d2-dda4e4ea00ea",
    "data": [
      {
        "text": "quelles sont les autres activités de ton entreprise",
        "userDefined": false
      }
    ],
    "isTemplate": false,
    "count": 0,
    "updated": 0
  },
  {
    "id": "370fc7fe-c99f-4070-ad15-d41e1f77c24e",
    "data": [
      {
        "text": "qu\u0027est-ce que ton entreprise fait d\u0027autre",
        "userDefined": false
      }
    ],
    "isTemplate": false,
    "count": 0,
    "updated": 0
  },
  {
    "id": "981fc7b1-4f3d-410b-a156-d764eca4418e",
    "data": [
      {
        "text": "raconte-moi ton entreprise",
        "userDefined": false
      }
    ],
    "isTemplate": false,
    "count": 0,
    "updated": 0
  },
  {
    "id": "d4c6dc24-4e12-4d2c-8ce1-61c2af14935f",
    "data": [
      {
        "text": "donne-moi des informations sur l\u0027entreprise qui t\u0027a créé",
        "userDefined": false
      }
    ],
    "isTemplate": false,
    "count": 0,
    "updated": 0
  },
  {
    "id": "444b98e6-8e99-451a-8208-36cf66ae9552",
    "data": [
      {
        "text": "qu\u0027est-ce que tes développeurs ont créé d\u0027autre",
        "userDefined": false
      }
    ],
    "isTemplate": false,
    "count": 0,
    "updated": 0
  },
  {
    "id": "3ca1146c-bb4c-420b-b6ea-5fa35610833d",
    "data": [
      {
        "text": "raconte-moi ce que tes développeurs ont fait",
        "userDefined": false
      }
    ],
    "isTemplate": false,
    "count": 0,
    "updated": 0
  },
  {
    "id": "fd93f36b-c869-4ef4-87c1-8c94ae35bb9e",
    "data": [
      {
        "text": "que font tes développeurs",
        "userDefined": false
      }
    ],
    "isTemplate": false,
    "count": 0,
    "updated": 0
  }
]