[
  {
    "id": "34c8279e-3eee-4c36-9bb7-5bb9555623e1",
    "data": [
      {
        "text": "pourrais-tu passer ",
        "userDefined": false
      },
      {
        "text": "un",
        "meta": "@sys.ignore",
        "userDefined": false
      },
      {
        "text": " message à tes créateurs",
        "userDefined": false
      }
    ],
    "isTemplate": false,
    "count": 0,
    "updated": 0
  },
  {
    "id": "db02efdb-3799-4aca-be1a-d9f794b97e94",
    "data": [
      {
        "text": "je voudrais dire à tes créateurs que ",
        "userDefined": false
      },
      {
        "text": "ton application est très bien",
        "alias": "message",
        "meta": "@sys.any",
        "userDefined": true
      }
    ],
    "isTemplate": false,
    "count": 0,
    "updated": 0
  },
  {
    "id": "195dcdec-7a43-46f0-a482-5e9cdcbd348a",
    "data": [
      {
        "text": "pourras-tu dire à tes concepteurs ",
        "userDefined": false
      },
      {
        "text": "vous avez fait une super appli",
        "alias": "message",
        "meta": "@sys.any",
        "userDefined": true
      }
    ],
    "isTemplate": false,
    "count": 0,
    "updated": 0
  },
  {
    "id": "660bdf0d-4a58-4d44-88f5-96423e4e9cfd",
    "data": [
      {
        "text": "je voudrais passer ",
        "userDefined": false
      },
      {
        "text": "un",
        "meta": "@sys.ignore",
        "userDefined": false
      },
      {
        "text": " message à tes créateurs",
        "userDefined": false
      }
    ],
    "isTemplate": false,
    "count": 0,
    "updated": 0
  },
  {
    "id": "b089f63f-0a2e-4caa-86d0-bf3e72226e3f",
    "data": [
      {
        "text": "j\u0027ai ",
        "userDefined": false
      },
      {
        "text": "un",
        "meta": "@sys.ignore",
        "userDefined": false
      },
      {
        "text": " message pour tes développeurs",
        "userDefined": false
      }
    ],
    "isTemplate": false,
    "count": 0,
    "updated": 0
  },
  {
    "id": "781262be-20db-4a46-b1d6-a95ce05913eb",
    "data": [
      {
        "text": "je t\u0027aime bien",
        "alias": "message",
        "meta": "@sys.any",
        "userDefined": true
      },
      {
        "text": " dis ça à tes créateurs",
        "userDefined": false
      }
    ],
    "isTemplate": false,
    "count": 0,
    "updated": 0
  },
  {
    "id": "559bcbf2-5fbf-4d80-af4b-aa6edc98fb02",
    "data": [
      {
        "text": "je voudrais dire à tes développeurs que ",
        "userDefined": false
      },
      {
        "text": "j\u0027adore leur application",
        "alias": "message",
        "meta": "@sys.any",
        "userDefined": true
      }
    ],
    "isTemplate": false,
    "count": 0,
    "updated": 0
  },
  {
    "id": "d0b9e167-76a2-46f8-bd9e-ced417c80ce3",
    "data": [
      {
        "text": "je veux partager ",
        "userDefined": false
      },
      {
        "text": "mon",
        "meta": "@sys.ignore",
        "userDefined": false
      },
      {
        "text": " avis avec tes créateurs",
        "userDefined": false
      }
    ],
    "isTemplate": false,
    "count": 0,
    "updated": 0
  },
  {
    "id": "a80a0bc6-6d72-4c40-9eae-6b2a8009e778",
    "data": [
      {
        "text": "envoie ",
        "userDefined": false
      },
      {
        "text": "un",
        "meta": "@sys.ignore",
        "userDefined": false
      },
      {
        "text": " message pour tes développeurs",
        "userDefined": false
      }
    ],
    "isTemplate": false,
    "count": 0,
    "updated": 0
  },
  {
    "id": "47c87997-617a-4737-a6e3-ad77e3354aff",
    "data": [
      {
        "text": "envoie ",
        "userDefined": false
      },
      {
        "text": "un",
        "meta": "@sys.ignore",
        "userDefined": false
      },
      {
        "text": " message à tes concepteurs",
        "userDefined": false
      }
    ],
    "isTemplate": false,
    "count": 0,
    "updated": 0
  },
  {
    "id": "13d305c9-a792-4678-a2c6-ef83af10bf16",
    "data": [
      {
        "text": "dis",
        "meta": "@sys.ignore",
        "userDefined": false
      },
      {
        "text": " à tes développeurs que ",
        "userDefined": false
      },
      {
        "text": "je t\u0027aime",
        "alias": "message",
        "meta": "@sys.any",
        "userDefined": true
      }
    ],
    "isTemplate": false,
    "count": 0,
    "updated": 0
  }
]