[
  {
    "id": "bbc269bd-8c59-4a03-a0bd-2fb258ed7b97",
    "data": [
      {
        "text": "maintenant leur email",
        "userDefined": false
      }
    ],
    "isTemplate": false,
    "count": 0,
    "updated": 0
  },
  {
    "id": "6b15c89c-e2d3-4296-a153-ca56d2bf331e",
    "data": [
      {
        "text": "et l\u0027adresse mail aussi",
        "userDefined": false
      }
    ],
    "isTemplate": false,
    "count": 0,
    "updated": 0
  },
  {
    "id": "9120c3ec-4dcc-4ff0-9275-0db9f4f3559d",
    "data": [
      {
        "text": "adresse mail maintenant",
        "userDefined": false
      }
    ],
    "isTemplate": false,
    "count": 0,
    "updated": 0
  },
  {
    "id": "456b2248-e259-473e-a69e-806366efc9f8",
    "data": [
      {
        "text": "et leur email s\u0027il te plaît",
        "userDefined": false
      }
    ],
    "isTemplate": false,
    "count": 0,
    "updated": 0
  },
  {
    "id": "f2a9ec0e-388d-4d5b-a92d-0164d60ee883",
    "data": [
      {
        "text": "maintenant leur adresse email",
        "userDefined": false
      }
    ],
    "isTemplate": false,
    "count": 0,
    "updated": 0
  },
  {
    "id": "3133d1b4-78d7-473a-bdf7-da491aabb05f",
    "data": [
      {
        "text": "leur email aussi",
        "userDefined": false
      }
    ],
    "isTemplate": false,
    "count": 0,
    "updated": 0
  },
  {
    "id": "95eac9fa-36e2-4387-8bb7-e7c86e35a598",
    "data": [
      {
        "text": "et leurs mail",
        "userDefined": false
      }
    ],
    "isTemplate": false,
    "count": 0,
    "updated": 0
  },
  {
    "id": "aed2de71-24f0-4573-bb71-bc33fe96c8c9",
    "data": [
      {
        "text": "et",
        "meta": "@sys.ignore",
        "userDefined": false
      },
      {
        "text": " leur adresse ",
        "userDefined": false
      },
      {
        "text": "email",
        "meta": "@sys.ignore",
        "userDefined": false
      }
    ],
    "isTemplate": false,
    "count": 0,
    "updated": 0
  }
]