[
  {
    "id": "5c6a7856-00d7-4bfd-9ff6-022370db2281",
    "data": [
      {
        "text": "je veux rejoindre le groupe de test bêta",
        "userDefined": false
      }
    ],
    "isTemplate": false,
    "count": 0,
    "updated": 0
  },
  {
    "id": "1ba3031f-37ae-42b3-bfdc-59cfb93f508c",
    "data": [
      {
        "text": "as-tu ",
        "userDefined": false
      },
      {
        "text": "une",
        "meta": "@sys.ignore",
        "userDefined": false
      },
      {
        "text": " version bêta",
        "userDefined": false
      }
    ],
    "isTemplate": false,
    "count": 0,
    "updated": 0
  },
  {
    "id": "ed5ae0dd-bd15-4f0f-8d67-fa60085fad48",
    "data": [
      {
        "text": "qu\u0027est-ce que je dois faire pour avoir ta version bêta",
        "userDefined": false
      }
    ],
    "isTemplate": false,
    "count": 0,
    "updated": 0
  },
  {
    "id": "5c85d677-a5bc-4e3c-bc19-ae6687ecabcd",
    "data": [
      {
        "text": "où trouver ta version bêta",
        "userDefined": false
      }
    ],
    "isTemplate": false,
    "count": 0,
    "updated": 0
  },
  {
    "id": "9a1296e7-6747-49ae-932e-77e71df71efd",
    "data": [
      {
        "text": "donne-moi ta version bêta",
        "userDefined": false
      }
    ],
    "isTemplate": false,
    "count": 0,
    "updated": 0
  },
  {
    "id": "9b0aaa94-2750-490e-8b61-030d4e6354b4",
    "data": [
      {
        "text": "la version bêta de ton appli",
        "userDefined": false
      }
    ],
    "isTemplate": false,
    "count": 0,
    "updated": 0
  },
  {
    "id": "7e4ca4cb-8f41-49b6-81d8-4539af67c3db",
    "data": [
      {
        "text": "puis-je avoir ta version bêta",
        "userDefined": false
      }
    ],
    "isTemplate": false,
    "count": 0,
    "updated": 0
  },
  {
    "id": "093cfce7-12ad-4f37-aed6-8fb81c7a001c",
    "data": [
      {
        "text": "je veux avoir ta version bêta",
        "userDefined": false
      }
    ],
    "isTemplate": false,
    "count": 0,
    "updated": 0
  },
  {
    "id": "87360f98-14a1-478c-b23a-64e008a6507f",
    "data": [
      {
        "text": "comment faire pour tester ta version bêta",
        "userDefined": false
      }
    ],
    "isTemplate": false,
    "count": 0,
    "updated": 0
  },
  {
    "id": "09e5debe-2ce5-47fb-9a38-78f46c517bd3",
    "data": [
      {
        "text": "je veux devenir ton testeur bêta",
        "userDefined": false
      }
    ],
    "isTemplate": false,
    "count": 0,
    "updated": 0
  },
  {
    "id": "1e99a9a3-2d76-4020-a19f-1b5afcd6b76f",
    "data": [
      {
        "text": "version",
        "meta": "@sys.ignore",
        "userDefined": false
      },
      {
        "text": " bêta",
        "userDefined": false
      }
    ],
    "isTemplate": false,
    "count": 0,
    "updated": 0
  },
  {
    "id": "698ab736-dc8a-444b-9b55-562df5864ff1",
    "data": [
      {
        "text": "ta version bêta",
        "userDefined": false
      }
    ],
    "isTemplate": false,
    "count": 0,
    "updated": 0
  }
]