[
  {
    "id": "305a155d-caa2-424b-8e1e-e59540328ec5",
    "data": [
      {
        "text": "ton créateur",
        "userDefined": false
      }
    ],
    "isTemplate": false,
    "count": 0,
    "updated": 0
  },
  {
    "id": "cae29896-8817-4179-88db-035311e7a876",
    "data": [
      {
        "text": "ton créateur",
        "userDefined": false
      }
    ],
    "isTemplate": false,
    "count": 0,
    "updated": 0
  },
  {
    "id": "c4029648-c04f-4d44-a3e0-510c991b619c",
    "data": [
      {
        "text": "tes créateurs",
        "userDefined": false
      }
    ],
    "isTemplate": false,
    "count": 0,
    "updated": 0
  },
  {
    "id": "d8c6202b-849f-427b-8b17-baab0a5cb87b",
    "data": [
      {
        "text": "ton créateur",
        "userDefined": false
      }
    ],
    "isTemplate": false,
    "count": 0,
    "updated": 0
  },
  {
    "id": "fc99cf6c-2d9b-4d59-b6d3-f446c09c8575",
    "data": [
      {
        "text": "le concepteur",
        "userDefined": false
      }
    ],
    "isTemplate": false,
    "count": 0,
    "updated": 0
  },
  {
    "id": "f7778381-9b90-4d99-a454-8567bebbec42",
    "data": [
      {
        "text": "Qui t\u0027as cr�er ?",
        "userDefined": false
      }
    ],
    "isTemplate": false,
    "count": 0,
    "updated": 0
  },
  {
    "id": "a08f09da-b4b7-4298-b1f1-e79384283bb1",
    "data": [
      {
        "text": "le concepteur",
        "userDefined": false
      }
    ],
    "isTemplate": false,
    "count": 0,
    "updated": 1520166598
  },
  {
    "id": "87ad6dde-f390-499f-8ca6-6362ed602249",
    "data": [
      {
        "text": "parle-moi de tes développeurs",
        "userDefined": false
      }
    ],
    "isTemplate": false,
    "count": 0,
    "updated": 1520166598
  },
  {
    "id": "f1983ed4-32cd-4dd7-9110-eb93b2f6386f",
    "data": [
      {
        "text": "parle-moi de celui qui t\u0027a créé",
        "userDefined": false
      }
    ],
    "isTemplate": false,
    "count": 0,
    "updated": 1520166598
  },
  {
    "id": "52701247-140a-4c5d-85e8-41f9c9859419",
    "data": [
      {
        "text": "qui est ton développeur",
        "userDefined": false
      }
    ],
    "isTemplate": false,
    "count": 0,
    "updated": 1520166598
  },
  {
    "id": "09b53d3c-77d5-4c72-b3b5-95d256b9e706",
    "data": [
      {
        "text": "qui sont tes développeurs",
        "userDefined": false
      }
    ],
    "isTemplate": false,
    "count": 0,
    "updated": 1520166598
  },
  {
    "id": "557d313e-00d3-46de-b98f-b0029cdbb212",
    "data": [
      {
        "text": "tes concepteurs",
        "userDefined": false
      }
    ],
    "isTemplate": false,
    "count": 0,
    "updated": 1520166598
  },
  {
    "id": "1c8b8b1c-b0c7-4510-b04b-2fa74409fbc2",
    "data": [
      {
        "text": "tes développeurs",
        "userDefined": false
      }
    ],
    "isTemplate": false,
    "count": 0,
    "updated": 1520166598
  },
  {
    "id": "bdc65072-6a79-4617-a4d3-2779d2493c2a",
    "data": [
      {
        "text": "parle-moi de tes créateurs",
        "userDefined": false
      }
    ],
    "isTemplate": false,
    "count": 0,
    "updated": 1520166598
  },
  {
    "id": "03a05092-facc-4390-b1c9-07dc442f1a49",
    "data": [
      {
        "text": "qui sont tes créateurs",
        "userDefined": false
      }
    ],
    "isTemplate": false,
    "count": 0,
    "updated": 1520166598
  },
  {
    "id": "d2cdfbff-31a5-4d06-ae7f-87f95a809336",
    "data": [
      {
        "text": "qui sont les gens qui t\u0027ont créé",
        "userDefined": false
      }
    ],
    "isTemplate": false,
    "count": 0,
    "updated": 1520166598
  },
  {
    "id": "d4d6c51d-ad74-43be-ae95-50b139f8b3ec",
    "data": [
      {
        "text": "qui t\u0027a créé",
        "userDefined": false
      }
    ],
    "isTemplate": false,
    "count": 0,
    "updated": 1520166598
  },
  {
    "id": "6bf5cd73-eda9-4d3e-bb8b-5fe2d9afb027",
    "data": [
      {
        "text": "tes créateurs",
        "userDefined": false
      }
    ],
    "isTemplate": false,
    "count": 0,
    "updated": 1520166598
  },
  {
    "id": "2b34841d-0c6d-4076-8bb2-288d32ed3ffd",
    "data": [
      {
        "text": "ton créateur",
        "userDefined": false
      }
    ],
    "isTemplate": false,
    "count": 0,
    "updated": 1520166598
  },
  {
    "id": "c49e67e6-102f-44f6-9c3b-ed96cab5d8be",
    "data": [
      {
        "text": "qui",
        "meta": "@sys.ignore",
        "userDefined": false
      },
      {
        "text": " sont tes concepteurs",
        "userDefined": false
      }
    ],
    "isTemplate": false,
    "count": 0,
    "updated": 1520166598
  }
]