[
  {
    "id": "a9d4d428-892a-4dc3-9fc5-e317d30e86e9",
    "data": [
      {
        "text": "affiche ton site",
        "userDefined": false
      }
    ],
    "isTemplate": false,
    "count": 0,
    "updated": 0
  },
  {
    "id": "84be73f8-ea33-4da5-8a1f-bbcac19e8f8c",
    "data": [
      {
        "text": "montre ton site web",
        "userDefined": false
      }
    ],
    "isTemplate": false,
    "count": 0,
    "updated": 0
  },
  {
    "id": "4def87f9-3fcc-4da5-8e31-421426521c97",
    "data": [
      {
        "text": "ton site web",
        "userDefined": false
      }
    ],
    "isTemplate": false,
    "count": 0,
    "updated": 0
  },
  {
    "id": "acbec5a1-ec9e-43a0-ae2e-1c76c78979ce",
    "data": [
      {
        "text": "tes créateurs ont-ils ",
        "userDefined": false
      },
      {
        "text": "un",
        "meta": "@sys.ignore",
        "userDefined": false
      },
      {
        "text": " site web",
        "userDefined": false
      }
    ],
    "isTemplate": false,
    "count": 0,
    "updated": 0
  },
  {
    "id": "00eece67-71b5-4ac7-914e-0d43c870b783",
    "data": [
      {
        "text": "dis-moi si tu as ",
        "userDefined": false
      },
      {
        "text": "un",
        "meta": "@sys.ignore",
        "userDefined": false
      },
      {
        "text": " site web",
        "userDefined": false
      }
    ],
    "isTemplate": false,
    "count": 0,
    "updated": 0
  },
  {
    "id": "c96e9ad3-379b-4956-aaf0-676594575620",
    "data": [
      {
        "text": "est-ce que tes créateurs ont ",
        "userDefined": false
      },
      {
        "text": "un",
        "meta": "@sys.ignore",
        "userDefined": false
      },
      {
        "text": " site web",
        "userDefined": false
      }
    ],
    "isTemplate": false,
    "count": 0,
    "updated": 0
  },
  {
    "id": "7a8a6ba0-c78d-4c32-b899-50ad8a1087a1",
    "data": [
      {
        "text": "y a-t-il ",
        "userDefined": false
      },
      {
        "text": "un",
        "meta": "@sys.ignore",
        "userDefined": false
      },
      {
        "text": " site web de tes developpeurs",
        "userDefined": false
      }
    ],
    "isTemplate": false,
    "count": 0,
    "updated": 0
  },
  {
    "id": "ce36f460-647d-4645-9697-5a6dbc5b59e8",
    "data": [
      {
        "text": "est-ce que tu as ",
        "userDefined": false
      },
      {
        "text": "un",
        "meta": "@sys.ignore",
        "userDefined": false
      },
      {
        "text": " site web",
        "userDefined": false
      }
    ],
    "isTemplate": false,
    "count": 0,
    "updated": 0
  },
  {
    "id": "05b3371f-a242-40a3-97c0-c80ec906e545",
    "data": [
      {
        "text": "tu as ",
        "userDefined": false
      },
      {
        "text": "un",
        "meta": "@sys.ignore",
        "userDefined": false
      },
      {
        "text": " site",
        "userDefined": false
      }
    ],
    "isTemplate": false,
    "count": 0,
    "updated": 0
  },
  {
    "id": "c660882c-ee80-45da-b55c-2d1fde934265",
    "data": [
      {
        "text": "où est ton site web",
        "userDefined": false
      }
    ],
    "isTemplate": false,
    "count": 0,
    "updated": 0
  },
  {
    "id": "7c311a55-1b5c-439b-9e12-8c62616b8b3e",
    "data": [
      {
        "text": "as-tu ",
        "userDefined": false
      },
      {
        "text": "un",
        "meta": "@sys.ignore",
        "userDefined": false
      },
      {
        "text": " site web",
        "userDefined": false
      }
    ],
    "isTemplate": false,
    "count": 0,
    "updated": 0
  }
]