[
  {
    "id": "cfa59ce4-b4d3-4a74-af47-31b3ae00b367",
    "data": [
      {
        "text": "dis-moi ton numéro de ",
        "userDefined": false
      },
      {
        "text": "téléphone",
        "meta": "@sys.ignore",
        "userDefined": false
      }
    ],
    "isTemplate": false,
    "count": 0,
    "updated": 0
  },
  {
    "id": "13fb994a-2ce9-4bde-a2b9-ce44a1ab8aa7",
    "data": [
      {
        "text": "je voudrais savoir le numéro de téléphone de ton entreprise",
        "userDefined": false
      }
    ],
    "isTemplate": false,
    "count": 0,
    "updated": 0
  },
  {
    "id": "feeb7cfb-4b9d-4c35-94fd-991e5ec76b16",
    "data": [
      {
        "text": "numéro de ",
        "userDefined": false
      },
      {
        "text": "téléphone",
        "meta": "@sys.ignore",
        "userDefined": false
      },
      {
        "text": " de tes développeurs",
        "userDefined": false
      }
    ],
    "isTemplate": false,
    "count": 0,
    "updated": 0
  },
  {
    "id": "08bd9d91-6722-4a72-b092-4ecb54a399ab",
    "data": [
      {
        "text": "est-ce que tes créateurs ont ",
        "userDefined": false
      },
      {
        "text": "un",
        "meta": "@sys.ignore",
        "userDefined": false
      },
      {
        "text": " numéro téléphonique",
        "userDefined": false
      }
    ],
    "isTemplate": false,
    "count": 0,
    "updated": 0
  },
  {
    "id": "10de1097-5630-486c-be89-026c4fd6b8b2",
    "data": [
      {
        "text": "dis-moi le numéro téléphonique de ta compagnie",
        "userDefined": false
      }
    ],
    "isTemplate": false,
    "count": 0,
    "updated": 0
  },
  {
    "id": "5d4f287b-8a7c-46b2-bf9e-13618c7ef608",
    "data": [
      {
        "text": "je voudrais appeler tes développeurs",
        "userDefined": false
      }
    ],
    "isTemplate": false,
    "count": 0,
    "updated": 0
  },
  {
    "id": "e829bd31-0d2c-4026-9dba-a1b8be84d471",
    "data": [
      {
        "text": "pourrais-je passer ",
        "userDefined": false
      },
      {
        "text": "un",
        "meta": "@sys.ignore",
        "userDefined": false
      },
      {
        "text": " appel à tes créateurs",
        "userDefined": false
      }
    ],
    "isTemplate": false,
    "count": 0,
    "updated": 0
  },
  {
    "id": "41ad0527-3b73-436b-819b-718348fca0a5",
    "data": [
      {
        "text": "puis-je téléphoner à tes développeurs",
        "userDefined": false
      }
    ],
    "isTemplate": false,
    "count": 0,
    "updated": 0
  },
  {
    "id": "af5a637d-eb68-4b54-8111-ba9eee4a41ed",
    "data": [
      {
        "text": "j\u0027ai besoin du numéro de téléphone de tes concepteurs",
        "userDefined": false
      }
    ],
    "isTemplate": false,
    "count": 0,
    "updated": 0
  },
  {
    "id": "1d130998-5041-4cf3-81d0-3c86bdc8d0d7",
    "data": [
      {
        "text": "donne-moi ",
        "userDefined": false
      },
      {
        "text": "le",
        "meta": "@sys.ignore",
        "userDefined": false
      },
      {
        "text": " numéro ",
        "userDefined": false
      },
      {
        "text": "de",
        "meta": "@sys.ignore",
        "userDefined": false
      },
      {
        "text": " ",
        "userDefined": false
      },
      {
        "text": "téléphone",
        "meta": "@sys.ignore",
        "userDefined": false
      },
      {
        "text": " ",
        "userDefined": false
      },
      {
        "text": "de",
        "meta": "@sys.ignore",
        "userDefined": false
      },
      {
        "text": " tes développeurs",
        "userDefined": false
      }
    ],
    "isTemplate": false,
    "count": 0,
    "updated": 0
  }
]