[
  {
    "id": "d866f9f0-ed0c-47ed-a218-93573334805f",
    "data": [
      {
        "text": "quelle est l\u0027adresse e-mail de tes développeurs",
        "userDefined": false
      }
    ],
    "isTemplate": false,
    "count": 0,
    "updated": 0
  },
  {
    "id": "688fade2-2118-4fa1-9ecf-5d6e732add8b",
    "data": [
      {
        "text": "as-tu ",
        "userDefined": false
      },
      {
        "text": "une",
        "meta": "@sys.ignore",
        "userDefined": false
      },
      {
        "text": " adresse mail",
        "userDefined": false
      }
    ],
    "isTemplate": false,
    "count": 0,
    "updated": 0
  },
  {
    "id": "91f7f95b-0897-4b31-ac06-fadd25a6b5a7",
    "data": [
      {
        "text": "donne-moi ton adresse email",
        "userDefined": false
      }
    ],
    "isTemplate": false,
    "count": 0,
    "updated": 0
  },
  {
    "id": "154e3c47-cb47-4d86-a5c2-aa7037791b20",
    "data": [
      {
        "text": "j\u0027ai besoin d\u0027envoyer un mail à tes développeurs",
        "userDefined": false
      }
    ],
    "isTemplate": false,
    "count": 0,
    "updated": 0
  },
  {
    "id": "a2756c43-fa30-44ea-8c54-c0907b18846b",
    "data": [
      {
        "text": "adresse email de tes concepteurs",
        "userDefined": false
      }
    ],
    "isTemplate": false,
    "count": 0,
    "updated": 0
  },
  {
    "id": "0e688491-a460-446e-9121-d156b3b275b6",
    "data": [
      {
        "text": "comment faire pour envoyer ",
        "userDefined": false
      },
      {
        "text": "un",
        "meta": "@sys.ignore",
        "userDefined": false
      },
      {
        "text": " email à tes développeurs",
        "userDefined": false
      }
    ],
    "isTemplate": false,
    "count": 0,
    "updated": 0
  },
  {
    "id": "dc962416-5601-4774-887a-dd9453699947",
    "data": [
      {
        "text": "pourrais-je envoyer ",
        "userDefined": false
      },
      {
        "text": "un",
        "meta": "@sys.ignore",
        "userDefined": false
      },
      {
        "text": " message mail à tes concepteurs",
        "userDefined": false
      }
    ],
    "isTemplate": false,
    "count": 0,
    "updated": 0
  },
  {
    "id": "dbae4535-a470-4e88-ba78-2e7b139d775b",
    "data": [
      {
        "text": "tes développeurs ont-ils ",
        "userDefined": false
      },
      {
        "text": "une",
        "meta": "@sys.ignore",
        "userDefined": false
      },
      {
        "text": " adresse email",
        "userDefined": false
      }
    ],
    "isTemplate": false,
    "count": 0,
    "updated": 0
  },
  {
    "id": "6e24c3a7-5993-49d8-9c0a-48fde5cd6913",
    "data": [
      {
        "text": "donne-moi l\u0027adresse email de tes créateurs",
        "userDefined": false
      }
    ],
    "isTemplate": false,
    "count": 0,
    "updated": 0
  },
  {
    "id": "4278be1c-13a4-4b29-b373-ee92660d7401",
    "data": [
      {
        "text": "est-ce que tes concepteurs ont ",
        "userDefined": false
      },
      {
        "text": "une",
        "meta": "@sys.ignore",
        "userDefined": false
      },
      {
        "text": " adresse mail",
        "userDefined": false
      }
    ],
    "isTemplate": false,
    "count": 0,
    "updated": 0
  },
  {
    "id": "efe5e440-2c77-4c42-bb46-33a7ed81a02b",
    "data": [
      {
        "text": "je voudrais envoyer ",
        "userDefined": false
      },
      {
        "text": "un",
        "meta": "@sys.ignore",
        "userDefined": false
      },
      {
        "text": " courrier électronique à tes créateurs",
        "userDefined": false
      }
    ],
    "isTemplate": false,
    "count": 0,
    "updated": 0
  },
  {
    "id": "50bb2072-850f-4851-a9cb-670b4e02a565",
    "data": [
      {
        "text": "j\u0027ai besoin de contacter tes développeurs par email",
        "userDefined": false
      }
    ],
    "isTemplate": false,
    "count": 0,
    "updated": 0
  },
  {
    "id": "7c201782-3361-41fd-a391-2139b6da659d",
    "data": [
      {
        "text": "dis-moi ",
        "userDefined": false
      },
      {
        "text": "l",
        "meta": "@sys.ignore",
        "userDefined": false
      },
      {
        "text": "\u0027adresse ",
        "userDefined": false
      },
      {
        "text": "email",
        "meta": "@sys.ignore",
        "userDefined": false
      },
      {
        "text": " ",
        "userDefined": false
      },
      {
        "text": "de",
        "meta": "@sys.ignore",
        "userDefined": false
      },
      {
        "text": " tes développeurs",
        "userDefined": false
      }
    ],
    "isTemplate": false,
    "count": 0,
    "updated": 0
  }
]