[
  {
    "id": "d61b8ffc-b8b5-4613-a8a4-8f64aa8952e8",
    "data": [
      {
        "text": "dis-moi l\u0027adresse de ton entreprise",
        "userDefined": false
      }
    ],
    "isTemplate": false,
    "count": 0,
    "updated": 0
  },
  {
    "id": "83183b91-40e7-493a-bcc0-fa8b89c2a912",
    "data": [
      {
        "text": "donne-moi ton adresse",
        "userDefined": false
      }
    ],
    "isTemplate": false,
    "count": 0,
    "updated": 0
  },
  {
    "id": "74acb09b-25b2-48ef-bb54-d04564e8598a",
    "data": [
      {
        "text": "je voudrais savoir quelle est l\u0027adresse de tes concepteurs",
        "userDefined": false
      }
    ],
    "isTemplate": false,
    "count": 0,
    "updated": 0
  },
  {
    "id": "72fd2820-a506-4f96-9c68-ccbfe5385671",
    "data": [
      {
        "text": "peux-tu me donner l\u0027adresse de tes développeurs",
        "userDefined": false
      }
    ],
    "isTemplate": false,
    "count": 0,
    "updated": 0
  },
  {
    "id": "1e4744c9-dade-49d6-86e2-c34ebb858e21",
    "data": [
      {
        "text": "j\u0027ai besoin de l\u0027adresse de tes créateurs",
        "userDefined": false
      }
    ],
    "isTemplate": false,
    "count": 0,
    "updated": 0
  },
  {
    "id": "eeba30e5-8489-49c8-96a5-c9ac89a0e1ba",
    "data": [
      {
        "text": "c\u0027est quoi l\u0027adresse de tes développeurs",
        "userDefined": false
      }
    ],
    "isTemplate": false,
    "count": 0,
    "updated": 0
  },
  {
    "id": "2a3e9952-e26f-4df3-a96a-140c8acb3dfc",
    "data": [
      {
        "text": "donne-moi l\u0027adresse de ton entreprise",
        "userDefined": false
      }
    ],
    "isTemplate": false,
    "count": 0,
    "updated": 0
  },
  {
    "id": "66132e54-6faf-4f9a-8a21-b5c05614ab88",
    "data": [
      {
        "text": "quelle est ",
        "userDefined": false
      },
      {
        "text": "l",
        "meta": "@sys.ignore",
        "userDefined": false
      },
      {
        "text": "\u0027adresse ",
        "userDefined": false
      },
      {
        "text": "de",
        "meta": "@sys.ignore",
        "userDefined": false
      },
      {
        "text": " tes concepteurs",
        "userDefined": false
      }
    ],
    "isTemplate": false,
    "count": 0,
    "updated": 0
  }
]