[
  {
    "id": "f5fe31d3-ee9b-44c8-b6b8-36618d833f83",
    "data": [
      {
        "text": "et que ",
        "userDefined": false
      },
      {
        "text": "le micro ne fonctionne pas",
        "alias": "message",
        "meta": "@sys.any",
        "userDefined": true
      }
    ],
    "isTemplate": false,
    "count": 0,
    "updated": 0
  },
  {
    "id": "3a8776ec-2f4e-46fa-8d4d-3d11fe29f5b1",
    "data": [
      {
        "text": "le micro",
        "alias": "message",
        "meta": "@sys.any",
        "userDefined": true
      },
      {
        "text": " également",
        "userDefined": false
      }
    ],
    "isTemplate": false,
    "count": 0,
    "updated": 0
  },
  {
    "id": "fa17492b-7f68-4ddf-b57c-16a5782a387d",
    "data": [
      {
        "text": "et ",
        "userDefined": false
      },
      {
        "text": "le microphone",
        "alias": "message",
        "meta": "@sys.any",
        "userDefined": true
      }
    ],
    "isTemplate": false,
    "count": 0,
    "updated": 0
  },
  {
    "id": "d4cb3f21-4978-4c40-9cfd-f578815d92f5",
    "data": [
      {
        "text": "le microphone",
        "alias": "message",
        "meta": "@sys.any",
        "userDefined": true
      },
      {
        "text": " aussi",
        "userDefined": false
      }
    ],
    "isTemplate": false,
    "count": 0,
    "updated": 0
  },
  {
    "id": "e0d9239d-979c-4fb8-999d-79f4dc90c53a",
    "data": [
      {
        "text": "et qu\u0027",
        "userDefined": false
      },
      {
        "text": "il y a des problèmes avec ton micro",
        "alias": "message",
        "meta": "@sys.any",
        "userDefined": true
      }
    ],
    "isTemplate": false,
    "count": 0,
    "updated": 0
  },
  {
    "id": "c04f89ca-b988-4e02-9604-942fccd4f79e",
    "data": [
      {
        "text": "et que ",
        "userDefined": false
      },
      {
        "text": "le micro ne fonctionne pas bien",
        "alias": "message",
        "meta": "@sys.any",
        "userDefined": true
      }
    ],
    "isTemplate": false,
    "count": 0,
    "updated": 0
  },
  {
    "id": "36d86062-7b9c-434e-bff6-bba5f9adb3eb",
    "data": [
      {
        "text": "et ",
        "userDefined": false
      },
      {
        "text": "le micro",
        "alias": "message",
        "meta": "@sys.any",
        "userDefined": true
      },
      {
        "text": " aussi",
        "userDefined": false
      }
    ],
    "isTemplate": false,
    "count": 0,
    "updated": 0
  },
  {
    "id": "d2ba22dc-ce7b-43a4-b863-3ed9b5679af7",
    "data": [
      {
        "text": "et",
        "meta": "@sys.ignore",
        "userDefined": false
      },
      {
        "text": " ",
        "userDefined": false
      },
      {
        "text": "le micro ne fonctionne pas",
        "alias": "message",
        "meta": "@sys.any",
        "userDefined": true
      }
    ],
    "isTemplate": false,
    "count": 0,
    "updated": 0
  }
]