[
  {
    "id": "0bcb9eaf-677e-4d1c-9bc6-388c54261c30",
    "data": [
      {
        "text": "Comment contacter les d�veloppeurs ?",
        "userDefined": false
      }
    ],
    "isTemplate": false,
    "count": 0,
    "updated": 0
  },
  {
    "id": "2ec25004-54ef-44c5-b888-9087b054ddfd",
    "data": [
      {
        "text": "as-tu les coordonnées de tes créateurs",
        "userDefined": false
      }
    ],
    "isTemplate": false,
    "count": 0,
    "updated": 0
  },
  {
    "id": "96dc7546-7151-4641-8a0d-a7e6e1934328",
    "data": [
      {
        "text": "peux-tu me donner les coordonnées de tes concepteurs",
        "userDefined": false
      }
    ],
    "isTemplate": false,
    "count": 0,
    "updated": 0
  },
  {
    "id": "bf53ea93-2ef9-4ffa-aedd-5a7c52134b23",
    "data": [
      {
        "text": "donne-moi les coordonnées de tes développeurs",
        "userDefined": false
      }
    ],
    "isTemplate": false,
    "count": 0,
    "updated": 0
  },
  {
    "id": "b41da827-0935-44e3-b3c6-af255f8ca076",
    "data": [
      {
        "text": "je veux contacter tes  créateurs",
        "userDefined": false
      }
    ],
    "isTemplate": false,
    "count": 0,
    "updated": 0
  },
  {
    "id": "664dc273-e668-4b10-b35d-590378f1dfc2",
    "data": [
      {
        "text": "comment faire pour contacter ton entreprise",
        "userDefined": false
      }
    ],
    "isTemplate": false,
    "count": 0,
    "updated": 0
  },
  {
    "id": "bd738d2d-ada9-4481-af49-9fc002519d8f",
    "data": [
      {
        "text": "qu\u0027est-ce que je fais pour contacter tes concepteurs",
        "userDefined": false
      }
    ],
    "isTemplate": false,
    "count": 0,
    "updated": 0
  },
  {
    "id": "d41067cb-69b6-47dd-85bd-1ac8884e6914",
    "data": [
      {
        "text": "comment faire pour contacter tes créateurs",
        "userDefined": false
      }
    ],
    "isTemplate": false,
    "count": 0,
    "updated": 0
  },
  {
    "id": "586e555c-d392-4ee2-b70d-3d6170124803",
    "data": [
      {
        "text": "je veux contacter tes développeurs",
        "userDefined": false
      }
    ],
    "isTemplate": false,
    "count": 0,
    "updated": 0
  },
  {
    "id": "1103f858-a7de-4f14-9646-8202ba3b5c3c",
    "data": [
      {
        "text": "les",
        "meta": "@sys.ignore",
        "userDefined": false
      },
      {
        "text": " coordonnées ",
        "userDefined": false
      },
      {
        "text": "de",
        "meta": "@sys.ignore",
        "userDefined": false
      },
      {
        "text": " tes développeurs",
        "userDefined": false
      }
    ],
    "isTemplate": false,
    "count": 0,
    "updated": 0
  }
]