[
  {
    "id": "4b0df213-bcc9-4e11-9816-0228861534f4",
    "data": [
      {
        "text": "le numéro de ",
        "userDefined": false
      },
      {
        "text": "téléphone",
        "meta": "@sys.ignore",
        "userDefined": false
      },
      {
        "text": " aussi maintenant",
        "userDefined": false
      }
    ],
    "isTemplate": false,
    "count": 0,
    "updated": 0
  },
  {
    "id": "f633eff7-3979-4e12-95f3-528d5aa91b60",
    "data": [
      {
        "text": "et le numéro de ",
        "userDefined": false
      },
      {
        "text": "téléphone",
        "meta": "@sys.ignore",
        "userDefined": false
      }
    ],
    "isTemplate": false,
    "count": 0,
    "updated": 0
  },
  {
    "id": "ce715083-918f-4a8b-9acb-9dda6188798e",
    "data": [
      {
        "text": "leur numéro maintenant s\u0027il te plaît",
        "userDefined": false
      }
    ],
    "isTemplate": false,
    "count": 0,
    "updated": 0
  },
  {
    "id": "ccccd8f4-e538-4259-97ee-2a17722d74e0",
    "data": [
      {
        "text": "leur numéro aussi",
        "userDefined": false
      }
    ],
    "isTemplate": false,
    "count": 0,
    "updated": 0
  },
  {
    "id": "d6194ec9-e3d1-4d27-923e-1ba0ae37e498",
    "data": [
      {
        "text": "et leur numéro de ",
        "userDefined": false
      },
      {
        "text": "téléphone",
        "meta": "@sys.ignore",
        "userDefined": false
      }
    ],
    "isTemplate": false,
    "count": 0,
    "updated": 0
  },
  {
    "id": "ea4c6ec5-2c1d-4cba-85d7-e11e35d0c30e",
    "data": [
      {
        "text": "et le numéro téléphonique",
        "userDefined": false
      }
    ],
    "isTemplate": false,
    "count": 0,
    "updated": 0
  },
  {
    "id": "d7e88687-5561-4d1a-8f42-e1fa7863a541",
    "data": [
      {
        "text": "maintenant",
        "meta": "@sys.ignore",
        "userDefined": false
      },
      {
        "text": " leur numéro ",
        "userDefined": false
      },
      {
        "text": "de",
        "meta": "@sys.ignore",
        "userDefined": false
      },
      {
        "text": " ",
        "userDefined": false
      },
      {
        "text": "téléphone",
        "meta": "@sys.ignore",
        "userDefined": false
      }
    ],
    "isTemplate": false,
    "count": 0,
    "updated": 0
  }
]