[
  {
    "id": "b998e27b-7718-43f1-8f62-9d1d9f85d8a5",
    "data": [
      {
        "text": "et ta page web",
        "userDefined": false
      }
    ],
    "isTemplate": false,
    "count": 0,
    "updated": 0
  },
  {
    "id": "c2d6fe12-7fba-4328-b8a6-123aaf0655ce",
    "data": [
      {
        "text": "maintenant ton site web",
        "userDefined": false
      }
    ],
    "isTemplate": false,
    "count": 0,
    "updated": 0
  },
  {
    "id": "43267e6e-ab97-4649-9eb2-656f5d8870b9",
    "data": [
      {
        "text": "et ton site web s\u0027il te plaît",
        "userDefined": false
      }
    ],
    "isTemplate": false,
    "count": 0,
    "updated": 0
  },
  {
    "id": "f557c0d2-b6d9-49a4-ac01-1db22a283a46",
    "data": [
      {
        "text": "ton site",
        "userDefined": false
      }
    ],
    "isTemplate": false,
    "count": 0,
    "updated": 0
  },
  {
    "id": "a0c635b9-5da5-46f4-940c-99fcfff9bd19",
    "data": [
      {
        "text": "le site",
        "userDefined": false
      }
    ],
    "isTemplate": false,
    "count": 0,
    "updated": 0
  },
  {
    "id": "e7f74340-69c0-4b2e-b3c8-43f17ead00f2",
    "data": [
      {
        "text": "le site web également",
        "userDefined": false
      }
    ],
    "isTemplate": false,
    "count": 0,
    "updated": 0
  },
  {
    "id": "391a4429-e8ec-4167-a1d9-b5af680d9c7c",
    "data": [
      {
        "text": "le site web",
        "userDefined": false
      }
    ],
    "isTemplate": false,
    "count": 0,
    "updated": 0
  },
  {
    "id": "7a76bc0c-b518-49a1-aee3-3e36e0e35ae2",
    "data": [
      {
        "text": "maintenant le site web",
        "userDefined": false
      }
    ],
    "isTemplate": false,
    "count": 0,
    "updated": 0
  },
  {
    "id": "5ddf282e-6e9f-4fb1-ba82-8ada402e1f06",
    "data": [
      {
        "text": "et le site aussi",
        "userDefined": false
      }
    ],
    "isTemplate": false,
    "count": 1,
    "updated": 0
  },
  {
    "id": "f1d819bd-8ac4-48b9-bb16-82a28075632b",
    "data": [
      {
        "text": "et",
        "meta": "@sys.ignore",
        "userDefined": false
      },
      {
        "text": " leur site web",
        "userDefined": false
      }
    ],
    "isTemplate": false,
    "count": 0,
    "updated": 0
  }
]