[
  {
    "id": "9d4b1d67-b999-4941-8368-f516083c206c",
    "data": [
      {
        "text": "ta page ",
        "userDefined": false
      },
      {
        "text": "facebook",
        "alias": "media",
        "meta": "@media",
        "userDefined": false
      }
    ],
    "isTemplate": false,
    "count": 0,
    "updated": 0
  },
  {
    "id": "9bd05176-31d1-4297-8fdc-9a74f18b770d",
    "data": [
      {
        "text": "maintenant ta page ",
        "userDefined": false
      },
      {
        "text": "instagram",
        "alias": "media",
        "meta": "@media",
        "userDefined": false
      }
    ],
    "isTemplate": false,
    "count": 0,
    "updated": 0
  },
  {
    "id": "64e4d6f5-67db-4f4a-88c8-2ae56bba9210",
    "data": [
      {
        "text": "et ",
        "userDefined": false
      },
      {
        "text": "instagram",
        "alias": "media",
        "meta": "@media",
        "userDefined": true
      },
      {
        "text": " aussi",
        "userDefined": false
      }
    ],
    "isTemplate": false,
    "count": 0,
    "updated": 0
  },
  {
    "id": "b02fe07e-004e-4849-94a2-8404f35ffd20",
    "data": [
      {
        "text": "maintenant ta page ",
        "userDefined": false
      },
      {
        "text": "facebook",
        "alias": "media",
        "meta": "@media",
        "userDefined": false
      }
    ],
    "isTemplate": false,
    "count": 0,
    "updated": 0
  },
  {
    "id": "7924d939-dc65-4535-9719-637d70d8a2db",
    "data": [
      {
        "text": "twitter",
        "alias": "media",
        "meta": "@media",
        "userDefined": false
      }
    ],
    "isTemplate": false,
    "count": 0,
    "updated": 0
  },
  {
    "id": "cf1c6654-7d82-4a27-9889-415d1320f6af",
    "data": [
      {
        "text": "et ",
        "userDefined": false
      },
      {
        "text": "twitter",
        "alias": "media",
        "meta": "@media",
        "userDefined": false
      }
    ],
    "isTemplate": false,
    "count": 1,
    "updated": 0
  },
  {
    "id": "d5f19c3a-9251-4df8-9f57-7060845013e0",
    "data": [
      {
        "text": "et",
        "meta": "@sys.ignore",
        "userDefined": false
      },
      {
        "text": " leur page ",
        "userDefined": false
      },
      {
        "text": "twitter",
        "alias": "media",
        "meta": "@media",
        "userDefined": true
      }
    ],
    "isTemplate": false,
    "count": 0,
    "updated": 0
  }
]