[
  {
    "id": "348d1741-c6ad-4b44-ade1-24c33570c27d",
    "data": [
      {
        "text": "et ajoute que ",
        "userDefined": false
      },
      {
        "text": "le micro ne fonctionne pas du tout",
        "alias": "message",
        "meta": "@sys.any",
        "userDefined": true
      }
    ],
    "isTemplate": false,
    "count": 0,
    "updated": 0
  },
  {
    "id": "e0ce2980-65eb-4b6a-a569-5c999aa34525",
    "data": [
      {
        "text": "ajoute que ",
        "userDefined": false
      },
      {
        "text": "je n\u0027aime pas les avatars",
        "alias": "message",
        "meta": "@sys.any",
        "userDefined": true
      }
    ],
    "isTemplate": false,
    "count": 0,
    "updated": 0
  },
  {
    "id": "a6c4d54e-ce6f-41a0-93d4-2972d2bd3ca3",
    "data": [
      {
        "text": "et j\u0027ai des problèmes niveau ",
        "userDefined": false
      },
      {
        "text": "microphone",
        "alias": "message",
        "meta": "@sys.any",
        "userDefined": true
      }
    ],
    "isTemplate": false,
    "count": 0,
    "updated": 0
  },
  {
    "id": "4ad435a2-c486-4cdb-a4d2-67e69e09f745",
    "data": [
      {
        "text": "et que ",
        "userDefined": false
      },
      {
        "text": "le micro ne marche pas",
        "alias": "message",
        "meta": "@sys.any",
        "userDefined": true
      }
    ],
    "isTemplate": false,
    "count": 0,
    "updated": 0
  },
  {
    "id": "cbe76858-978e-4d3a-a02d-b703f6d18c2a",
    "data": [
      {
        "text": "que ",
        "userDefined": false
      },
      {
        "text": "le micro ne fonctionne pas correctement",
        "alias": "message",
        "meta": "@sys.any",
        "userDefined": true
      }
    ],
    "isTemplate": false,
    "count": 0,
    "updated": 0
  },
  {
    "id": "2d474427-30f3-4304-855b-651a57d16812",
    "data": [
      {
        "text": "et que j\u0027ai des soucis avec ",
        "userDefined": false
      },
      {
        "text": "des avatars",
        "alias": "message",
        "meta": "@sys.any",
        "userDefined": true
      }
    ],
    "isTemplate": false,
    "count": 0,
    "updated": 0
  },
  {
    "id": "9c8d08c4-5812-4e49-9c17-eb3c2dd99e7d",
    "data": [
      {
        "text": "et qu\u0027il y a ",
        "userDefined": false
      },
      {
        "text": "un",
        "meta": "@sys.ignore",
        "userDefined": false
      },
      {
        "text": " problème avec ",
        "userDefined": false
      },
      {
        "text": "le micro",
        "alias": "message",
        "meta": "@sys.any",
        "userDefined": true
      }
    ],
    "isTemplate": false,
    "count": 0,
    "updated": 0
  },
  {
    "id": "1432012c-c967-4756-8b60-495697db8ef4",
    "data": [
      {
        "text": "et",
        "meta": "@sys.ignore",
        "userDefined": false
      },
      {
        "text": " que ",
        "userDefined": false
      },
      {
        "text": "j\u0027ai un problème",
        "alias": "message",
        "meta": "@sys.any",
        "userDefined": true
      }
    ],
    "isTemplate": false,
    "count": 0,
    "updated": 0
  }
]